mode: set
github.com/jaas/jaas/internal/employee/services/document_service.go:32.27,38.2 1 0
github.com/jaas/jaas/internal/employee/services/document_service.go:40.156,42.16 2 0
github.com/jaas/jaas/internal/employee/services/document_service.go:42.16,44.3 1 0
github.com/jaas/jaas/internal/employee/services/document_service.go:45.2,45.20 1 0
github.com/jaas/jaas/internal/employee/services/document_service.go:45.20,47.3 1 0
github.com/jaas/jaas/internal/employee/services/document_service.go:49.2,59.56 3 0
github.com/jaas/jaas/internal/employee/services/document_service.go:59.56,61.3 1 0
github.com/jaas/jaas/internal/employee/services/document_service.go:63.2,63.37 1 0
github.com/jaas/jaas/internal/employee/services/document_service.go:66.124,68.16 2 0
github.com/jaas/jaas/internal/employee/services/document_service.go:68.16,70.3 1 0
github.com/jaas/jaas/internal/employee/services/document_service.go:72.2,73.22 2 0
github.com/jaas/jaas/internal/employee/services/document_service.go:73.22,75.3 1 0
github.com/jaas/jaas/internal/employee/services/document_service.go:76.2,76.17 1 0
github.com/jaas/jaas/internal/employee/services/document_service.go:79.144,81.16 2 0
github.com/jaas/jaas/internal/employee/services/document_service.go:81.16,83.3 1 0
github.com/jaas/jaas/internal/employee/services/document_service.go:85.2,85.54 1 0
github.com/jaas/jaas/internal/employee/services/document_service.go:85.54,87.3 1 0
github.com/jaas/jaas/internal/employee/services/document_service.go:89.2,93.56 4 0
github.com/jaas/jaas/internal/employee/services/document_service.go:93.56,95.3 1 0
github.com/jaas/jaas/internal/employee/services/document_service.go:97.2,97.24 1 0
github.com/jaas/jaas/internal/employee/services/document_service.go:97.24,100.3 2 0
github.com/jaas/jaas/internal/employee/services/document_service.go:102.2,102.37 1 0
github.com/jaas/jaas/internal/employee/services/document_service.go:105.75,106.14 1 0
github.com/jaas/jaas/internal/employee/services/document_service.go:106.14,108.3 1 0
github.com/jaas/jaas/internal/employee/services/document_service.go:109.2,120.3 1 0
github.com/jaas/jaas/internal/employee/services/employee_service.go:49.19,58.2 1 0
github.com/jaas/jaas/internal/employee/services/employee_service.go:60.145,61.74 1 0
github.com/jaas/jaas/internal/employee/services/employee_service.go:61.74,63.3 1 0
github.com/jaas/jaas/internal/employee/services/employee_service.go:64.2,64.78 1 0
github.com/jaas/jaas/internal/employee/services/employee_service.go:64.78,66.3 1 0
github.com/jaas/jaas/internal/employee/services/employee_service.go:69.2,69.22 1 0
github.com/jaas/jaas/internal/employee/services/employee_service.go:69.22,71.32 2 0
github.com/jaas/jaas/internal/employee/services/employee_service.go:71.32,73.4 1 0
github.com/jaas/jaas/internal/employee/services/employee_service.go:77.2,78.16 2 0
github.com/jaas/jaas/internal/employee/services/employee_service.go:78.16,80.3 1 0
github.com/jaas/jaas/internal/employee/services/employee_service.go:81.2,81.21 1 0
github.com/jaas/jaas/internal/employee/services/employee_service.go:81.21,83.3 1 0
github.com/jaas/jaas/internal/employee/services/employee_service.go:86.2,87.29 2 0
github.com/jaas/jaas/internal/employee/services/employee_service.go:87.29,89.3 1 0
github.com/jaas/jaas/internal/employee/services/employee_service.go:91.2,93.75 3 0
github.com/jaas/jaas/internal/employee/services/employee_service.go:93.75,95.3 1 0
github.com/jaas/jaas/internal/employee/services/employee_service.go:97.2,114.23 5 0
github.com/jaas/jaas/internal/employee/services/employee_service.go:114.23,116.3 1 0
github.com/jaas/jaas/internal/employee/services/employee_service.go:118.2,147.17 7 0
github.com/jaas/jaas/internal/employee/services/employee_service.go:147.17,148.67 1 0
github.com/jaas/jaas/internal/employee/services/employee_service.go:148.67,150.57 2 0
github.com/jaas/jaas/internal/employee/services/employee_service.go:150.57,152.5 1 0
github.com/jaas/jaas/internal/employee/services/employee_service.go:153.4,153.54 1 0
github.com/jaas/jaas/internal/employee/services/employee_service.go:153.54,155.5 1 0
github.com/jaas/jaas/internal/employee/services/employee_service.go:156.4,156.51 1 0
github.com/jaas/jaas/internal/employee/services/employee_service.go:156.51,158.5 1 0
github.com/jaas/jaas/internal/employee/services/employee_service.go:159.4,159.52 1 0
github.com/jaas/jaas/internal/employee/services/employee_service.go:159.52,161.5 1 0
github.com/jaas/jaas/internal/employee/services/employee_service.go:164.4,178.34 4 0
github.com/jaas/jaas/internal/employee/services/employee_service.go:180.3,180.17 1 0
github.com/jaas/jaas/internal/employee/services/employee_service.go:180.17,182.4 1 0
github.com/jaas/jaas/internal/employee/services/employee_service.go:183.8,186.28 2 0
github.com/jaas/jaas/internal/employee/services/employee_service.go:186.28,188.4 1 0
github.com/jaas/jaas/internal/employee/services/employee_service.go:191.2,194.24 3 0
github.com/jaas/jaas/internal/employee/services/employee_service.go:194.24,197.3 2 0
github.com/jaas/jaas/internal/employee/services/employee_service.go:199.2,199.41 1 0
github.com/jaas/jaas/internal/employee/services/employee_service.go:202.111,204.16 2 0
github.com/jaas/jaas/internal/employee/services/employee_service.go:204.16,206.3 1 0
github.com/jaas/jaas/internal/employee/services/employee_service.go:207.2,207.20 1 0
github.com/jaas/jaas/internal/employee/services/employee_service.go:207.20,209.3 1 0
github.com/jaas/jaas/internal/employee/services/employee_service.go:210.2,210.41 1 0
github.com/jaas/jaas/internal/employee/services/employee_service.go:213.119,215.16 2 0
github.com/jaas/jaas/internal/employee/services/employee_service.go:215.16,217.3 1 0
github.com/jaas/jaas/internal/employee/services/employee_service.go:218.2,218.20 1 0
github.com/jaas/jaas/internal/employee/services/employee_service.go:218.20,220.3 1 0
github.com/jaas/jaas/internal/employee/services/employee_service.go:221.2,221.41 1 0
github.com/jaas/jaas/internal/employee/services/employee_service.go:224.139,226.16 2 0
github.com/jaas/jaas/internal/employee/services/employee_service.go:226.16,228.3 1 0
github.com/jaas/jaas/internal/employee/services/employee_service.go:230.2,231.26 2 0
github.com/jaas/jaas/internal/employee/services/employee_service.go:231.26,233.3 1 0
github.com/jaas/jaas/internal/employee/services/employee_service.go:234.2,234.24 1 0
github.com/jaas/jaas/internal/employee/services/employee_service.go:237.141,239.16 2 0
github.com/jaas/jaas/internal/employee/services/employee_service.go:239.16,241.3 1 0
github.com/jaas/jaas/internal/employee/services/employee_service.go:242.2,242.20 1 0
github.com/jaas/jaas/internal/employee/services/employee_service.go:242.20,244.3 1 0
github.com/jaas/jaas/internal/employee/services/employee_service.go:246.2,246.26 1 0
github.com/jaas/jaas/internal/employee/services/employee_service.go:246.26,248.3 1 0
github.com/jaas/jaas/internal/employee/services/employee_service.go:249.2,249.25 1 0
github.com/jaas/jaas/internal/employee/services/employee_service.go:249.25,251.3 1 0
github.com/jaas/jaas/internal/employee/services/employee_service.go:252.2,252.28 1 0
github.com/jaas/jaas/internal/employee/services/employee_service.go:252.28,254.3 1 0
github.com/jaas/jaas/internal/employee/services/employee_service.go:255.2,255.23 1 0
github.com/jaas/jaas/internal/employee/services/employee_service.go:255.23,257.3 1 0
github.com/jaas/jaas/internal/employee/services/employee_service.go:258.2,258.28 1 0
github.com/jaas/jaas/internal/employee/services/employee_service.go:258.28,260.3 1 0
github.com/jaas/jaas/internal/employee/services/employee_service.go:261.2,261.30 1 0
github.com/jaas/jaas/internal/employee/services/employee_service.go:261.30,263.3 1 0
github.com/jaas/jaas/internal/employee/services/employee_service.go:264.2,264.27 1 0
github.com/jaas/jaas/internal/employee/services/employee_service.go:264.27,266.3 1 0
github.com/jaas/jaas/internal/employee/services/employee_service.go:267.2,267.26 1 0
github.com/jaas/jaas/internal/employee/services/employee_service.go:267.26,269.3 1 0
github.com/jaas/jaas/internal/employee/services/employee_service.go:271.2,271.64 1 0
github.com/jaas/jaas/internal/employee/services/employee_service.go:271.64,273.3 1 0
github.com/jaas/jaas/internal/employee/services/employee_service.go:275.2,275.41 1 0
github.com/jaas/jaas/internal/employee/services/employee_service.go:278.159,280.16 2 0
github.com/jaas/jaas/internal/employee/services/employee_service.go:280.16,282.3 1 0
github.com/jaas/jaas/internal/employee/services/employee_service.go:283.2,283.20 1 0
github.com/jaas/jaas/internal/employee/services/employee_service.go:283.20,285.3 1 0
github.com/jaas/jaas/internal/employee/services/employee_service.go:287.2,287.28 1 0
github.com/jaas/jaas/internal/employee/services/employee_service.go:287.28,292.3 2 0
github.com/jaas/jaas/internal/employee/services/employee_service.go:294.2,294.30 1 0
github.com/jaas/jaas/internal/employee/services/employee_service.go:294.30,296.3 1 0
github.com/jaas/jaas/internal/employee/services/employee_service.go:297.2,297.31 1 0
github.com/jaas/jaas/internal/employee/services/employee_service.go:297.31,299.3 1 0
github.com/jaas/jaas/internal/employee/services/employee_service.go:300.2,300.33 1 0
github.com/jaas/jaas/internal/employee/services/employee_service.go:300.33,302.3 1 0
github.com/jaas/jaas/internal/employee/services/employee_service.go:303.2,303.34 1 0
github.com/jaas/jaas/internal/employee/services/employee_service.go:303.34,304.86 1 0
github.com/jaas/jaas/internal/employee/services/employee_service.go:304.86,306.4 1 0
github.com/jaas/jaas/internal/employee/services/employee_service.go:307.3,308.15 2 0
github.com/jaas/jaas/internal/employee/services/employee_service.go:308.15,310.4 1 0
github.com/jaas/jaas/internal/employee/services/employee_service.go:311.3,311.41 1 0
github.com/jaas/jaas/internal/employee/services/employee_service.go:314.2,314.79 1 0
github.com/jaas/jaas/internal/employee/services/employee_service.go:314.79,316.3 1 0
github.com/jaas/jaas/internal/employee/services/employee_service.go:318.2,318.41 1 0
github.com/jaas/jaas/internal/employee/services/employee_service.go:321.153,322.62 1 0
github.com/jaas/jaas/internal/employee/services/employee_service.go:322.62,324.3 1 0
github.com/jaas/jaas/internal/employee/services/employee_service.go:326.2,327.16 2 0
github.com/jaas/jaas/internal/employee/services/employee_service.go:327.16,329.3 1 0
github.com/jaas/jaas/internal/employee/services/employee_service.go:330.2,330.20 1 0
github.com/jaas/jaas/internal/employee/services/employee_service.go:330.20,332.3 1 0
github.com/jaas/jaas/internal/employee/services/employee_service.go:334.2,336.28 3 0
github.com/jaas/jaas/internal/employee/services/employee_service.go:336.28,338.3 1 0
github.com/jaas/jaas/internal/employee/services/employee_service.go:340.2,340.76 1 0
github.com/jaas/jaas/internal/employee/services/employee_service.go:340.76,342.3 1 0
github.com/jaas/jaas/internal/employee/services/employee_service.go:344.2,349.17 5 0
github.com/jaas/jaas/internal/employee/services/employee_service.go:349.17,350.67 1 0
github.com/jaas/jaas/internal/employee/services/employee_service.go:350.67,352.57 2 0
github.com/jaas/jaas/internal/employee/services/employee_service.go:352.57,354.5 1 0
github.com/jaas/jaas/internal/employee/services/employee_service.go:355.4,355.39 1 0
github.com/jaas/jaas/internal/employee/services/employee_service.go:355.39,356.91 1 0
github.com/jaas/jaas/internal/employee/services/employee_service.go:356.91,358.6 1 0
github.com/jaas/jaas/internal/employee/services/employee_service.go:362.4,362.38 1 0
github.com/jaas/jaas/internal/employee/services/employee_service.go:362.38,363.99 1 0
github.com/jaas/jaas/internal/employee/services/employee_service.go:363.99,365.64 2 0
github.com/jaas/jaas/internal/employee/services/employee_service.go:365.64,367.7 1 0
github.com/jaas/jaas/internal/employee/services/employee_service.go:372.4,380.36 3 0
github.com/jaas/jaas/internal/employee/services/employee_service.go:382.3,382.17 1 0
github.com/jaas/jaas/internal/employee/services/employee_service.go:382.17,384.4 1 0
github.com/jaas/jaas/internal/employee/services/employee_service.go:385.8,387.3 1 0
github.com/jaas/jaas/internal/employee/services/employee_service.go:389.2,389.24 1 0
github.com/jaas/jaas/internal/employee/services/employee_service.go:389.24,397.3 2 0
github.com/jaas/jaas/internal/employee/services/employee_service.go:399.2,399.41 1 0
github.com/jaas/jaas/internal/employee/services/employee_service.go:402.89,404.16 2 0
github.com/jaas/jaas/internal/employee/services/employee_service.go:404.16,406.3 1 0
github.com/jaas/jaas/internal/employee/services/employee_service.go:407.2,407.20 1 0
github.com/jaas/jaas/internal/employee/services/employee_service.go:407.20,409.3 1 0
github.com/jaas/jaas/internal/employee/services/employee_service.go:410.2,411.48 2 0
github.com/jaas/jaas/internal/employee/services/employee_service.go:414.74,415.14 1 0
github.com/jaas/jaas/internal/employee/services/employee_service.go:415.14,417.3 1 0
github.com/jaas/jaas/internal/employee/services/employee_service.go:418.2,436.31 2 0
github.com/jaas/jaas/internal/employee/services/employee_service.go:436.31,447.3 1 0
github.com/jaas/jaas/internal/employee/services/employee_service.go:449.2,449.22 1 0
github.com/jaas/jaas/internal/employee/services/employee_service.go:449.22,458.3 1 0
github.com/jaas/jaas/internal/employee/services/employee_service.go:460.2,460.12 1 0
github.com/jaas/jaas/internal/employee/services/employee_service.go:466.137,469.14 3 0
github.com/jaas/jaas/internal/employee/services/employee_service.go:469.14,470.17 1 0
github.com/jaas/jaas/internal/employee/services/employee_service.go:470.17,472.4 1 0
github.com/jaas/jaas/internal/employee/services/employee_service.go:473.3,473.19 1 0
github.com/jaas/jaas/internal/employee/services/employee_service.go:475.2,475.33 1 0
github.com/jaas/jaas/internal/employee/services/employee_service.go:475.33,477.3 1 0
github.com/jaas/jaas/internal/employee/services/employee_service.go:478.2,478.32 1 0
github.com/jaas/jaas/internal/employee/services/employee_service.go:478.32,480.3 1 0
github.com/jaas/jaas/internal/employee/services/employee_service.go:481.2,481.25 1 0
github.com/jaas/jaas/internal/employee/services/employee_service.go:481.25,483.3 1 0
github.com/jaas/jaas/internal/employee/services/employee_service.go:484.2,484.26 1 0
github.com/jaas/jaas/internal/employee/services/employee_service.go:484.26,486.3 1 0
github.com/jaas/jaas/internal/employee/services/employee_service.go:487.2,487.55 1 0
github.com/jaas/jaas/internal/employee/services/employee_service.go:487.55,488.32 1 0
github.com/jaas/jaas/internal/employee/services/employee_service.go:488.32,490.4 1 0
github.com/jaas/jaas/internal/employee/services/employee_service.go:491.3,491.26 1 0
github.com/jaas/jaas/internal/employee/services/employee_service.go:493.2,493.54 1 0
github.com/jaas/jaas/internal/employee/services/employee_service.go:493.54,494.31 1 0
github.com/jaas/jaas/internal/employee/services/employee_service.go:494.31,496.4 1 0
github.com/jaas/jaas/internal/employee/services/employee_service.go:497.3,497.24 1 0
github.com/jaas/jaas/internal/employee/services/employee_service.go:497.24,500.4 2 0
github.com/jaas/jaas/internal/employee/services/employee_service.go:502.2,502.16 1 0
github.com/jaas/jaas/internal/employee/services/employee_service.go:502.16,503.24 1 0
github.com/jaas/jaas/internal/employee/services/employee_service.go:503.24,505.4 1 0
github.com/jaas/jaas/internal/employee/services/employee_service.go:506.3,506.24 1 0
github.com/jaas/jaas/internal/employee/services/employee_service.go:508.2,508.18 1 0
github.com/jaas/jaas/internal/employee/services/event_consumer.go:21.85,26.2 1 0
github.com/jaas/jaas/internal/employee/services/event_consumer.go:28.102,30.34 2 0
github.com/jaas/jaas/internal/employee/services/event_consumer.go:30.34,31.22 1 0
github.com/jaas/jaas/internal/employee/services/event_consumer.go:31.22,33.4 1 0
github.com/jaas/jaas/internal/employee/services/event_consumer.go:34.3,34.13 1 0
github.com/jaas/jaas/internal/employee/services/event_consumer.go:39.2,39.24 1 0
github.com/jaas/jaas/internal/employee/services/event_consumer.go:40.44,41.13 1 0
github.com/jaas/jaas/internal/employee/services/event_consumer.go:44.2,51.12 3 0
github.com/jaas/jaas/internal/employee/services/statutory_service.go:26.28,31.2 1 0
github.com/jaas/jaas/internal/employee/services/statutory_service.go:33.151,35.16 2 0
github.com/jaas/jaas/internal/employee/services/statutory_service.go:35.16,37.3 1 0
github.com/jaas/jaas/internal/employee/services/statutory_service.go:38.2,38.17 1 0
github.com/jaas/jaas/internal/employee/services/statutory_service.go:38.17,40.3 1 0
github.com/jaas/jaas/internal/employee/services/statutory_service.go:42.2,49.15 2 0
github.com/jaas/jaas/internal/employee/services/statutory_service.go:49.15,53.3 3 0
github.com/jaas/jaas/internal/employee/services/statutory_service.go:53.8,57.3 3 0
github.com/jaas/jaas/internal/employee/services/statutory_service.go:59.2,59.17 1 0
github.com/jaas/jaas/internal/employee/services/statutory_service.go:62.159,65.16 2 0
github.com/jaas/jaas/internal/employee/services/statutory_service.go:65.16,67.3 1 0
github.com/jaas/jaas/internal/employee/services/statutory_service.go:68.2,68.20 1 0
github.com/jaas/jaas/internal/employee/services/statutory_service.go:68.20,70.3 1 0
github.com/jaas/jaas/internal/employee/services/statutory_service.go:72.2,82.63 3 0
github.com/jaas/jaas/internal/employee/services/statutory_service.go:82.63,84.3 1 0
github.com/jaas/jaas/internal/employee/services/statutory_service.go:86.2,94.8 1 0
github.com/jaas/jaas/internal/employee/services/statutory_service.go:97.34,98.17 1 0
github.com/jaas/jaas/internal/employee/services/statutory_service.go:98.17,100.3 1 0
github.com/jaas/jaas/internal/employee/services/statutory_service.go:101.2,101.30 1 0
github.com/jaas/jaas/internal/employee/services/timeline_service.go:25.27,30.2 1 0
github.com/jaas/jaas/internal/employee/services/timeline_service.go:32.124,34.16 2 0
github.com/jaas/jaas/internal/employee/services/timeline_service.go:34.16,36.3 1 0
github.com/jaas/jaas/internal/employee/services/timeline_service.go:37.2,37.20 1 0
github.com/jaas/jaas/internal/employee/services/timeline_service.go:37.20,39.3 1 0
github.com/jaas/jaas/internal/employee/services/timeline_service.go:41.2,42.16 2 0
github.com/jaas/jaas/internal/employee/services/timeline_service.go:42.16,44.3 1 0
github.com/jaas/jaas/internal/employee/services/timeline_service.go:46.2,47.27 2 0
github.com/jaas/jaas/internal/employee/services/timeline_service.go:47.27,49.3 1 0
github.com/jaas/jaas/internal/employee/services/timeline_service.go:50.2,50.17 1 0
github.com/jaas/jaas/internal/employee/services/timeline_service.go:53.75,54.14 1 0
github.com/jaas/jaas/internal/employee/services/timeline_service.go:54.14,56.3 1 0
github.com/jaas/jaas/internal/employee/services/timeline_service.go:57.2,65.3 1 0
github.com/jaas/jaas/internal/organization/services/department_service.go:41.21,43.2 1 0
github.com/jaas/jaas/internal/organization/services/department_service.go:45.191,47.16 2 0
github.com/jaas/jaas/internal/organization/services/department_service.go:47.16,49.3 1 0
github.com/jaas/jaas/internal/organization/services/department_service.go:50.2,50.21 1 0
github.com/jaas/jaas/internal/organization/services/department_service.go:50.21,52.3 1 0
github.com/jaas/jaas/internal/organization/services/department_service.go:54.2,55.16 2 0
github.com/jaas/jaas/internal/organization/services/department_service.go:55.16,57.3 1 0
github.com/jaas/jaas/internal/organization/services/department_service.go:58.2,58.21 1 0
github.com/jaas/jaas/internal/organization/services/department_service.go:58.21,60.17 2 0
github.com/jaas/jaas/internal/organization/services/department_service.go:60.17,62.4 1 0
github.com/jaas/jaas/internal/organization/services/department_service.go:63.3,63.20 1 0
github.com/jaas/jaas/internal/organization/services/department_service.go:63.20,65.4 1 0
github.com/jaas/jaas/internal/organization/services/department_service.go:66.3,66.84 1 0
github.com/jaas/jaas/internal/organization/services/department_service.go:66.84,68.4 1 0
github.com/jaas/jaas/internal/organization/services/department_service.go:71.2,79.57 3 0
github.com/jaas/jaas/internal/organization/services/department_service.go:79.57,81.3 1 0
github.com/jaas/jaas/internal/organization/services/department_service.go:83.2,88.63 3 0
github.com/jaas/jaas/internal/organization/services/department_service.go:91.134,93.16 2 0
github.com/jaas/jaas/internal/organization/services/department_service.go:93.16,95.3 1 0
github.com/jaas/jaas/internal/organization/services/department_service.go:96.2,96.17 1 0
github.com/jaas/jaas/internal/organization/services/department_service.go:96.17,98.3 1 0
github.com/jaas/jaas/internal/organization/services/department_service.go:99.2,99.63 1 0
github.com/jaas/jaas/internal/organization/services/department_service.go:102.155,104.16 2 0
github.com/jaas/jaas/internal/organization/services/department_service.go:104.16,106.3 1 0
github.com/jaas/jaas/internal/organization/services/department_service.go:107.2,108.23 2 0
github.com/jaas/jaas/internal/organization/services/department_service.go:108.23,110.17 2 0
github.com/jaas/jaas/internal/organization/services/department_service.go:110.17,112.4 1 0
github.com/jaas/jaas/internal/organization/services/department_service.go:113.3,113.17 1 0
github.com/jaas/jaas/internal/organization/services/department_service.go:115.2,115.104 1 0
github.com/jaas/jaas/internal/organization/services/department_service.go:118.170,120.16 2 0
github.com/jaas/jaas/internal/organization/services/department_service.go:120.16,122.3 1 0
github.com/jaas/jaas/internal/organization/services/department_service.go:123.2,123.17 1 0
github.com/jaas/jaas/internal/organization/services/department_service.go:123.17,125.3 1 0
github.com/jaas/jaas/internal/organization/services/department_service.go:127.2,127.66 1 0
github.com/jaas/jaas/internal/organization/services/department_service.go:127.66,129.17 2 0
github.com/jaas/jaas/internal/organization/services/department_service.go:129.17,131.4 1 0
github.com/jaas/jaas/internal/organization/services/department_service.go:132.3,132.48 1 0
github.com/jaas/jaas/internal/organization/services/department_service.go:132.48,134.4 1 0
github.com/jaas/jaas/internal/organization/services/department_service.go:135.3,135.43 1 0
github.com/jaas/jaas/internal/organization/services/department_service.go:137.2,137.28 1 0
github.com/jaas/jaas/internal/organization/services/department_service.go:137.28,139.3 1 0
github.com/jaas/jaas/internal/organization/services/department_service.go:140.2,140.35 1 0
github.com/jaas/jaas/internal/organization/services/department_service.go:140.35,142.17 2 0
github.com/jaas/jaas/internal/organization/services/department_service.go:142.17,144.4 1 0
github.com/jaas/jaas/internal/organization/services/department_service.go:145.3,145.46 1 0
github.com/jaas/jaas/internal/organization/services/department_service.go:145.46,147.4 1 0
github.com/jaas/jaas/internal/organization/services/department_service.go:148.3,148.22 1 0
github.com/jaas/jaas/internal/organization/services/department_service.go:148.22,150.18 2 0
github.com/jaas/jaas/internal/organization/services/department_service.go:150.18,152.5 1 0
github.com/jaas/jaas/internal/organization/services/department_service.go:153.4,153.21 1 0
github.com/jaas/jaas/internal/organization/services/department_service.go:153.21,155.5 1 0
github.com/jaas/jaas/internal/organization/services/department_service.go:158.4,158.84 1 0
github.com/jaas/jaas/internal/organization/services/department_service.go:158.84,160.5 1 0
github.com/jaas/jaas/internal/organization/services/department_service.go:162.3,162.37 1 0
github.com/jaas/jaas/internal/organization/services/department_service.go:165.2,165.57 1 0
github.com/jaas/jaas/internal/organization/services/department_service.go:165.57,167.3 1 0
github.com/jaas/jaas/internal/organization/services/department_service.go:168.2,169.63 2 0
github.com/jaas/jaas/internal/organization/services/department_service.go:173.139,174.84 1 0
github.com/jaas/jaas/internal/organization/services/department_service.go:174.84,176.3 1 0
github.com/jaas/jaas/internal/organization/services/department_service.go:177.2,178.17 2 0
github.com/jaas/jaas/internal/organization/services/department_service.go:178.17,179.23 1 0
github.com/jaas/jaas/internal/organization/services/department_service.go:179.23,181.4 1 0
github.com/jaas/jaas/internal/organization/services/department_service.go:182.3,183.34 2 0
github.com/jaas/jaas/internal/organization/services/department_service.go:183.34,185.4 1 0
github.com/jaas/jaas/internal/organization/services/department_service.go:186.3,186.34 1 0
github.com/jaas/jaas/internal/organization/services/department_service.go:188.2,188.12 1 0
github.com/jaas/jaas/internal/organization/services/department_service.go:191.169,193.16 2 0
github.com/jaas/jaas/internal/organization/services/department_service.go:193.16,195.3 1 0
github.com/jaas/jaas/internal/organization/services/department_service.go:196.2,196.17 1 0
github.com/jaas/jaas/internal/organization/services/department_service.go:196.17,198.3 1 0
github.com/jaas/jaas/internal/organization/services/department_service.go:199.2,199.31 1 0
github.com/jaas/jaas/internal/organization/services/department_service.go:199.31,201.3 1 0
github.com/jaas/jaas/internal/organization/services/department_service.go:203.2,204.16 2 0
github.com/jaas/jaas/internal/organization/services/department_service.go:204.16,206.3 1 0
github.com/jaas/jaas/internal/organization/services/department_service.go:207.2,208.16 2 0
github.com/jaas/jaas/internal/organization/services/department_service.go:208.16,210.3 1 0
github.com/jaas/jaas/internal/organization/services/department_service.go:211.2,211.47 1 0
github.com/jaas/jaas/internal/organization/services/department_service.go:211.47,213.3 1 0
github.com/jaas/jaas/internal/organization/services/department_service.go:214.2,214.11 1 0
github.com/jaas/jaas/internal/organization/services/department_service.go:214.11,216.17 2 0
github.com/jaas/jaas/internal/organization/services/department_service.go:216.17,218.4 1 0
github.com/jaas/jaas/internal/organization/services/department_service.go:219.3,219.27 1 0
github.com/jaas/jaas/internal/organization/services/department_service.go:219.27,220.38 1 0
github.com/jaas/jaas/internal/organization/services/department_service.go:220.38,222.68 2 0
github.com/jaas/jaas/internal/organization/services/department_service.go:222.68,224.6 1 0
github.com/jaas/jaas/internal/organization/services/department_service.go:229.2,230.57 2 0
github.com/jaas/jaas/internal/organization/services/department_service.go:230.57,232.3 1 0
github.com/jaas/jaas/internal/organization/services/department_service.go:233.2,234.63 2 0
github.com/jaas/jaas/internal/organization/services/designation_service.go:33.183,35.2 1 0
github.com/jaas/jaas/internal/organization/services/designation_service.go:37.69,43.2 1 0
github.com/jaas/jaas/internal/organization/services/designation_service.go:45.195,47.16 2 0
github.com/jaas/jaas/internal/organization/services/designation_service.go:47.16,49.3 1 0
github.com/jaas/jaas/internal/organization/services/designation_service.go:50.2,50.21 1 0
github.com/jaas/jaas/internal/organization/services/designation_service.go:50.21,52.3 1 0
github.com/jaas/jaas/internal/organization/services/designation_service.go:53.2,58.50 3 0
github.com/jaas/jaas/internal/organization/services/designation_service.go:58.50,60.3 1 0
github.com/jaas/jaas/internal/organization/services/designation_service.go:61.2,62.31 2 0
github.com/jaas/jaas/internal/organization/services/designation_service.go:65.137,67.16 2 0
github.com/jaas/jaas/internal/organization/services/designation_service.go:67.16,69.3 1 0
github.com/jaas/jaas/internal/organization/services/designation_service.go:70.2,70.14 1 0
github.com/jaas/jaas/internal/organization/services/designation_service.go:70.14,72.3 1 0
github.com/jaas/jaas/internal/organization/services/designation_service.go:73.2,73.31 1 0
github.com/jaas/jaas/internal/organization/services/designation_service.go:76.158,78.16 2 0
github.com/jaas/jaas/internal/organization/services/designation_service.go:78.16,80.3 1 0
github.com/jaas/jaas/internal/organization/services/designation_service.go:81.2,82.21 2 0
github.com/jaas/jaas/internal/organization/services/designation_service.go:82.21,84.3 1 0
github.com/jaas/jaas/internal/organization/services/designation_service.go:85.2,85.105 1 0
github.com/jaas/jaas/internal/organization/services/designation_service.go:88.174,90.16 2 0
github.com/jaas/jaas/internal/organization/services/designation_service.go:90.16,92.3 1 0
github.com/jaas/jaas/internal/organization/services/designation_service.go:93.2,93.14 1 0
github.com/jaas/jaas/internal/organization/services/designation_service.go:93.14,95.3 1 0
github.com/jaas/jaas/internal/organization/services/designation_service.go:96.2,96.66 1 0
github.com/jaas/jaas/internal/organization/services/designation_service.go:96.66,98.17 2 0
github.com/jaas/jaas/internal/organization/services/designation_service.go:98.17,100.4 1 0
github.com/jaas/jaas/internal/organization/services/designation_service.go:101.3,101.45 1 0
github.com/jaas/jaas/internal/organization/services/designation_service.go:101.45,103.4 1 0
github.com/jaas/jaas/internal/organization/services/designation_service.go:104.3,104.42 1 0
github.com/jaas/jaas/internal/organization/services/designation_service.go:106.2,106.22 1 0
github.com/jaas/jaas/internal/organization/services/designation_service.go:106.22,108.3 1 0
github.com/jaas/jaas/internal/organization/services/designation_service.go:109.2,109.28 1 0
github.com/jaas/jaas/internal/organization/services/designation_service.go:109.28,111.3 1 0
github.com/jaas/jaas/internal/organization/services/designation_service.go:112.2,112.50 1 0
github.com/jaas/jaas/internal/organization/services/designation_service.go:112.50,114.3 1 0
github.com/jaas/jaas/internal/organization/services/designation_service.go:115.2,116.31 2 0
github.com/jaas/jaas/internal/organization/services/designation_service.go:119.160,121.16 2 0
github.com/jaas/jaas/internal/organization/services/designation_service.go:121.16,123.3 1 0
github.com/jaas/jaas/internal/organization/services/designation_service.go:124.2,124.14 1 0
github.com/jaas/jaas/internal/organization/services/designation_service.go:124.14,126.3 1 0
github.com/jaas/jaas/internal/organization/services/designation_service.go:127.2,127.28 1 0
github.com/jaas/jaas/internal/organization/services/designation_service.go:127.28,129.3 1 0
github.com/jaas/jaas/internal/organization/services/designation_service.go:131.2,132.16 2 0
github.com/jaas/jaas/internal/organization/services/designation_service.go:132.16,134.3 1 0
github.com/jaas/jaas/internal/organization/services/designation_service.go:135.2,135.18 1 0
github.com/jaas/jaas/internal/organization/services/designation_service.go:135.18,137.3 1 0
github.com/jaas/jaas/internal/organization/services/designation_service.go:138.2,139.50 2 0
github.com/jaas/jaas/internal/organization/services/designation_service.go:139.50,141.3 1 0
github.com/jaas/jaas/internal/organization/services/designation_service.go:142.2,143.31 2 0
github.com/jaas/jaas/internal/organization/services/event_consumer.go:25.64,27.2 1 0
github.com/jaas/jaas/internal/organization/services/event_consumer.go:29.154,30.20 1 0
github.com/jaas/jaas/internal/organization/services/event_consumer.go:31.38,34.53 2 0
github.com/jaas/jaas/internal/organization/services/event_consumer.go:34.53,36.4 1 0
github.com/jaas/jaas/internal/organization/services/event_consumer.go:37.3,37.91 1 0
github.com/jaas/jaas/internal/organization/services/event_consumer.go:38.96,41.13 1 0
github.com/jaas/jaas/internal/organization/services/event_consumer.go:42.10,43.68 1 0
github.com/jaas/jaas/internal/organization/services/helpers.go:30.47,31.26 1 0
github.com/jaas/jaas/internal/organization/services/helpers.go:31.26,33.3 1 0
github.com/jaas/jaas/internal/organization/services/helpers.go:34.2,35.16 2 0
github.com/jaas/jaas/internal/organization/services/helpers.go:35.16,37.3 1 0
github.com/jaas/jaas/internal/organization/services/helpers.go:38.2,38.17 1 0
github.com/jaas/jaas/internal/organization/services/helpers.go:42.42,43.15 1 0
github.com/jaas/jaas/internal/organization/services/helpers.go:43.15,45.3 1 0
github.com/jaas/jaas/internal/organization/services/helpers.go:46.2,47.11 2 0
github.com/jaas/jaas/internal/organization/services/helpers.go:51.152,55.17 4 0
github.com/jaas/jaas/internal/organization/services/helpers.go:55.17,56.17 1 0
github.com/jaas/jaas/internal/organization/services/helpers.go:56.17,58.4 1 0
github.com/jaas/jaas/internal/organization/services/helpers.go:59.3,61.43 3 0
github.com/jaas/jaas/internal/organization/services/helpers.go:61.43,63.4 1 0
github.com/jaas/jaas/internal/organization/services/helpers.go:64.3,65.34 2 0
github.com/jaas/jaas/internal/organization/services/helpers.go:65.34,67.4 1 0
github.com/jaas/jaas/internal/organization/services/helpers.go:68.3,68.34 1 0
github.com/jaas/jaas/internal/organization/services/helpers.go:70.2,70.12 1 0
github.com/jaas/jaas/internal/organization/services/helpers.go:74.162,79.36 5 0
github.com/jaas/jaas/internal/organization/services/helpers.go:79.36,80.36 1 0
github.com/jaas/jaas/internal/organization/services/helpers.go:80.36,81.9 1 0
github.com/jaas/jaas/internal/organization/services/helpers.go:83.3,87.34 5 0
github.com/jaas/jaas/internal/organization/services/helpers.go:87.34,89.4 1 0
github.com/jaas/jaas/internal/organization/services/helpers.go:90.3,90.15 1 0
github.com/jaas/jaas/internal/organization/services/helpers.go:92.2,92.25 1 0
github.com/jaas/jaas/internal/organization/services/helpers.go:95.177,97.16 2 0
github.com/jaas/jaas/internal/organization/services/helpers.go:97.16,99.3 1 0
github.com/jaas/jaas/internal/organization/services/helpers.go:100.2,112.8 1 0
github.com/jaas/jaas/internal/organization/services/helpers.go:118.123,119.78 1 0
github.com/jaas/jaas/internal/organization/services/helpers.go:119.78,121.3 1 0
github.com/jaas/jaas/internal/organization/services/helpers.go:122.2,122.15 1 0
github.com/jaas/jaas/internal/organization/services/helpers.go:122.15,124.3 1 0
github.com/jaas/jaas/internal/organization/services/helpers.go:125.2,126.16 2 0
github.com/jaas/jaas/internal/organization/services/helpers.go:126.16,128.3 1 0
github.com/jaas/jaas/internal/organization/services/helpers.go:129.2,135.4 1 0
github.com/jaas/jaas/internal/organization/services/mapping_service.go:45.18,47.2 1 0
github.com/jaas/jaas/internal/organization/services/mapping_service.go:49.57,57.2 1 0
github.com/jaas/jaas/internal/organization/services/mapping_service.go:60.104,62.16 2 0
github.com/jaas/jaas/internal/organization/services/mapping_service.go:62.16,64.3 1 0
github.com/jaas/jaas/internal/organization/services/mapping_service.go:65.2,65.38 1 0
github.com/jaas/jaas/internal/organization/services/mapping_service.go:65.38,67.3 1 0
github.com/jaas/jaas/internal/organization/services/mapping_service.go:68.2,68.12 1 0
github.com/jaas/jaas/internal/organization/services/mapping_service.go:72.159,73.19 1 0
github.com/jaas/jaas/internal/organization/services/mapping_service.go:73.19,75.17 2 0
github.com/jaas/jaas/internal/organization/services/mapping_service.go:75.17,77.4 1 0
github.com/jaas/jaas/internal/organization/services/mapping_service.go:78.3,78.18 1 0
github.com/jaas/jaas/internal/organization/services/mapping_service.go:78.18,80.4 1 0
github.com/jaas/jaas/internal/organization/services/mapping_service.go:82.2,83.19 2 0
github.com/jaas/jaas/internal/organization/services/mapping_service.go:83.19,85.17 2 0
github.com/jaas/jaas/internal/organization/services/mapping_service.go:85.17,87.4 1 0
github.com/jaas/jaas/internal/organization/services/mapping_service.go:88.3,88.15 1 0
github.com/jaas/jaas/internal/organization/services/mapping_service.go:88.15,90.4 1 0
github.com/jaas/jaas/internal/organization/services/mapping_service.go:91.3,91.11 1 0
github.com/jaas/jaas/internal/organization/services/mapping_service.go:93.2,93.20 1 0
github.com/jaas/jaas/internal/organization/services/mapping_service.go:93.20,95.17 2 0
github.com/jaas/jaas/internal/organization/services/mapping_service.go:95.17,97.4 1 0
github.com/jaas/jaas/internal/organization/services/mapping_service.go:98.3,98.15 1 0
github.com/jaas/jaas/internal/organization/services/mapping_service.go:98.15,100.4 1 0
github.com/jaas/jaas/internal/organization/services/mapping_service.go:102.2,102.66 1 0
github.com/jaas/jaas/internal/organization/services/mapping_service.go:102.66,104.3 1 0
github.com/jaas/jaas/internal/organization/services/mapping_service.go:105.2,105.22 1 0
github.com/jaas/jaas/internal/organization/services/mapping_service.go:105.22,106.25 1 0
github.com/jaas/jaas/internal/organization/services/mapping_service.go:106.25,108.4 1 0
github.com/jaas/jaas/internal/organization/services/mapping_service.go:109.3,109.68 1 0
github.com/jaas/jaas/internal/organization/services/mapping_service.go:109.68,111.4 1 0
github.com/jaas/jaas/internal/organization/services/mapping_service.go:112.3,112.85 1 0
github.com/jaas/jaas/internal/organization/services/mapping_service.go:112.85,114.4 1 0
github.com/jaas/jaas/internal/organization/services/mapping_service.go:116.2,116.12 1 0
github.com/jaas/jaas/internal/organization/services/mapping_service.go:120.122,123.26 3 0
github.com/jaas/jaas/internal/organization/services/mapping_service.go:123.26,124.16 1 0
github.com/jaas/jaas/internal/organization/services/mapping_service.go:124.16,126.4 1 0
github.com/jaas/jaas/internal/organization/services/mapping_service.go:127.3,129.67 3 0
github.com/jaas/jaas/internal/organization/services/mapping_service.go:129.67,131.4 1 0
github.com/jaas/jaas/internal/organization/services/mapping_service.go:132.3,132.31 1 0
github.com/jaas/jaas/internal/organization/services/mapping_service.go:134.2,134.128 1 0
github.com/jaas/jaas/internal/organization/services/mapping_service.go:137.179,139.16 2 0
github.com/jaas/jaas/internal/organization/services/mapping_service.go:139.16,141.3 1 0
github.com/jaas/jaas/internal/organization/services/mapping_service.go:142.2,142.63 1 0
github.com/jaas/jaas/internal/organization/services/mapping_service.go:142.63,144.3 1 0
github.com/jaas/jaas/internal/organization/services/mapping_service.go:145.2,146.16 2 0
github.com/jaas/jaas/internal/organization/services/mapping_service.go:146.16,148.3 1 0
github.com/jaas/jaas/internal/organization/services/mapping_service.go:149.2,150.16 2 0
github.com/jaas/jaas/internal/organization/services/mapping_service.go:150.16,152.3 1 0
github.com/jaas/jaas/internal/organization/services/mapping_service.go:153.2,154.16 2 0
github.com/jaas/jaas/internal/organization/services/mapping_service.go:154.16,156.3 1 0
github.com/jaas/jaas/internal/organization/services/mapping_service.go:157.2,158.16 2 0
github.com/jaas/jaas/internal/organization/services/mapping_service.go:158.16,160.3 1 0
github.com/jaas/jaas/internal/organization/services/mapping_service.go:161.2,161.54 1 0
github.com/jaas/jaas/internal/organization/services/mapping_service.go:161.54,163.3 1 0
github.com/jaas/jaas/internal/organization/services/mapping_service.go:164.2,164.99 1 0
github.com/jaas/jaas/internal/organization/services/mapping_service.go:164.99,166.3 1 0
github.com/jaas/jaas/internal/organization/services/mapping_service.go:167.2,167.19 1 0
github.com/jaas/jaas/internal/organization/services/mapping_service.go:167.19,169.17 2 0
github.com/jaas/jaas/internal/organization/services/mapping_service.go:169.17,171.4 1 0
github.com/jaas/jaas/internal/organization/services/mapping_service.go:172.3,172.22 1 0
github.com/jaas/jaas/internal/organization/services/mapping_service.go:172.22,174.4 1 0
github.com/jaas/jaas/internal/organization/services/mapping_service.go:177.2,182.57 3 0
github.com/jaas/jaas/internal/organization/services/mapping_service.go:182.57,184.3 1 0
github.com/jaas/jaas/internal/organization/services/mapping_service.go:186.2,190.27 3 0
github.com/jaas/jaas/internal/organization/services/mapping_service.go:193.125,195.16 2 0
github.com/jaas/jaas/internal/organization/services/mapping_service.go:195.16,197.3 1 0
github.com/jaas/jaas/internal/organization/services/mapping_service.go:198.2,198.14 1 0
github.com/jaas/jaas/internal/organization/services/mapping_service.go:198.14,200.3 1 0
github.com/jaas/jaas/internal/organization/services/mapping_service.go:201.2,201.27 1 0
github.com/jaas/jaas/internal/organization/services/mapping_service.go:204.158,206.16 2 0
github.com/jaas/jaas/internal/organization/services/mapping_service.go:206.16,208.3 1 0
github.com/jaas/jaas/internal/organization/services/mapping_service.go:209.2,210.21 2 0
github.com/jaas/jaas/internal/organization/services/mapping_service.go:210.21,212.3 1 0
github.com/jaas/jaas/internal/organization/services/mapping_service.go:213.2,213.101 1 0
github.com/jaas/jaas/internal/organization/services/mapping_service.go:216.158,218.16 2 0
github.com/jaas/jaas/internal/organization/services/mapping_service.go:218.16,220.3 1 0
github.com/jaas/jaas/internal/organization/services/mapping_service.go:221.2,221.14 1 0
github.com/jaas/jaas/internal/organization/services/mapping_service.go:221.14,223.3 1 0
github.com/jaas/jaas/internal/organization/services/mapping_service.go:225.2,229.29 5 0
github.com/jaas/jaas/internal/organization/services/mapping_service.go:229.29,231.17 2 0
github.com/jaas/jaas/internal/organization/services/mapping_service.go:231.17,233.4 1 0
github.com/jaas/jaas/internal/organization/services/mapping_service.go:235.2,235.23 1 0
github.com/jaas/jaas/internal/organization/services/mapping_service.go:235.23,237.17 2 0
github.com/jaas/jaas/internal/organization/services/mapping_service.go:237.17,239.4 1 0
github.com/jaas/jaas/internal/organization/services/mapping_service.go:241.2,241.30 1 0
github.com/jaas/jaas/internal/organization/services/mapping_service.go:241.30,243.17 2 0
github.com/jaas/jaas/internal/organization/services/mapping_service.go:243.17,245.4 1 0
github.com/jaas/jaas/internal/organization/services/mapping_service.go:247.2,247.30 1 0
github.com/jaas/jaas/internal/organization/services/mapping_service.go:247.30,249.17 2 0
github.com/jaas/jaas/internal/organization/services/mapping_service.go:249.17,251.4 1 0
github.com/jaas/jaas/internal/organization/services/mapping_service.go:253.2,253.101 1 0
github.com/jaas/jaas/internal/organization/services/mapping_service.go:253.101,255.3 1 0
github.com/jaas/jaas/internal/organization/services/mapping_service.go:256.2,256.60 1 0
github.com/jaas/jaas/internal/organization/services/mapping_service.go:256.60,258.17 2 0
github.com/jaas/jaas/internal/organization/services/mapping_service.go:258.17,260.4 1 0
github.com/jaas/jaas/internal/organization/services/mapping_service.go:261.3,261.45 1 0
github.com/jaas/jaas/internal/organization/services/mapping_service.go:261.45,263.66 2 0
github.com/jaas/jaas/internal/organization/services/mapping_service.go:263.66,265.5 1 0
github.com/jaas/jaas/internal/organization/services/mapping_service.go:267.3,267.21 1 0
github.com/jaas/jaas/internal/organization/services/mapping_service.go:268.8,268.33 1 0
github.com/jaas/jaas/internal/organization/services/mapping_service.go:268.33,270.3 1 0
github.com/jaas/jaas/internal/organization/services/mapping_service.go:271.2,273.57 2 0
github.com/jaas/jaas/internal/organization/services/mapping_service.go:273.57,275.3 1 0
github.com/jaas/jaas/internal/organization/services/mapping_service.go:276.2,277.27 2 0
github.com/jaas/jaas/internal/organization/services/mapping_service.go:280.166,282.16 2 0
github.com/jaas/jaas/internal/organization/services/mapping_service.go:282.16,284.3 1 0
github.com/jaas/jaas/internal/organization/services/mapping_service.go:285.2,285.14 1 0
github.com/jaas/jaas/internal/organization/services/mapping_service.go:285.14,287.3 1 0
github.com/jaas/jaas/internal/organization/services/mapping_service.go:288.2,288.28 1 0
github.com/jaas/jaas/internal/organization/services/mapping_service.go:288.28,290.3 1 0
github.com/jaas/jaas/internal/organization/services/mapping_service.go:291.2,293.57 3 0
github.com/jaas/jaas/internal/organization/services/mapping_service.go:293.57,295.3 1 0
github.com/jaas/jaas/internal/organization/services/mapping_service.go:296.2,297.27 2 0
github.com/jaas/jaas/internal/organization/services/mapping_service.go:301.142,303.16 2 0
github.com/jaas/jaas/internal/organization/services/mapping_service.go:303.16,305.3 1 0
github.com/jaas/jaas/internal/organization/services/mapping_service.go:306.2,306.21 1 0
github.com/jaas/jaas/internal/organization/services/mapping_service.go:306.21,307.32 1 0
github.com/jaas/jaas/internal/organization/services/mapping_service.go:307.32,309.65 2 0
github.com/jaas/jaas/internal/organization/services/mapping_service.go:309.65,311.5 1 0
github.com/jaas/jaas/internal/organization/services/mapping_service.go:314.2,315.16 2 0
github.com/jaas/jaas/internal/organization/services/mapping_service.go:315.16,317.3 1 0
github.com/jaas/jaas/internal/organization/services/mapping_service.go:318.2,318.25 1 0
github.com/jaas/jaas/internal/organization/services/mapping_service.go:318.25,320.68 2 0
github.com/jaas/jaas/internal/organization/services/mapping_service.go:320.68,322.4 1 0
github.com/jaas/jaas/internal/organization/services/mapping_service.go:324.2,325.12 2 0
github.com/jaas/jaas/internal/organization/services/org_chart_service.go:35.84,36.20 1 0
github.com/jaas/jaas/internal/organization/services/org_chart_service.go:36.20,38.3 1 0
github.com/jaas/jaas/internal/organization/services/org_chart_service.go:39.2,39.82 1 0
github.com/jaas/jaas/internal/organization/services/org_chart_service.go:57.19,59.2 1 0
github.com/jaas/jaas/internal/organization/services/org_chart_service.go:61.83,63.2 1 0
github.com/jaas/jaas/internal/organization/services/org_chart_service.go:65.157,66.36 1 0
github.com/jaas/jaas/internal/organization/services/org_chart_service.go:66.36,68.3 1 0
github.com/jaas/jaas/internal/organization/services/org_chart_service.go:69.2,70.20 2 0
github.com/jaas/jaas/internal/organization/services/org_chart_service.go:70.20,71.81 1 0
github.com/jaas/jaas/internal/organization/services/org_chart_service.go:71.81,73.51 2 0
github.com/jaas/jaas/internal/organization/services/org_chart_service.go:73.51,75.5 1 0
github.com/jaas/jaas/internal/organization/services/org_chart_service.go:79.2,80.16 2 0
github.com/jaas/jaas/internal/organization/services/org_chart_service.go:80.16,82.3 1 0
github.com/jaas/jaas/internal/organization/services/org_chart_service.go:83.2,84.23 2 0
github.com/jaas/jaas/internal/organization/services/org_chart_service.go:84.23,85.54 1 0
github.com/jaas/jaas/internal/organization/services/org_chart_service.go:85.54,86.12 1 0
github.com/jaas/jaas/internal/organization/services/org_chart_service.go:88.3,89.17 2 0
github.com/jaas/jaas/internal/organization/services/org_chart_service.go:89.17,91.4 1 0
github.com/jaas/jaas/internal/organization/services/org_chart_service.go:92.3,92.31 1 0
github.com/jaas/jaas/internal/organization/services/org_chart_service.go:94.2,95.20 2 0
github.com/jaas/jaas/internal/organization/services/org_chart_service.go:95.20,96.49 1 0
github.com/jaas/jaas/internal/organization/services/org_chart_service.go:96.49,98.4 1 0
github.com/jaas/jaas/internal/organization/services/org_chart_service.go:100.2,100.18 1 0
github.com/jaas/jaas/internal/organization/services/org_chart_service.go:103.186,105.16 2 0
github.com/jaas/jaas/internal/organization/services/org_chart_service.go:105.16,107.3 1 0
github.com/jaas/jaas/internal/organization/services/org_chart_service.go:108.2,109.16 2 0
github.com/jaas/jaas/internal/organization/services/org_chart_service.go:109.16,111.3 1 0
github.com/jaas/jaas/internal/organization/services/org_chart_service.go:112.2,113.23 2 0
github.com/jaas/jaas/internal/organization/services/org_chart_service.go:113.23,114.54 1 0
github.com/jaas/jaas/internal/organization/services/org_chart_service.go:114.54,115.12 1 0
github.com/jaas/jaas/internal/organization/services/org_chart_service.go:117.3,118.17 2 0
github.com/jaas/jaas/internal/organization/services/org_chart_service.go:118.17,120.4 1 0
github.com/jaas/jaas/internal/organization/services/org_chart_service.go:121.3,127.5 1 0
github.com/jaas/jaas/internal/organization/services/org_chart_service.go:129.2,133.25 2 0
github.com/jaas/jaas/internal/organization/services/org_chart_service.go:133.25,135.3 1 0
github.com/jaas/jaas/internal/organization/services/org_chart_service.go:136.2,137.16 2 0
github.com/jaas/jaas/internal/organization/services/org_chart_service.go:137.16,139.3 1 0
github.com/jaas/jaas/internal/organization/services/org_chart_service.go:140.2,140.26 1 0
github.com/jaas/jaas/internal/organization/services/org_chart_service.go:140.26,141.57 1 0
github.com/jaas/jaas/internal/organization/services/org_chart_service.go:141.57,142.12 1 0
github.com/jaas/jaas/internal/organization/services/org_chart_service.go:144.3,145.17 2 0
github.com/jaas/jaas/internal/organization/services/org_chart_service.go:145.17,147.4 1 0
github.com/jaas/jaas/internal/organization/services/org_chart_service.go:148.3,148.48 1 0
github.com/jaas/jaas/internal/organization/services/org_chart_service.go:150.2,150.18 1 0
github.com/jaas/jaas/internal/organization/services/org_chart_service.go:153.134,155.16 2 0
github.com/jaas/jaas/internal/organization/services/org_chart_service.go:155.16,157.3 1 0
github.com/jaas/jaas/internal/organization/services/org_chart_service.go:158.2,159.20 2 0
github.com/jaas/jaas/internal/organization/services/org_chart_service.go:159.20,161.3 1 0
github.com/jaas/jaas/internal/organization/services/org_chart_service.go:162.2,163.27 2 0
github.com/jaas/jaas/internal/organization/services/org_chart_service.go:163.27,165.17 2 0
github.com/jaas/jaas/internal/organization/services/org_chart_service.go:165.17,167.4 1 0
github.com/jaas/jaas/internal/organization/services/org_chart_service.go:168.3,168.18 1 0
github.com/jaas/jaas/internal/organization/services/org_chart_service.go:168.18,170.18 2 0
github.com/jaas/jaas/internal/organization/services/org_chart_service.go:170.18,172.5 1 0
github.com/jaas/jaas/internal/organization/services/org_chart_service.go:173.4,179.5 1 0
github.com/jaas/jaas/internal/organization/services/org_chart_service.go:182.2,182.33 1 0
github.com/jaas/jaas/internal/organization/services/org_chart_service.go:182.33,184.17 2 0
github.com/jaas/jaas/internal/organization/services/org_chart_service.go:184.17,186.4 1 0
github.com/jaas/jaas/internal/organization/services/org_chart_service.go:187.3,187.18 1 0
github.com/jaas/jaas/internal/organization/services/org_chart_service.go:187.18,189.18 2 0
github.com/jaas/jaas/internal/organization/services/org_chart_service.go:189.18,191.5 1 0
github.com/jaas/jaas/internal/organization/services/org_chart_service.go:192.4,200.19 4 0
github.com/jaas/jaas/internal/organization/services/org_chart_service.go:200.19,202.36 2 0
github.com/jaas/jaas/internal/organization/services/org_chart_service.go:202.36,204.6 1 0
github.com/jaas/jaas/internal/organization/services/org_chart_service.go:205.5,206.19 2 0
github.com/jaas/jaas/internal/organization/services/org_chart_service.go:206.19,208.6 1 0
github.com/jaas/jaas/internal/organization/services/org_chart_service.go:209.5,215.36 2 0
github.com/jaas/jaas/internal/organization/services/org_chart_service.go:219.2,220.16 2 0
github.com/jaas/jaas/internal/organization/services/org_chart_service.go:220.16,222.3 1 0
github.com/jaas/jaas/internal/organization/services/org_chart_service.go:223.2,223.25 1 0
github.com/jaas/jaas/internal/organization/services/org_chart_service.go:223.25,225.3 1 0
github.com/jaas/jaas/internal/organization/services/org_chart_service.go:226.2,226.31 1 0
github.com/jaas/jaas/internal/organization/services/org_chart_service.go:226.31,228.3 1 0
github.com/jaas/jaas/internal/organization/services/org_chart_service.go:229.2,229.18 1 0
github.com/jaas/jaas/internal/organization/services/team_service.go:43.15,45.2 1 0
github.com/jaas/jaas/internal/organization/services/team_service.go:47.123,48.36 1 0
github.com/jaas/jaas/internal/organization/services/team_service.go:48.36,50.3 1 0
github.com/jaas/jaas/internal/organization/services/team_service.go:51.2,52.16 2 0
github.com/jaas/jaas/internal/organization/services/team_service.go:52.16,54.3 1 0
github.com/jaas/jaas/internal/organization/services/team_service.go:55.2,56.16 2 0
github.com/jaas/jaas/internal/organization/services/team_service.go:56.16,58.3 1 0
github.com/jaas/jaas/internal/organization/services/team_service.go:59.2,59.38 1 0
github.com/jaas/jaas/internal/organization/services/team_service.go:59.38,61.3 1 0
github.com/jaas/jaas/internal/organization/services/team_service.go:62.2,62.17 1 0
github.com/jaas/jaas/internal/organization/services/team_service.go:65.131,67.16 2 0
github.com/jaas/jaas/internal/organization/services/team_service.go:67.16,69.3 1 0
github.com/jaas/jaas/internal/organization/services/team_service.go:70.2,75.8 1 0
github.com/jaas/jaas/internal/organization/services/team_service.go:78.167,80.16 2 0
github.com/jaas/jaas/internal/organization/services/team_service.go:80.16,82.3 1 0
github.com/jaas/jaas/internal/organization/services/team_service.go:83.2,84.16 2 0
github.com/jaas/jaas/internal/organization/services/team_service.go:84.16,86.3 1 0
github.com/jaas/jaas/internal/organization/services/team_service.go:87.2,87.17 1 0
github.com/jaas/jaas/internal/organization/services/team_service.go:87.17,89.3 1 0
github.com/jaas/jaas/internal/organization/services/team_service.go:90.2,91.16 2 0
github.com/jaas/jaas/internal/organization/services/team_service.go:91.16,93.3 1 0
github.com/jaas/jaas/internal/organization/services/team_service.go:94.2,94.21 1 0
github.com/jaas/jaas/internal/organization/services/team_service.go:94.21,96.3 1 0
github.com/jaas/jaas/internal/organization/services/team_service.go:97.2,98.16 2 0
github.com/jaas/jaas/internal/organization/services/team_service.go:98.16,100.3 1 0
github.com/jaas/jaas/internal/organization/services/team_service.go:102.2,107.57 3 0
github.com/jaas/jaas/internal/organization/services/team_service.go:107.57,109.3 1 0
github.com/jaas/jaas/internal/organization/services/team_service.go:111.2,115.46 3 0
github.com/jaas/jaas/internal/organization/services/team_service.go:118.116,120.16 2 0
github.com/jaas/jaas/internal/organization/services/team_service.go:120.16,122.3 1 0
github.com/jaas/jaas/internal/organization/services/team_service.go:123.2,123.17 1 0
github.com/jaas/jaas/internal/organization/services/team_service.go:123.17,125.3 1 0
github.com/jaas/jaas/internal/organization/services/team_service.go:126.2,126.46 1 0
github.com/jaas/jaas/internal/organization/services/team_service.go:129.162,131.16 2 0
github.com/jaas/jaas/internal/organization/services/team_service.go:131.16,133.3 1 0
github.com/jaas/jaas/internal/organization/services/team_service.go:134.2,135.23 2 0
github.com/jaas/jaas/internal/organization/services/team_service.go:135.23,137.17 2 0
github.com/jaas/jaas/internal/organization/services/team_service.go:137.17,139.4 1 0
github.com/jaas/jaas/internal/organization/services/team_service.go:140.3,140.17 1 0
github.com/jaas/jaas/internal/organization/services/team_service.go:142.2,142.98 1 0
github.com/jaas/jaas/internal/organization/services/team_service.go:145.146,147.16 2 0
github.com/jaas/jaas/internal/organization/services/team_service.go:147.16,149.3 1 0
github.com/jaas/jaas/internal/organization/services/team_service.go:150.2,150.17 1 0
github.com/jaas/jaas/internal/organization/services/team_service.go:150.17,152.3 1 0
github.com/jaas/jaas/internal/organization/services/team_service.go:154.2,155.28 2 0
github.com/jaas/jaas/internal/organization/services/team_service.go:155.28,157.3 1 0
github.com/jaas/jaas/internal/organization/services/team_service.go:158.2,158.29 1 0
github.com/jaas/jaas/internal/organization/services/team_service.go:158.29,160.17 2 0
github.com/jaas/jaas/internal/organization/services/team_service.go:160.17,162.4 1 0
github.com/jaas/jaas/internal/organization/services/team_service.go:163.3,164.17 2 0
github.com/jaas/jaas/internal/organization/services/team_service.go:164.17,166.4 1 0
github.com/jaas/jaas/internal/organization/services/team_service.go:167.3,167.18 1 0
github.com/jaas/jaas/internal/organization/services/team_service.go:167.18,169.4 1 0
github.com/jaas/jaas/internal/organization/services/team_service.go:170.3,170.29 1 0
github.com/jaas/jaas/internal/organization/services/team_service.go:172.2,172.21 1 0
github.com/jaas/jaas/internal/organization/services/team_service.go:172.21,174.24 2 0
github.com/jaas/jaas/internal/organization/services/team_service.go:174.24,177.18 2 0
github.com/jaas/jaas/internal/organization/services/team_service.go:177.18,179.5 1 0
github.com/jaas/jaas/internal/organization/services/team_service.go:180.4,180.49 1 0
github.com/jaas/jaas/internal/organization/services/team_service.go:180.49,182.5 1 0
github.com/jaas/jaas/internal/organization/services/team_service.go:183.4,183.20 1 0
github.com/jaas/jaas/internal/organization/services/team_service.go:186.2,186.27 1 0
github.com/jaas/jaas/internal/organization/services/team_service.go:186.27,188.17 2 0
github.com/jaas/jaas/internal/organization/services/team_service.go:188.17,190.4 1 0
github.com/jaas/jaas/internal/organization/services/team_service.go:191.3,191.27 1 0
github.com/jaas/jaas/internal/organization/services/team_service.go:194.2,194.57 1 0
github.com/jaas/jaas/internal/organization/services/team_service.go:194.57,196.3 1 0
github.com/jaas/jaas/internal/organization/services/team_service.go:197.2,199.46 2 0
github.com/jaas/jaas/internal/organization/services/team_service.go:202.139,204.16 2 0
github.com/jaas/jaas/internal/organization/services/team_service.go:204.16,206.3 1 0
github.com/jaas/jaas/internal/organization/services/team_service.go:207.2,207.17 1 0
github.com/jaas/jaas/internal/organization/services/team_service.go:207.17,209.3 1 0
github.com/jaas/jaas/internal/organization/services/team_service.go:210.2,210.31 1 0
github.com/jaas/jaas/internal/organization/services/team_service.go:210.31,212.3 1 0
github.com/jaas/jaas/internal/organization/services/team_service.go:213.2,214.16 2 0
github.com/jaas/jaas/internal/organization/services/team_service.go:214.16,216.3 1 0
github.com/jaas/jaas/internal/organization/services/team_service.go:217.2,217.15 1 0
github.com/jaas/jaas/internal/organization/services/team_service.go:217.15,219.3 1 0
github.com/jaas/jaas/internal/organization/services/team_service.go:220.2,221.57 2 0
github.com/jaas/jaas/internal/organization/services/team_service.go:221.57,223.3 1 0
github.com/jaas/jaas/internal/organization/services/team_service.go:224.2,225.46 2 0
github.com/jaas/jaas/internal/employee/services/document_service.go:32.27,38.2 1 0
github.com/jaas/jaas/internal/employee/services/document_service.go:40.156,42.16 2 0
github.com/jaas/jaas/internal/employee/services/document_service.go:42.16,44.3 1 0
github.com/jaas/jaas/internal/employee/services/document_service.go:45.2,45.20 1 0
github.com/jaas/jaas/internal/employee/services/document_service.go:45.20,47.3 1 0
github.com/jaas/jaas/internal/employee/services/document_service.go:49.2,59.56 3 0
github.com/jaas/jaas/internal/employee/services/document_service.go:59.56,61.3 1 0
github.com/jaas/jaas/internal/employee/services/document_service.go:63.2,63.37 1 0
github.com/jaas/jaas/internal/employee/services/document_service.go:66.124,68.16 2 0
github.com/jaas/jaas/internal/employee/services/document_service.go:68.16,70.3 1 0
github.com/jaas/jaas/internal/employee/services/document_service.go:72.2,73.22 2 0
github.com/jaas/jaas/internal/employee/services/document_service.go:73.22,75.3 1 0
github.com/jaas/jaas/internal/employee/services/document_service.go:76.2,76.17 1 0
github.com/jaas/jaas/internal/employee/services/document_service.go:79.144,81.16 2 0
github.com/jaas/jaas/internal/employee/services/document_service.go:81.16,83.3 1 0
github.com/jaas/jaas/internal/employee/services/document_service.go:85.2,85.54 1 0
github.com/jaas/jaas/internal/employee/services/document_service.go:85.54,87.3 1 0
github.com/jaas/jaas/internal/employee/services/document_service.go:89.2,93.56 4 0
github.com/jaas/jaas/internal/employee/services/document_service.go:93.56,95.3 1 0
github.com/jaas/jaas/internal/employee/services/document_service.go:97.2,97.24 1 0
github.com/jaas/jaas/internal/employee/services/document_service.go:97.24,100.3 2 0
github.com/jaas/jaas/internal/employee/services/document_service.go:102.2,102.37 1 0
github.com/jaas/jaas/internal/employee/services/document_service.go:105.75,106.14 1 0
github.com/jaas/jaas/internal/employee/services/document_service.go:106.14,108.3 1 0
github.com/jaas/jaas/internal/employee/services/document_service.go:109.2,120.3 1 0
github.com/jaas/jaas/internal/employee/services/employee_service.go:49.19,58.2 1 0
github.com/jaas/jaas/internal/employee/services/employee_service.go:60.145,61.74 1 0
github.com/jaas/jaas/internal/employee/services/employee_service.go:61.74,63.3 1 0
github.com/jaas/jaas/internal/employee/services/employee_service.go:64.2,64.78 1 0
github.com/jaas/jaas/internal/employee/services/employee_service.go:64.78,66.3 1 0
github.com/jaas/jaas/internal/employee/services/employee_service.go:69.2,69.22 1 0
github.com/jaas/jaas/internal/employee/services/employee_service.go:69.22,71.32 2 0
github.com/jaas/jaas/internal/employee/services/employee_service.go:71.32,73.4 1 0
github.com/jaas/jaas/internal/employee/services/employee_service.go:77.2,78.16 2 0
github.com/jaas/jaas/internal/employee/services/employee_service.go:78.16,80.3 1 0
github.com/jaas/jaas/internal/employee/services/employee_service.go:81.2,81.21 1 0
github.com/jaas/jaas/internal/employee/services/employee_service.go:81.21,83.3 1 0
github.com/jaas/jaas/internal/employee/services/employee_service.go:86.2,87.29 2 0
github.com/jaas/jaas/internal/employee/services/employee_service.go:87.29,89.3 1 0
github.com/jaas/jaas/internal/employee/services/employee_service.go:91.2,93.75 3 0
github.com/jaas/jaas/internal/employee/services/employee_service.go:93.75,95.3 1 0
github.com/jaas/jaas/internal/employee/services/employee_service.go:97.2,114.23 5 0
github.com/jaas/jaas/internal/employee/services/employee_service.go:114.23,116.3 1 0
github.com/jaas/jaas/internal/employee/services/employee_service.go:118.2,147.17 7 0
github.com/jaas/jaas/internal/employee/services/employee_service.go:147.17,148.67 1 0
github.com/jaas/jaas/internal/employee/services/employee_service.go:148.67,150.57 2 0
github.com/jaas/jaas/internal/employee/services/employee_service.go:150.57,152.5 1 0
github.com/jaas/jaas/internal/employee/services/employee_service.go:153.4,153.54 1 0
github.com/jaas/jaas/internal/employee/services/employee_service.go:153.54,155.5 1 0
github.com/jaas/jaas/internal/employee/services/employee_service.go:156.4,156.51 1 0
github.com/jaas/jaas/internal/employee/services/employee_service.go:156.51,158.5 1 0
github.com/jaas/jaas/internal/employee/services/employee_service.go:159.4,159.52 1 0
github.com/jaas/jaas/internal/employee/services/employee_service.go:159.52,161.5 1 0
github.com/jaas/jaas/internal/employee/services/employee_service.go:164.4,178.34 4 0
github.com/jaas/jaas/internal/employee/services/employee_service.go:180.3,180.17 1 0
github.com/jaas/jaas/internal/employee/services/employee_service.go:180.17,182.4 1 0
github.com/jaas/jaas/internal/employee/services/employee_service.go:183.8,186.28 2 0
github.com/jaas/jaas/internal/employee/services/employee_service.go:186.28,188.4 1 0
github.com/jaas/jaas/internal/employee/services/employee_service.go:191.2,194.24 3 0
github.com/jaas/jaas/internal/employee/services/employee_service.go:194.24,197.3 2 0
github.com/jaas/jaas/internal/employee/services/employee_service.go:199.2,199.41 1 0
github.com/jaas/jaas/internal/employee/services/employee_service.go:202.111,204.16 2 0
github.com/jaas/jaas/internal/employee/services/employee_service.go:204.16,206.3 1 0
github.com/jaas/jaas/internal/employee/services/employee_service.go:207.2,207.20 1 0
github.com/jaas/jaas/internal/employee/services/employee_service.go:207.20,209.3 1 0
github.com/jaas/jaas/internal/employee/services/employee_service.go:210.2,210.41 1 0
github.com/jaas/jaas/internal/employee/services/employee_service.go:213.119,215.16 2 0
github.com/jaas/jaas/internal/employee/services/employee_service.go:215.16,217.3 1 0
github.com/jaas/jaas/internal/employee/services/employee_service.go:218.2,218.20 1 0
github.com/jaas/jaas/internal/employee/services/employee_service.go:218.20,220.3 1 0
github.com/jaas/jaas/internal/employee/services/employee_service.go:221.2,221.41 1 0
github.com/jaas/jaas/internal/employee/services/employee_service.go:224.139,226.16 2 0
github.com/jaas/jaas/internal/employee/services/employee_service.go:226.16,228.3 1 0
github.com/jaas/jaas/internal/employee/services/employee_service.go:230.2,231.26 2 0
github.com/jaas/jaas/internal/employee/services/employee_service.go:231.26,233.3 1 0
github.com/jaas/jaas/internal/employee/services/employee_service.go:234.2,234.24 1 0
github.com/jaas/jaas/internal/employee/services/employee_service.go:237.141,239.16 2 0
github.com/jaas/jaas/internal/employee/services/employee_service.go:239.16,241.3 1 0
github.com/jaas/jaas/internal/employee/services/employee_service.go:242.2,242.20 1 0
github.com/jaas/jaas/internal/employee/services/employee_service.go:242.20,244.3 1 0
github.com/jaas/jaas/internal/employee/services/employee_service.go:246.2,246.26 1 0
github.com/jaas/jaas/internal/employee/services/employee_service.go:246.26,248.3 1 0
github.com/jaas/jaas/internal/employee/services/employee_service.go:249.2,249.25 1 0
github.com/jaas/jaas/internal/employee/services/employee_service.go:249.25,251.3 1 0
github.com/jaas/jaas/internal/employee/services/employee_service.go:252.2,252.28 1 0
github.com/jaas/jaas/internal/employee/services/employee_service.go:252.28,254.3 1 0
github.com/jaas/jaas/internal/employee/services/employee_service.go:255.2,255.23 1 0
github.com/jaas/jaas/internal/employee/services/employee_service.go:255.23,257.3 1 0
github.com/jaas/jaas/internal/employee/services/employee_service.go:258.2,258.28 1 0
github.com/jaas/jaas/internal/employee/services/employee_service.go:258.28,260.3 1 0
github.com/jaas/jaas/internal/employee/services/employee_service.go:261.2,261.30 1 0
github.com/jaas/jaas/internal/employee/services/employee_service.go:261.30,263.3 1 0
github.com/jaas/jaas/internal/employee/services/employee_service.go:264.2,264.27 1 0
github.com/jaas/jaas/internal/employee/services/employee_service.go:264.27,266.3 1 0
github.com/jaas/jaas/internal/employee/services/employee_service.go:267.2,267.26 1 0
github.com/jaas/jaas/internal/employee/services/employee_service.go:267.26,269.3 1 0
github.com/jaas/jaas/internal/employee/services/employee_service.go:271.2,271.64 1 0
github.com/jaas/jaas/internal/employee/services/employee_service.go:271.64,273.3 1 0
github.com/jaas/jaas/internal/employee/services/employee_service.go:275.2,275.41 1 0
github.com/jaas/jaas/internal/employee/services/employee_service.go:278.159,280.16 2 0
github.com/jaas/jaas/internal/employee/services/employee_service.go:280.16,282.3 1 0
github.com/jaas/jaas/internal/employee/services/employee_service.go:283.2,283.20 1 0
github.com/jaas/jaas/internal/employee/services/employee_service.go:283.20,285.3 1 0
github.com/jaas/jaas/internal/employee/services/employee_service.go:287.2,287.28 1 0
github.com/jaas/jaas/internal/employee/services/employee_service.go:287.28,292.3 2 0
github.com/jaas/jaas/internal/employee/services/employee_service.go:294.2,294.30 1 0
github.com/jaas/jaas/internal/employee/services/employee_service.go:294.30,296.3 1 0
github.com/jaas/jaas/internal/employee/services/employee_service.go:297.2,297.31 1 0
github.com/jaas/jaas/internal/employee/services/employee_service.go:297.31,299.3 1 0
github.com/jaas/jaas/internal/employee/services/employee_service.go:300.2,300.33 1 0
github.com/jaas/jaas/internal/employee/services/employee_service.go:300.33,302.3 1 0
github.com/jaas/jaas/internal/employee/services/employee_service.go:303.2,303.34 1 0
github.com/jaas/jaas/internal/employee/services/employee_service.go:303.34,304.86 1 0
github.com/jaas/jaas/internal/employee/services/employee_service.go:304.86,306.4 1 0
github.com/jaas/jaas/internal/employee/services/employee_service.go:307.3,308.15 2 0
github.com/jaas/jaas/internal/employee/services/employee_service.go:308.15,310.4 1 0
github.com/jaas/jaas/internal/employee/services/employee_service.go:311.3,311.41 1 0
github.com/jaas/jaas/internal/employee/services/employee_service.go:314.2,314.79 1 0
github.com/jaas/jaas/internal/employee/services/employee_service.go:314.79,316.3 1 0
github.com/jaas/jaas/internal/employee/services/employee_service.go:318.2,318.41 1 0
github.com/jaas/jaas/internal/employee/services/employee_service.go:321.153,322.62 1 0
github.com/jaas/jaas/internal/employee/services/employee_service.go:322.62,324.3 1 0
github.com/jaas/jaas/internal/employee/services/employee_service.go:326.2,327.16 2 0
github.com/jaas/jaas/internal/employee/services/employee_service.go:327.16,329.3 1 0
github.com/jaas/jaas/internal/employee/services/employee_service.go:330.2,330.20 1 0
github.com/jaas/jaas/internal/employee/services/employee_service.go:330.20,332.3 1 0
github.com/jaas/jaas/internal/employee/services/employee_service.go:334.2,336.28 3 0
github.com/jaas/jaas/internal/employee/services/employee_service.go:336.28,338.3 1 0
github.com/jaas/jaas/internal/employee/services/employee_service.go:340.2,340.76 1 0
github.com/jaas/jaas/internal/employee/services/employee_service.go:340.76,342.3 1 0
github.com/jaas/jaas/internal/employee/services/employee_service.go:344.2,349.17 5 0
github.com/jaas/jaas/internal/employee/services/employee_service.go:349.17,350.67 1 0
github.com/jaas/jaas/internal/employee/services/employee_service.go:350.67,352.57 2 0
github.com/jaas/jaas/internal/employee/services/employee_service.go:352.57,354.5 1 0
github.com/jaas/jaas/internal/employee/services/employee_service.go:355.4,355.39 1 0
github.com/jaas/jaas/internal/employee/services/employee_service.go:355.39,356.91 1 0
github.com/jaas/jaas/internal/employee/services/employee_service.go:356.91,358.6 1 0
github.com/jaas/jaas/internal/employee/services/employee_service.go:362.4,362.38 1 0
github.com/jaas/jaas/internal/employee/services/employee_service.go:362.38,363.99 1 0
github.com/jaas/jaas/internal/employee/services/employee_service.go:363.99,365.64 2 0
github.com/jaas/jaas/internal/employee/services/employee_service.go:365.64,367.7 1 0
github.com/jaas/jaas/internal/employee/services/employee_service.go:372.4,380.36 3 0
github.com/jaas/jaas/internal/employee/services/employee_service.go:382.3,382.17 1 0
github.com/jaas/jaas/internal/employee/services/employee_service.go:382.17,384.4 1 0
github.com/jaas/jaas/internal/employee/services/employee_service.go:385.8,387.3 1 0
github.com/jaas/jaas/internal/employee/services/employee_service.go:389.2,389.24 1 0
github.com/jaas/jaas/internal/employee/services/employee_service.go:389.24,397.3 2 0
github.com/jaas/jaas/internal/employee/services/employee_service.go:399.2,399.41 1 0
github.com/jaas/jaas/internal/employee/services/employee_service.go:402.89,404.16 2 0
github.com/jaas/jaas/internal/employee/services/employee_service.go:404.16,406.3 1 0
github.com/jaas/jaas/internal/employee/services/employee_service.go:407.2,407.20 1 0
github.com/jaas/jaas/internal/employee/services/employee_service.go:407.20,409.3 1 0
github.com/jaas/jaas/internal/employee/services/employee_service.go:410.2,411.48 2 0
github.com/jaas/jaas/internal/employee/services/employee_service.go:414.74,415.14 1 0
github.com/jaas/jaas/internal/employee/services/employee_service.go:415.14,417.3 1 0
github.com/jaas/jaas/internal/employee/services/employee_service.go:418.2,436.31 2 0
github.com/jaas/jaas/internal/employee/services/employee_service.go:436.31,447.3 1 0
github.com/jaas/jaas/internal/employee/services/employee_service.go:449.2,449.22 1 0
github.com/jaas/jaas/internal/employee/services/employee_service.go:449.22,458.3 1 0
github.com/jaas/jaas/internal/employee/services/employee_service.go:460.2,460.12 1 0
github.com/jaas/jaas/internal/employee/services/employee_service.go:466.137,469.14 3 0
github.com/jaas/jaas/internal/employee/services/employee_service.go:469.14,470.17 1 0
github.com/jaas/jaas/internal/employee/services/employee_service.go:470.17,472.4 1 0
github.com/jaas/jaas/internal/employee/services/employee_service.go:473.3,473.19 1 0
github.com/jaas/jaas/internal/employee/services/employee_service.go:475.2,475.33 1 0
github.com/jaas/jaas/internal/employee/services/employee_service.go:475.33,477.3 1 0
github.com/jaas/jaas/internal/employee/services/employee_service.go:478.2,478.32 1 0
github.com/jaas/jaas/internal/employee/services/employee_service.go:478.32,480.3 1 0
github.com/jaas/jaas/internal/employee/services/employee_service.go:481.2,481.25 1 0
github.com/jaas/jaas/internal/employee/services/employee_service.go:481.25,483.3 1 0
github.com/jaas/jaas/internal/employee/services/employee_service.go:484.2,484.26 1 0
github.com/jaas/jaas/internal/employee/services/employee_service.go:484.26,486.3 1 0
github.com/jaas/jaas/internal/employee/services/employee_service.go:487.2,487.55 1 0
github.com/jaas/jaas/internal/employee/services/employee_service.go:487.55,488.32 1 0
github.com/jaas/jaas/internal/employee/services/employee_service.go:488.32,490.4 1 0
github.com/jaas/jaas/internal/employee/services/employee_service.go:491.3,491.26 1 0
github.com/jaas/jaas/internal/employee/services/employee_service.go:493.2,493.54 1 0
github.com/jaas/jaas/internal/employee/services/employee_service.go:493.54,494.31 1 0
github.com/jaas/jaas/internal/employee/services/employee_service.go:494.31,496.4 1 0
github.com/jaas/jaas/internal/employee/services/employee_service.go:497.3,497.24 1 0
github.com/jaas/jaas/internal/employee/services/employee_service.go:497.24,500.4 2 0
github.com/jaas/jaas/internal/employee/services/employee_service.go:502.2,502.16 1 0
github.com/jaas/jaas/internal/employee/services/employee_service.go:502.16,503.24 1 0
github.com/jaas/jaas/internal/employee/services/employee_service.go:503.24,505.4 1 0
github.com/jaas/jaas/internal/employee/services/employee_service.go:506.3,506.24 1 0
github.com/jaas/jaas/internal/employee/services/employee_service.go:508.2,508.18 1 0
github.com/jaas/jaas/internal/employee/services/event_consumer.go:21.85,26.2 1 0
github.com/jaas/jaas/internal/employee/services/event_consumer.go:28.102,30.34 2 0
github.com/jaas/jaas/internal/employee/services/event_consumer.go:30.34,31.22 1 0
github.com/jaas/jaas/internal/employee/services/event_consumer.go:31.22,33.4 1 0
github.com/jaas/jaas/internal/employee/services/event_consumer.go:34.3,34.13 1 0
github.com/jaas/jaas/internal/employee/services/event_consumer.go:39.2,39.24 1 0
github.com/jaas/jaas/internal/employee/services/event_consumer.go:40.44,41.13 1 0
github.com/jaas/jaas/internal/employee/services/event_consumer.go:44.2,51.12 3 0
github.com/jaas/jaas/internal/employee/services/statutory_service.go:26.28,31.2 1 0
github.com/jaas/jaas/internal/employee/services/statutory_service.go:33.151,35.16 2 0
github.com/jaas/jaas/internal/employee/services/statutory_service.go:35.16,37.3 1 0
github.com/jaas/jaas/internal/employee/services/statutory_service.go:38.2,38.17 1 0
github.com/jaas/jaas/internal/employee/services/statutory_service.go:38.17,40.3 1 0
github.com/jaas/jaas/internal/employee/services/statutory_service.go:42.2,49.15 2 0
github.com/jaas/jaas/internal/employee/services/statutory_service.go:49.15,53.3 3 0
github.com/jaas/jaas/internal/employee/services/statutory_service.go:53.8,57.3 3 0
github.com/jaas/jaas/internal/employee/services/statutory_service.go:59.2,59.17 1 0
github.com/jaas/jaas/internal/employee/services/statutory_service.go:62.159,65.16 2 0
github.com/jaas/jaas/internal/employee/services/statutory_service.go:65.16,67.3 1 0
github.com/jaas/jaas/internal/employee/services/statutory_service.go:68.2,68.20 1 0
github.com/jaas/jaas/internal/employee/services/statutory_service.go:68.20,70.3 1 0
github.com/jaas/jaas/internal/employee/services/statutory_service.go:72.2,82.63 3 0
github.com/jaas/jaas/internal/employee/services/statutory_service.go:82.63,84.3 1 0
github.com/jaas/jaas/internal/employee/services/statutory_service.go:86.2,94.8 1 0
github.com/jaas/jaas/internal/employee/services/statutory_service.go:97.34,98.17 1 0
github.com/jaas/jaas/internal/employee/services/statutory_service.go:98.17,100.3 1 0
github.com/jaas/jaas/internal/employee/services/statutory_service.go:101.2,101.30 1 0
github.com/jaas/jaas/internal/employee/services/timeline_service.go:25.27,30.2 1 0
github.com/jaas/jaas/internal/employee/services/timeline_service.go:32.124,34.16 2 0
github.com/jaas/jaas/internal/employee/services/timeline_service.go:34.16,36.3 1 0
github.com/jaas/jaas/internal/employee/services/timeline_service.go:37.2,37.20 1 0
github.com/jaas/jaas/internal/employee/services/timeline_service.go:37.20,39.3 1 0
github.com/jaas/jaas/internal/employee/services/timeline_service.go:41.2,42.16 2 0
github.com/jaas/jaas/internal/employee/services/timeline_service.go:42.16,44.3 1 0
github.com/jaas/jaas/internal/employee/services/timeline_service.go:46.2,47.27 2 0
github.com/jaas/jaas/internal/employee/services/timeline_service.go:47.27,49.3 1 0
github.com/jaas/jaas/internal/employee/services/timeline_service.go:50.2,50.17 1 0
github.com/jaas/jaas/internal/employee/services/timeline_service.go:53.75,54.14 1 0
github.com/jaas/jaas/internal/employee/services/timeline_service.go:54.14,56.3 1 0
github.com/jaas/jaas/internal/employee/services/timeline_service.go:57.2,65.3 1 0
github.com/jaas/jaas/internal/organization/services/department_service.go:41.21,43.2 1 0
github.com/jaas/jaas/internal/organization/services/department_service.go:45.191,47.16 2 0
github.com/jaas/jaas/internal/organization/services/department_service.go:47.16,49.3 1 0
github.com/jaas/jaas/internal/organization/services/department_service.go:50.2,50.21 1 0
github.com/jaas/jaas/internal/organization/services/department_service.go:50.21,52.3 1 0
github.com/jaas/jaas/internal/organization/services/department_service.go:54.2,55.16 2 0
github.com/jaas/jaas/internal/organization/services/department_service.go:55.16,57.3 1 0
github.com/jaas/jaas/internal/organization/services/department_service.go:58.2,58.21 1 0
github.com/jaas/jaas/internal/organization/services/department_service.go:58.21,60.17 2 0
github.com/jaas/jaas/internal/organization/services/department_service.go:60.17,62.4 1 0
github.com/jaas/jaas/internal/organization/services/department_service.go:63.3,63.20 1 0
github.com/jaas/jaas/internal/organization/services/department_service.go:63.20,65.4 1 0
github.com/jaas/jaas/internal/organization/services/department_service.go:66.3,66.84 1 0
github.com/jaas/jaas/internal/organization/services/department_service.go:66.84,68.4 1 0
github.com/jaas/jaas/internal/organization/services/department_service.go:71.2,79.57 3 0
github.com/jaas/jaas/internal/organization/services/department_service.go:79.57,81.3 1 0
github.com/jaas/jaas/internal/organization/services/department_service.go:83.2,88.63 3 0
github.com/jaas/jaas/internal/organization/services/department_service.go:91.134,93.16 2 0
github.com/jaas/jaas/internal/organization/services/department_service.go:93.16,95.3 1 0
github.com/jaas/jaas/internal/organization/services/department_service.go:96.2,96.17 1 0
github.com/jaas/jaas/internal/organization/services/department_service.go:96.17,98.3 1 0
github.com/jaas/jaas/internal/organization/services/department_service.go:99.2,99.63 1 0
github.com/jaas/jaas/internal/organization/services/department_service.go:102.155,104.16 2 0
github.com/jaas/jaas/internal/organization/services/department_service.go:104.16,106.3 1 0
github.com/jaas/jaas/internal/organization/services/department_service.go:107.2,108.23 2 0
github.com/jaas/jaas/internal/organization/services/department_service.go:108.23,110.17 2 0
github.com/jaas/jaas/internal/organization/services/department_service.go:110.17,112.4 1 0
github.com/jaas/jaas/internal/organization/services/department_service.go:113.3,113.17 1 0
github.com/jaas/jaas/internal/organization/services/department_service.go:115.2,115.104 1 0
github.com/jaas/jaas/internal/organization/services/department_service.go:118.170,120.16 2 0
github.com/jaas/jaas/internal/organization/services/department_service.go:120.16,122.3 1 0
github.com/jaas/jaas/internal/organization/services/department_service.go:123.2,123.17 1 0
github.com/jaas/jaas/internal/organization/services/department_service.go:123.17,125.3 1 0
github.com/jaas/jaas/internal/organization/services/department_service.go:127.2,127.66 1 0
github.com/jaas/jaas/internal/organization/services/department_service.go:127.66,129.17 2 0
github.com/jaas/jaas/internal/organization/services/department_service.go:129.17,131.4 1 0
github.com/jaas/jaas/internal/organization/services/department_service.go:132.3,132.48 1 0
github.com/jaas/jaas/internal/organization/services/department_service.go:132.48,134.4 1 0
github.com/jaas/jaas/internal/organization/services/department_service.go:135.3,135.43 1 0
github.com/jaas/jaas/internal/organization/services/department_service.go:137.2,137.28 1 0
github.com/jaas/jaas/internal/organization/services/department_service.go:137.28,139.3 1 0
github.com/jaas/jaas/internal/organization/services/department_service.go:140.2,140.35 1 0
github.com/jaas/jaas/internal/organization/services/department_service.go:140.35,142.17 2 0
github.com/jaas/jaas/internal/organization/services/department_service.go:142.17,144.4 1 0
github.com/jaas/jaas/internal/organization/services/department_service.go:145.3,145.46 1 0
github.com/jaas/jaas/internal/organization/services/department_service.go:145.46,147.4 1 0
github.com/jaas/jaas/internal/organization/services/department_service.go:148.3,148.22 1 0
github.com/jaas/jaas/internal/organization/services/department_service.go:148.22,150.18 2 0
github.com/jaas/jaas/internal/organization/services/department_service.go:150.18,152.5 1 0
github.com/jaas/jaas/internal/organization/services/department_service.go:153.4,153.21 1 0
github.com/jaas/jaas/internal/organization/services/department_service.go:153.21,155.5 1 0
github.com/jaas/jaas/internal/organization/services/department_service.go:158.4,158.84 1 0
github.com/jaas/jaas/internal/organization/services/department_service.go:158.84,160.5 1 0
github.com/jaas/jaas/internal/organization/services/department_service.go:162.3,162.37 1 0
github.com/jaas/jaas/internal/organization/services/department_service.go:165.2,165.57 1 0
github.com/jaas/jaas/internal/organization/services/department_service.go:165.57,167.3 1 0
github.com/jaas/jaas/internal/organization/services/department_service.go:168.2,169.63 2 0
github.com/jaas/jaas/internal/organization/services/department_service.go:173.139,174.84 1 0
github.com/jaas/jaas/internal/organization/services/department_service.go:174.84,176.3 1 0
github.com/jaas/jaas/internal/organization/services/department_service.go:177.2,178.17 2 0
github.com/jaas/jaas/internal/organization/services/department_service.go:178.17,179.23 1 0
github.com/jaas/jaas/internal/organization/services/department_service.go:179.23,181.4 1 0
github.com/jaas/jaas/internal/organization/services/department_service.go:182.3,183.34 2 0
github.com/jaas/jaas/internal/organization/services/department_service.go:183.34,185.4 1 0
github.com/jaas/jaas/internal/organization/services/department_service.go:186.3,186.34 1 0
github.com/jaas/jaas/internal/organization/services/department_service.go:188.2,188.12 1 0
github.com/jaas/jaas/internal/organization/services/department_service.go:191.169,193.16 2 0
github.com/jaas/jaas/internal/organization/services/department_service.go:193.16,195.3 1 0
github.com/jaas/jaas/internal/organization/services/department_service.go:196.2,196.17 1 0
github.com/jaas/jaas/internal/organization/services/department_service.go:196.17,198.3 1 0
github.com/jaas/jaas/internal/organization/services/department_service.go:199.2,199.31 1 0
github.com/jaas/jaas/internal/organization/services/department_service.go:199.31,201.3 1 0
github.com/jaas/jaas/internal/organization/services/department_service.go:203.2,204.16 2 0
github.com/jaas/jaas/internal/organization/services/department_service.go:204.16,206.3 1 0
github.com/jaas/jaas/internal/organization/services/department_service.go:207.2,208.16 2 0
github.com/jaas/jaas/internal/organization/services/department_service.go:208.16,210.3 1 0
github.com/jaas/jaas/internal/organization/services/department_service.go:211.2,211.47 1 0
github.com/jaas/jaas/internal/organization/services/department_service.go:211.47,213.3 1 0
github.com/jaas/jaas/internal/organization/services/department_service.go:214.2,214.11 1 0
github.com/jaas/jaas/internal/organization/services/department_service.go:214.11,216.17 2 0
github.com/jaas/jaas/internal/organization/services/department_service.go:216.17,218.4 1 0
github.com/jaas/jaas/internal/organization/services/department_service.go:219.3,219.27 1 0
github.com/jaas/jaas/internal/organization/services/department_service.go:219.27,220.38 1 0
github.com/jaas/jaas/internal/organization/services/department_service.go:220.38,222.68 2 0
github.com/jaas/jaas/internal/organization/services/department_service.go:222.68,224.6 1 0
github.com/jaas/jaas/internal/organization/services/department_service.go:229.2,230.57 2 0
github.com/jaas/jaas/internal/organization/services/department_service.go:230.57,232.3 1 0
github.com/jaas/jaas/internal/organization/services/department_service.go:233.2,234.63 2 0
github.com/jaas/jaas/internal/organization/services/designation_service.go:33.183,35.2 1 0
github.com/jaas/jaas/internal/organization/services/designation_service.go:37.69,43.2 1 0
github.com/jaas/jaas/internal/organization/services/designation_service.go:45.195,47.16 2 0
github.com/jaas/jaas/internal/organization/services/designation_service.go:47.16,49.3 1 0
github.com/jaas/jaas/internal/organization/services/designation_service.go:50.2,50.21 1 0
github.com/jaas/jaas/internal/organization/services/designation_service.go:50.21,52.3 1 0
github.com/jaas/jaas/internal/organization/services/designation_service.go:53.2,58.50 3 0
github.com/jaas/jaas/internal/organization/services/designation_service.go:58.50,60.3 1 0
github.com/jaas/jaas/internal/organization/services/designation_service.go:61.2,62.31 2 0
github.com/jaas/jaas/internal/organization/services/designation_service.go:65.137,67.16 2 0
github.com/jaas/jaas/internal/organization/services/designation_service.go:67.16,69.3 1 0
github.com/jaas/jaas/internal/organization/services/designation_service.go:70.2,70.14 1 0
github.com/jaas/jaas/internal/organization/services/designation_service.go:70.14,72.3 1 0
github.com/jaas/jaas/internal/organization/services/designation_service.go:73.2,73.31 1 0
github.com/jaas/jaas/internal/organization/services/designation_service.go:76.158,78.16 2 0
github.com/jaas/jaas/internal/organization/services/designation_service.go:78.16,80.3 1 0
github.com/jaas/jaas/internal/organization/services/designation_service.go:81.2,82.21 2 0
github.com/jaas/jaas/internal/organization/services/designation_service.go:82.21,84.3 1 0
github.com/jaas/jaas/internal/organization/services/designation_service.go:85.2,85.105 1 0
github.com/jaas/jaas/internal/organization/services/designation_service.go:88.174,90.16 2 0
github.com/jaas/jaas/internal/organization/services/designation_service.go:90.16,92.3 1 0
github.com/jaas/jaas/internal/organization/services/designation_service.go:93.2,93.14 1 0
github.com/jaas/jaas/internal/organization/services/designation_service.go:93.14,95.3 1 0
github.com/jaas/jaas/internal/organization/services/designation_service.go:96.2,96.66 1 0
github.com/jaas/jaas/internal/organization/services/designation_service.go:96.66,98.17 2 0
github.com/jaas/jaas/internal/organization/services/designation_service.go:98.17,100.4 1 0
github.com/jaas/jaas/internal/organization/services/designation_service.go:101.3,101.45 1 0
github.com/jaas/jaas/internal/organization/services/designation_service.go:101.45,103.4 1 0
github.com/jaas/jaas/internal/organization/services/designation_service.go:104.3,104.42 1 0
github.com/jaas/jaas/internal/organization/services/designation_service.go:106.2,106.22 1 0
github.com/jaas/jaas/internal/organization/services/designation_service.go:106.22,108.3 1 0
github.com/jaas/jaas/internal/organization/services/designation_service.go:109.2,109.28 1 0
github.com/jaas/jaas/internal/organization/services/designation_service.go:109.28,111.3 1 0
github.com/jaas/jaas/internal/organization/services/designation_service.go:112.2,112.50 1 0
github.com/jaas/jaas/internal/organization/services/designation_service.go:112.50,114.3 1 0
github.com/jaas/jaas/internal/organization/services/designation_service.go:115.2,116.31 2 0
github.com/jaas/jaas/internal/organization/services/designation_service.go:119.160,121.16 2 0
github.com/jaas/jaas/internal/organization/services/designation_service.go:121.16,123.3 1 0
github.com/jaas/jaas/internal/organization/services/designation_service.go:124.2,124.14 1 0
github.com/jaas/jaas/internal/organization/services/designation_service.go:124.14,126.3 1 0
github.com/jaas/jaas/internal/organization/services/designation_service.go:127.2,127.28 1 0
github.com/jaas/jaas/internal/organization/services/designation_service.go:127.28,129.3 1 0
github.com/jaas/jaas/internal/organization/services/designation_service.go:131.2,132.16 2 0
github.com/jaas/jaas/internal/organization/services/designation_service.go:132.16,134.3 1 0
github.com/jaas/jaas/internal/organization/services/designation_service.go:135.2,135.18 1 0
github.com/jaas/jaas/internal/organization/services/designation_service.go:135.18,137.3 1 0
github.com/jaas/jaas/internal/organization/services/designation_service.go:138.2,139.50 2 0
github.com/jaas/jaas/internal/organization/services/designation_service.go:139.50,141.3 1 0
github.com/jaas/jaas/internal/organization/services/designation_service.go:142.2,143.31 2 0
github.com/jaas/jaas/internal/organization/services/event_consumer.go:25.64,27.2 1 0
github.com/jaas/jaas/internal/organization/services/event_consumer.go:29.154,30.20 1 0
github.com/jaas/jaas/internal/organization/services/event_consumer.go:31.38,34.53 2 0
github.com/jaas/jaas/internal/organization/services/event_consumer.go:34.53,36.4 1 0
github.com/jaas/jaas/internal/organization/services/event_consumer.go:37.3,37.91 1 0
github.com/jaas/jaas/internal/organization/services/event_consumer.go:38.96,41.13 1 0
github.com/jaas/jaas/internal/organization/services/event_consumer.go:42.10,43.68 1 0
github.com/jaas/jaas/internal/organization/services/helpers.go:30.47,31.26 1 0
github.com/jaas/jaas/internal/organization/services/helpers.go:31.26,33.3 1 0
github.com/jaas/jaas/internal/organization/services/helpers.go:34.2,35.16 2 0
github.com/jaas/jaas/internal/organization/services/helpers.go:35.16,37.3 1 0
github.com/jaas/jaas/internal/organization/services/helpers.go:38.2,38.17 1 0
github.com/jaas/jaas/internal/organization/services/helpers.go:42.42,43.15 1 0
github.com/jaas/jaas/internal/organization/services/helpers.go:43.15,45.3 1 0
github.com/jaas/jaas/internal/organization/services/helpers.go:46.2,47.11 2 0
github.com/jaas/jaas/internal/organization/services/helpers.go:51.152,55.17 4 0
github.com/jaas/jaas/internal/organization/services/helpers.go:55.17,56.17 1 0
github.com/jaas/jaas/internal/organization/services/helpers.go:56.17,58.4 1 0
github.com/jaas/jaas/internal/organization/services/helpers.go:59.3,61.43 3 0
github.com/jaas/jaas/internal/organization/services/helpers.go:61.43,63.4 1 0
github.com/jaas/jaas/internal/organization/services/helpers.go:64.3,65.34 2 0
github.com/jaas/jaas/internal/organization/services/helpers.go:65.34,67.4 1 0
github.com/jaas/jaas/internal/organization/services/helpers.go:68.3,68.34 1 0
github.com/jaas/jaas/internal/organization/services/helpers.go:70.2,70.12 1 0
github.com/jaas/jaas/internal/organization/services/helpers.go:74.162,79.36 5 0
github.com/jaas/jaas/internal/organization/services/helpers.go:79.36,80.36 1 0
github.com/jaas/jaas/internal/organization/services/helpers.go:80.36,81.9 1 0
github.com/jaas/jaas/internal/organization/services/helpers.go:83.3,87.34 5 0
github.com/jaas/jaas/internal/organization/services/helpers.go:87.34,89.4 1 0
github.com/jaas/jaas/internal/organization/services/helpers.go:90.3,90.15 1 0
github.com/jaas/jaas/internal/organization/services/helpers.go:92.2,92.25 1 0
github.com/jaas/jaas/internal/organization/services/helpers.go:95.177,97.16 2 0
github.com/jaas/jaas/internal/organization/services/helpers.go:97.16,99.3 1 0
github.com/jaas/jaas/internal/organization/services/helpers.go:100.2,112.8 1 0
github.com/jaas/jaas/internal/organization/services/helpers.go:118.123,119.78 1 0
github.com/jaas/jaas/internal/organization/services/helpers.go:119.78,121.3 1 0
github.com/jaas/jaas/internal/organization/services/helpers.go:122.2,122.15 1 0
github.com/jaas/jaas/internal/organization/services/helpers.go:122.15,124.3 1 0
github.com/jaas/jaas/internal/organization/services/helpers.go:125.2,126.16 2 0
github.com/jaas/jaas/internal/organization/services/helpers.go:126.16,128.3 1 0
github.com/jaas/jaas/internal/organization/services/helpers.go:129.2,135.4 1 0
github.com/jaas/jaas/internal/organization/services/mapping_service.go:45.18,47.2 1 0
github.com/jaas/jaas/internal/organization/services/mapping_service.go:49.57,57.2 1 0
github.com/jaas/jaas/internal/organization/services/mapping_service.go:60.104,62.16 2 0
github.com/jaas/jaas/internal/organization/services/mapping_service.go:62.16,64.3 1 0
github.com/jaas/jaas/internal/organization/services/mapping_service.go:65.2,65.38 1 0
github.com/jaas/jaas/internal/organization/services/mapping_service.go:65.38,67.3 1 0
github.com/jaas/jaas/internal/organization/services/mapping_service.go:68.2,68.12 1 0
github.com/jaas/jaas/internal/organization/services/mapping_service.go:72.159,73.19 1 0
github.com/jaas/jaas/internal/organization/services/mapping_service.go:73.19,75.17 2 0
github.com/jaas/jaas/internal/organization/services/mapping_service.go:75.17,77.4 1 0
github.com/jaas/jaas/internal/organization/services/mapping_service.go:78.3,78.18 1 0
github.com/jaas/jaas/internal/organization/services/mapping_service.go:78.18,80.4 1 0
github.com/jaas/jaas/internal/organization/services/mapping_service.go:82.2,83.19 2 0
github.com/jaas/jaas/internal/organization/services/mapping_service.go:83.19,85.17 2 0
github.com/jaas/jaas/internal/organization/services/mapping_service.go:85.17,87.4 1 0
github.com/jaas/jaas/internal/organization/services/mapping_service.go:88.3,88.15 1 0
github.com/jaas/jaas/internal/organization/services/mapping_service.go:88.15,90.4 1 0
github.com/jaas/jaas/internal/organization/services/mapping_service.go:91.3,91.11 1 0
github.com/jaas/jaas/internal/organization/services/mapping_service.go:93.2,93.20 1 0
github.com/jaas/jaas/internal/organization/services/mapping_service.go:93.20,95.17 2 0
github.com/jaas/jaas/internal/organization/services/mapping_service.go:95.17,97.4 1 0
github.com/jaas/jaas/internal/organization/services/mapping_service.go:98.3,98.15 1 0
github.com/jaas/jaas/internal/organization/services/mapping_service.go:98.15,100.4 1 0
github.com/jaas/jaas/internal/organization/services/mapping_service.go:102.2,102.66 1 0
github.com/jaas/jaas/internal/organization/services/mapping_service.go:102.66,104.3 1 0
github.com/jaas/jaas/internal/organization/services/mapping_service.go:105.2,105.22 1 0
github.com/jaas/jaas/internal/organization/services/mapping_service.go:105.22,106.25 1 0
github.com/jaas/jaas/internal/organization/services/mapping_service.go:106.25,108.4 1 0
github.com/jaas/jaas/internal/organization/services/mapping_service.go:109.3,109.68 1 0
github.com/jaas/jaas/internal/organization/services/mapping_service.go:109.68,111.4 1 0
github.com/jaas/jaas/internal/organization/services/mapping_service.go:112.3,112.85 1 0
github.com/jaas/jaas/internal/organization/services/mapping_service.go:112.85,114.4 1 0
github.com/jaas/jaas/internal/organization/services/mapping_service.go:116.2,116.12 1 0
github.com/jaas/jaas/internal/organization/services/mapping_service.go:120.122,123.26 3 0
github.com/jaas/jaas/internal/organization/services/mapping_service.go:123.26,124.16 1 0
github.com/jaas/jaas/internal/organization/services/mapping_service.go:124.16,126.4 1 0
github.com/jaas/jaas/internal/organization/services/mapping_service.go:127.3,129.67 3 0
github.com/jaas/jaas/internal/organization/services/mapping_service.go:129.67,131.4 1 0
github.com/jaas/jaas/internal/organization/services/mapping_service.go:132.3,132.31 1 0
github.com/jaas/jaas/internal/organization/services/mapping_service.go:134.2,134.128 1 0
github.com/jaas/jaas/internal/organization/services/mapping_service.go:137.179,139.16 2 0
github.com/jaas/jaas/internal/organization/services/mapping_service.go:139.16,141.3 1 0
github.com/jaas/jaas/internal/organization/services/mapping_service.go:142.2,142.63 1 0
github.com/jaas/jaas/internal/organization/services/mapping_service.go:142.63,144.3 1 0
github.com/jaas/jaas/internal/organization/services/mapping_service.go:145.2,146.16 2 0
github.com/jaas/jaas/internal/organization/services/mapping_service.go:146.16,148.3 1 0
github.com/jaas/jaas/internal/organization/services/mapping_service.go:149.2,150.16 2 0
github.com/jaas/jaas/internal/organization/services/mapping_service.go:150.16,152.3 1 0
github.com/jaas/jaas/internal/organization/services/mapping_service.go:153.2,154.16 2 0
github.com/jaas/jaas/internal/organization/services/mapping_service.go:154.16,156.3 1 0
github.com/jaas/jaas/internal/organization/services/mapping_service.go:157.2,158.16 2 0
github.com/jaas/jaas/internal/organization/services/mapping_service.go:158.16,160.3 1 0
github.com/jaas/jaas/internal/organization/services/mapping_service.go:161.2,161.54 1 0
github.com/jaas/jaas/internal/organization/services/mapping_service.go:161.54,163.3 1 0
github.com/jaas/jaas/internal/organization/services/mapping_service.go:164.2,164.99 1 0
github.com/jaas/jaas/internal/organization/services/mapping_service.go:164.99,166.3 1 0
github.com/jaas/jaas/internal/organization/services/mapping_service.go:167.2,167.19 1 0
github.com/jaas/jaas/internal/organization/services/mapping_service.go:167.19,169.17 2 0
github.com/jaas/jaas/internal/organization/services/mapping_service.go:169.17,171.4 1 0
github.com/jaas/jaas/internal/organization/services/mapping_service.go:172.3,172.22 1 0
github.com/jaas/jaas/internal/organization/services/mapping_service.go:172.22,174.4 1 0
github.com/jaas/jaas/internal/organization/services/mapping_service.go:177.2,182.57 3 0
github.com/jaas/jaas/internal/organization/services/mapping_service.go:182.57,184.3 1 0
github.com/jaas/jaas/internal/organization/services/mapping_service.go:186.2,190.27 3 0
github.com/jaas/jaas/internal/organization/services/mapping_service.go:193.125,195.16 2 0
github.com/jaas/jaas/internal/organization/services/mapping_service.go:195.16,197.3 1 0
github.com/jaas/jaas/internal/organization/services/mapping_service.go:198.2,198.14 1 0
github.com/jaas/jaas/internal/organization/services/mapping_service.go:198.14,200.3 1 0
github.com/jaas/jaas/internal/organization/services/mapping_service.go:201.2,201.27 1 0
github.com/jaas/jaas/internal/organization/services/mapping_service.go:204.158,206.16 2 0
github.com/jaas/jaas/internal/organization/services/mapping_service.go:206.16,208.3 1 0
github.com/jaas/jaas/internal/organization/services/mapping_service.go:209.2,210.21 2 0
github.com/jaas/jaas/internal/organization/services/mapping_service.go:210.21,212.3 1 0
github.com/jaas/jaas/internal/organization/services/mapping_service.go:213.2,213.101 1 0
github.com/jaas/jaas/internal/organization/services/mapping_service.go:216.158,218.16 2 0
github.com/jaas/jaas/internal/organization/services/mapping_service.go:218.16,220.3 1 0
github.com/jaas/jaas/internal/organization/services/mapping_service.go:221.2,221.14 1 0
github.com/jaas/jaas/internal/organization/services/mapping_service.go:221.14,223.3 1 0
github.com/jaas/jaas/internal/organization/services/mapping_service.go:225.2,229.29 5 0
github.com/jaas/jaas/internal/organization/services/mapping_service.go:229.29,231.17 2 0
github.com/jaas/jaas/internal/organization/services/mapping_service.go:231.17,233.4 1 0
github.com/jaas/jaas/internal/organization/services/mapping_service.go:235.2,235.23 1 0
github.com/jaas/jaas/internal/organization/services/mapping_service.go:235.23,237.17 2 0
github.com/jaas/jaas/internal/organization/services/mapping_service.go:237.17,239.4 1 0
github.com/jaas/jaas/internal/organization/services/mapping_service.go:241.2,241.30 1 0
github.com/jaas/jaas/internal/organization/services/mapping_service.go:241.30,243.17 2 0
github.com/jaas/jaas/internal/organization/services/mapping_service.go:243.17,245.4 1 0
github.com/jaas/jaas/internal/organization/services/mapping_service.go:247.2,247.30 1 0
github.com/jaas/jaas/internal/organization/services/mapping_service.go:247.30,249.17 2 0
github.com/jaas/jaas/internal/organization/services/mapping_service.go:249.17,251.4 1 0
github.com/jaas/jaas/internal/organization/services/mapping_service.go:253.2,253.101 1 0
github.com/jaas/jaas/internal/organization/services/mapping_service.go:253.101,255.3 1 0
github.com/jaas/jaas/internal/organization/services/mapping_service.go:256.2,256.60 1 0
github.com/jaas/jaas/internal/organization/services/mapping_service.go:256.60,258.17 2 0
github.com/jaas/jaas/internal/organization/services/mapping_service.go:258.17,260.4 1 0
github.com/jaas/jaas/internal/organization/services/mapping_service.go:261.3,261.45 1 0
github.com/jaas/jaas/internal/organization/services/mapping_service.go:261.45,263.66 2 0
github.com/jaas/jaas/internal/organization/services/mapping_service.go:263.66,265.5 1 0
github.com/jaas/jaas/internal/organization/services/mapping_service.go:267.3,267.21 1 0
github.com/jaas/jaas/internal/organization/services/mapping_service.go:268.8,268.33 1 0
github.com/jaas/jaas/internal/organization/services/mapping_service.go:268.33,270.3 1 0
github.com/jaas/jaas/internal/organization/services/mapping_service.go:271.2,273.57 2 0
github.com/jaas/jaas/internal/organization/services/mapping_service.go:273.57,275.3 1 0
github.com/jaas/jaas/internal/organization/services/mapping_service.go:276.2,277.27 2 0
github.com/jaas/jaas/internal/organization/services/mapping_service.go:280.166,282.16 2 0
github.com/jaas/jaas/internal/organization/services/mapping_service.go:282.16,284.3 1 0
github.com/jaas/jaas/internal/organization/services/mapping_service.go:285.2,285.14 1 0
github.com/jaas/jaas/internal/organization/services/mapping_service.go:285.14,287.3 1 0
github.com/jaas/jaas/internal/organization/services/mapping_service.go:288.2,288.28 1 0
github.com/jaas/jaas/internal/organization/services/mapping_service.go:288.28,290.3 1 0
github.com/jaas/jaas/internal/organization/services/mapping_service.go:291.2,293.57 3 0
github.com/jaas/jaas/internal/organization/services/mapping_service.go:293.57,295.3 1 0
github.com/jaas/jaas/internal/organization/services/mapping_service.go:296.2,297.27 2 0
github.com/jaas/jaas/internal/organization/services/mapping_service.go:301.142,303.16 2 0
github.com/jaas/jaas/internal/organization/services/mapping_service.go:303.16,305.3 1 0
github.com/jaas/jaas/internal/organization/services/mapping_service.go:306.2,306.21 1 0
github.com/jaas/jaas/internal/organization/services/mapping_service.go:306.21,307.32 1 0
github.com/jaas/jaas/internal/organization/services/mapping_service.go:307.32,309.65 2 0
github.com/jaas/jaas/internal/organization/services/mapping_service.go:309.65,311.5 1 0
github.com/jaas/jaas/internal/organization/services/mapping_service.go:314.2,315.16 2 0
github.com/jaas/jaas/internal/organization/services/mapping_service.go:315.16,317.3 1 0
github.com/jaas/jaas/internal/organization/services/mapping_service.go:318.2,318.25 1 0
github.com/jaas/jaas/internal/organization/services/mapping_service.go:318.25,320.68 2 0
github.com/jaas/jaas/internal/organization/services/mapping_service.go:320.68,322.4 1 0
github.com/jaas/jaas/internal/organization/services/mapping_service.go:324.2,325.12 2 0
github.com/jaas/jaas/internal/organization/services/org_chart_service.go:35.84,36.20 1 0
github.com/jaas/jaas/internal/organization/services/org_chart_service.go:36.20,38.3 1 0
github.com/jaas/jaas/internal/organization/services/org_chart_service.go:39.2,39.82 1 0
github.com/jaas/jaas/internal/organization/services/org_chart_service.go:57.19,59.2 1 0
github.com/jaas/jaas/internal/organization/services/org_chart_service.go:61.83,63.2 1 0
github.com/jaas/jaas/internal/organization/services/org_chart_service.go:65.157,66.36 1 0
github.com/jaas/jaas/internal/organization/services/org_chart_service.go:66.36,68.3 1 0
github.com/jaas/jaas/internal/organization/services/org_chart_service.go:69.2,70.20 2 0
github.com/jaas/jaas/internal/organization/services/org_chart_service.go:70.20,71.81 1 0
github.com/jaas/jaas/internal/organization/services/org_chart_service.go:71.81,73.51 2 0
github.com/jaas/jaas/internal/organization/services/org_chart_service.go:73.51,75.5 1 0
github.com/jaas/jaas/internal/organization/services/org_chart_service.go:79.2,80.16 2 0
github.com/jaas/jaas/internal/organization/services/org_chart_service.go:80.16,82.3 1 0
github.com/jaas/jaas/internal/organization/services/org_chart_service.go:83.2,84.23 2 0
github.com/jaas/jaas/internal/organization/services/org_chart_service.go:84.23,85.54 1 0
github.com/jaas/jaas/internal/organization/services/org_chart_service.go:85.54,86.12 1 0
github.com/jaas/jaas/internal/organization/services/org_chart_service.go:88.3,89.17 2 0
github.com/jaas/jaas/internal/organization/services/org_chart_service.go:89.17,91.4 1 0
github.com/jaas/jaas/internal/organization/services/org_chart_service.go:92.3,92.31 1 0
github.com/jaas/jaas/internal/organization/services/org_chart_service.go:94.2,95.20 2 0
github.com/jaas/jaas/internal/organization/services/org_chart_service.go:95.20,96.49 1 0
github.com/jaas/jaas/internal/organization/services/org_chart_service.go:96.49,98.4 1 0
github.com/jaas/jaas/internal/organization/services/org_chart_service.go:100.2,100.18 1 0
github.com/jaas/jaas/internal/organization/services/org_chart_service.go:103.186,105.16 2 0
github.com/jaas/jaas/internal/organization/services/org_chart_service.go:105.16,107.3 1 0
github.com/jaas/jaas/internal/organization/services/org_chart_service.go:108.2,109.16 2 0
github.com/jaas/jaas/internal/organization/services/org_chart_service.go:109.16,111.3 1 0
github.com/jaas/jaas/internal/organization/services/org_chart_service.go:112.2,113.23 2 0
github.com/jaas/jaas/internal/organization/services/org_chart_service.go:113.23,114.54 1 0
github.com/jaas/jaas/internal/organization/services/org_chart_service.go:114.54,115.12 1 0
github.com/jaas/jaas/internal/organization/services/org_chart_service.go:117.3,118.17 2 0
github.com/jaas/jaas/internal/organization/services/org_chart_service.go:118.17,120.4 1 0
github.com/jaas/jaas/internal/organization/services/org_chart_service.go:121.3,127.5 1 0
github.com/jaas/jaas/internal/organization/services/org_chart_service.go:129.2,133.25 2 0
github.com/jaas/jaas/internal/organization/services/org_chart_service.go:133.25,135.3 1 0
github.com/jaas/jaas/internal/organization/services/org_chart_service.go:136.2,137.16 2 0
github.com/jaas/jaas/internal/organization/services/org_chart_service.go:137.16,139.3 1 0
github.com/jaas/jaas/internal/organization/services/org_chart_service.go:140.2,140.26 1 0
github.com/jaas/jaas/internal/organization/services/org_chart_service.go:140.26,141.57 1 0
github.com/jaas/jaas/internal/organization/services/org_chart_service.go:141.57,142.12 1 0
github.com/jaas/jaas/internal/organization/services/org_chart_service.go:144.3,145.17 2 0
github.com/jaas/jaas/internal/organization/services/org_chart_service.go:145.17,147.4 1 0
github.com/jaas/jaas/internal/organization/services/org_chart_service.go:148.3,148.48 1 0
github.com/jaas/jaas/internal/organization/services/org_chart_service.go:150.2,150.18 1 0
github.com/jaas/jaas/internal/organization/services/org_chart_service.go:153.134,155.16 2 0
github.com/jaas/jaas/internal/organization/services/org_chart_service.go:155.16,157.3 1 0
github.com/jaas/jaas/internal/organization/services/org_chart_service.go:158.2,159.20 2 0
github.com/jaas/jaas/internal/organization/services/org_chart_service.go:159.20,161.3 1 0
github.com/jaas/jaas/internal/organization/services/org_chart_service.go:162.2,163.27 2 0
github.com/jaas/jaas/internal/organization/services/org_chart_service.go:163.27,165.17 2 0
github.com/jaas/jaas/internal/organization/services/org_chart_service.go:165.17,167.4 1 0
github.com/jaas/jaas/internal/organization/services/org_chart_service.go:168.3,168.18 1 0
github.com/jaas/jaas/internal/organization/services/org_chart_service.go:168.18,170.18 2 0
github.com/jaas/jaas/internal/organization/services/org_chart_service.go:170.18,172.5 1 0
github.com/jaas/jaas/internal/organization/services/org_chart_service.go:173.4,179.5 1 0
github.com/jaas/jaas/internal/organization/services/org_chart_service.go:182.2,182.33 1 0
github.com/jaas/jaas/internal/organization/services/org_chart_service.go:182.33,184.17 2 0
github.com/jaas/jaas/internal/organization/services/org_chart_service.go:184.17,186.4 1 0
github.com/jaas/jaas/internal/organization/services/org_chart_service.go:187.3,187.18 1 0
github.com/jaas/jaas/internal/organization/services/org_chart_service.go:187.18,189.18 2 0
github.com/jaas/jaas/internal/organization/services/org_chart_service.go:189.18,191.5 1 0
github.com/jaas/jaas/internal/organization/services/org_chart_service.go:192.4,200.19 4 0
github.com/jaas/jaas/internal/organization/services/org_chart_service.go:200.19,202.36 2 0
github.com/jaas/jaas/internal/organization/services/org_chart_service.go:202.36,204.6 1 0
github.com/jaas/jaas/internal/organization/services/org_chart_service.go:205.5,206.19 2 0
github.com/jaas/jaas/internal/organization/services/org_chart_service.go:206.19,208.6 1 0
github.com/jaas/jaas/internal/organization/services/org_chart_service.go:209.5,215.36 2 0
github.com/jaas/jaas/internal/organization/services/org_chart_service.go:219.2,220.16 2 0
github.com/jaas/jaas/internal/organization/services/org_chart_service.go:220.16,222.3 1 0
github.com/jaas/jaas/internal/organization/services/org_chart_service.go:223.2,223.25 1 0
github.com/jaas/jaas/internal/organization/services/org_chart_service.go:223.25,225.3 1 0
github.com/jaas/jaas/internal/organization/services/org_chart_service.go:226.2,226.31 1 0
github.com/jaas/jaas/internal/organization/services/org_chart_service.go:226.31,228.3 1 0
github.com/jaas/jaas/internal/organization/services/org_chart_service.go:229.2,229.18 1 0
github.com/jaas/jaas/internal/organization/services/team_service.go:43.15,45.2 1 0
github.com/jaas/jaas/internal/organization/services/team_service.go:47.123,48.36 1 0
github.com/jaas/jaas/internal/organization/services/team_service.go:48.36,50.3 1 0
github.com/jaas/jaas/internal/organization/services/team_service.go:51.2,52.16 2 0
github.com/jaas/jaas/internal/organization/services/team_service.go:52.16,54.3 1 0
github.com/jaas/jaas/internal/organization/services/team_service.go:55.2,56.16 2 0
github.com/jaas/jaas/internal/organization/services/team_service.go:56.16,58.3 1 0
github.com/jaas/jaas/internal/organization/services/team_service.go:59.2,59.38 1 0
github.com/jaas/jaas/internal/organization/services/team_service.go:59.38,61.3 1 0
github.com/jaas/jaas/internal/organization/services/team_service.go:62.2,62.17 1 0
github.com/jaas/jaas/internal/organization/services/team_service.go:65.131,67.16 2 0
github.com/jaas/jaas/internal/organization/services/team_service.go:67.16,69.3 1 0
github.com/jaas/jaas/internal/organization/services/team_service.go:70.2,75.8 1 0
github.com/jaas/jaas/internal/organization/services/team_service.go:78.167,80.16 2 0
github.com/jaas/jaas/internal/organization/services/team_service.go:80.16,82.3 1 0
github.com/jaas/jaas/internal/organization/services/team_service.go:83.2,84.16 2 0
github.com/jaas/jaas/internal/organization/services/team_service.go:84.16,86.3 1 0
github.com/jaas/jaas/internal/organization/services/team_service.go:87.2,87.17 1 0
github.com/jaas/jaas/internal/organization/services/team_service.go:87.17,89.3 1 0
github.com/jaas/jaas/internal/organization/services/team_service.go:90.2,91.16 2 0
github.com/jaas/jaas/internal/organization/services/team_service.go:91.16,93.3 1 0
github.com/jaas/jaas/internal/organization/services/team_service.go:94.2,94.21 1 0
github.com/jaas/jaas/internal/organization/services/team_service.go:94.21,96.3 1 0
github.com/jaas/jaas/internal/organization/services/team_service.go:97.2,98.16 2 0
github.com/jaas/jaas/internal/organization/services/team_service.go:98.16,100.3 1 0
github.com/jaas/jaas/internal/organization/services/team_service.go:102.2,107.57 3 0
github.com/jaas/jaas/internal/organization/services/team_service.go:107.57,109.3 1 0
github.com/jaas/jaas/internal/organization/services/team_service.go:111.2,115.46 3 0
github.com/jaas/jaas/internal/organization/services/team_service.go:118.116,120.16 2 0
github.com/jaas/jaas/internal/organization/services/team_service.go:120.16,122.3 1 0
github.com/jaas/jaas/internal/organization/services/team_service.go:123.2,123.17 1 0
github.com/jaas/jaas/internal/organization/services/team_service.go:123.17,125.3 1 0
github.com/jaas/jaas/internal/organization/services/team_service.go:126.2,126.46 1 0
github.com/jaas/jaas/internal/organization/services/team_service.go:129.162,131.16 2 0
github.com/jaas/jaas/internal/organization/services/team_service.go:131.16,133.3 1 0
github.com/jaas/jaas/internal/organization/services/team_service.go:134.2,135.23 2 0
github.com/jaas/jaas/internal/organization/services/team_service.go:135.23,137.17 2 0
github.com/jaas/jaas/internal/organization/services/team_service.go:137.17,139.4 1 0
github.com/jaas/jaas/internal/organization/services/team_service.go:140.3,140.17 1 0
github.com/jaas/jaas/internal/organization/services/team_service.go:142.2,142.98 1 0
github.com/jaas/jaas/internal/organization/services/team_service.go:145.146,147.16 2 0
github.com/jaas/jaas/internal/organization/services/team_service.go:147.16,149.3 1 0
github.com/jaas/jaas/internal/organization/services/team_service.go:150.2,150.17 1 0
github.com/jaas/jaas/internal/organization/services/team_service.go:150.17,152.3 1 0
github.com/jaas/jaas/internal/organization/services/team_service.go:154.2,155.28 2 0
github.com/jaas/jaas/internal/organization/services/team_service.go:155.28,157.3 1 0
github.com/jaas/jaas/internal/organization/services/team_service.go:158.2,158.29 1 0
github.com/jaas/jaas/internal/organization/services/team_service.go:158.29,160.17 2 0
github.com/jaas/jaas/internal/organization/services/team_service.go:160.17,162.4 1 0
github.com/jaas/jaas/internal/organization/services/team_service.go:163.3,164.17 2 0
github.com/jaas/jaas/internal/organization/services/team_service.go:164.17,166.4 1 0
github.com/jaas/jaas/internal/organization/services/team_service.go:167.3,167.18 1 0
github.com/jaas/jaas/internal/organization/services/team_service.go:167.18,169.4 1 0
github.com/jaas/jaas/internal/organization/services/team_service.go:170.3,170.29 1 0
github.com/jaas/jaas/internal/organization/services/team_service.go:172.2,172.21 1 0
github.com/jaas/jaas/internal/organization/services/team_service.go:172.21,174.24 2 0
github.com/jaas/jaas/internal/organization/services/team_service.go:174.24,177.18 2 0
github.com/jaas/jaas/internal/organization/services/team_service.go:177.18,179.5 1 0
github.com/jaas/jaas/internal/organization/services/team_service.go:180.4,180.49 1 0
github.com/jaas/jaas/internal/organization/services/team_service.go:180.49,182.5 1 0
github.com/jaas/jaas/internal/organization/services/team_service.go:183.4,183.20 1 0
github.com/jaas/jaas/internal/organization/services/team_service.go:186.2,186.27 1 0
github.com/jaas/jaas/internal/organization/services/team_service.go:186.27,188.17 2 0
github.com/jaas/jaas/internal/organization/services/team_service.go:188.17,190.4 1 0
github.com/jaas/jaas/internal/organization/services/team_service.go:191.3,191.27 1 0
github.com/jaas/jaas/internal/organization/services/team_service.go:194.2,194.57 1 0
github.com/jaas/jaas/internal/organization/services/team_service.go:194.57,196.3 1 0
github.com/jaas/jaas/internal/organization/services/team_service.go:197.2,199.46 2 0
github.com/jaas/jaas/internal/organization/services/team_service.go:202.139,204.16 2 0
github.com/jaas/jaas/internal/organization/services/team_service.go:204.16,206.3 1 0
github.com/jaas/jaas/internal/organization/services/team_service.go:207.2,207.17 1 0
github.com/jaas/jaas/internal/organization/services/team_service.go:207.17,209.3 1 0
github.com/jaas/jaas/internal/organization/services/team_service.go:210.2,210.31 1 0
github.com/jaas/jaas/internal/organization/services/team_service.go:210.31,212.3 1 0
github.com/jaas/jaas/internal/organization/services/team_service.go:213.2,214.16 2 0
github.com/jaas/jaas/internal/organization/services/team_service.go:214.16,216.3 1 0
github.com/jaas/jaas/internal/organization/services/team_service.go:217.2,217.15 1 0
github.com/jaas/jaas/internal/organization/services/team_service.go:217.15,219.3 1 0
github.com/jaas/jaas/internal/organization/services/team_service.go:220.2,221.57 2 0
github.com/jaas/jaas/internal/organization/services/team_service.go:221.57,223.3 1 0
github.com/jaas/jaas/internal/organization/services/team_service.go:224.2,225.46 2 0
github.com/jaas/jaas/internal/employee/services/document_service.go:32.27,38.2 1 0
github.com/jaas/jaas/internal/employee/services/document_service.go:40.156,42.16 2 0
github.com/jaas/jaas/internal/employee/services/document_service.go:42.16,44.3 1 0
github.com/jaas/jaas/internal/employee/services/document_service.go:45.2,45.20 1 0
github.com/jaas/jaas/internal/employee/services/document_service.go:45.20,47.3 1 0
github.com/jaas/jaas/internal/employee/services/document_service.go:49.2,59.56 3 0
github.com/jaas/jaas/internal/employee/services/document_service.go:59.56,61.3 1 0
github.com/jaas/jaas/internal/employee/services/document_service.go:63.2,63.37 1 0
github.com/jaas/jaas/internal/employee/services/document_service.go:66.124,68.16 2 0
github.com/jaas/jaas/internal/employee/services/document_service.go:68.16,70.3 1 0
github.com/jaas/jaas/internal/employee/services/document_service.go:72.2,73.22 2 0
github.com/jaas/jaas/internal/employee/services/document_service.go:73.22,75.3 1 0
github.com/jaas/jaas/internal/employee/services/document_service.go:76.2,76.17 1 0
github.com/jaas/jaas/internal/employee/services/document_service.go:79.144,81.16 2 0
github.com/jaas/jaas/internal/employee/services/document_service.go:81.16,83.3 1 0
github.com/jaas/jaas/internal/employee/services/document_service.go:85.2,85.54 1 0
github.com/jaas/jaas/internal/employee/services/document_service.go:85.54,87.3 1 0
github.com/jaas/jaas/internal/employee/services/document_service.go:89.2,93.56 4 0
github.com/jaas/jaas/internal/employee/services/document_service.go:93.56,95.3 1 0
github.com/jaas/jaas/internal/employee/services/document_service.go:97.2,97.24 1 0
github.com/jaas/jaas/internal/employee/services/document_service.go:97.24,100.3 2 0
github.com/jaas/jaas/internal/employee/services/document_service.go:102.2,102.37 1 0
github.com/jaas/jaas/internal/employee/services/document_service.go:105.75,106.14 1 0
github.com/jaas/jaas/internal/employee/services/document_service.go:106.14,108.3 1 0
github.com/jaas/jaas/internal/employee/services/document_service.go:109.2,120.3 1 0
github.com/jaas/jaas/internal/employee/services/employee_service.go:49.19,58.2 1 0
github.com/jaas/jaas/internal/employee/services/employee_service.go:60.145,61.74 1 0
github.com/jaas/jaas/internal/employee/services/employee_service.go:61.74,63.3 1 0
github.com/jaas/jaas/internal/employee/services/employee_service.go:64.2,64.78 1 0
github.com/jaas/jaas/internal/employee/services/employee_service.go:64.78,66.3 1 0
github.com/jaas/jaas/internal/employee/services/employee_service.go:69.2,69.22 1 0
github.com/jaas/jaas/internal/employee/services/employee_service.go:69.22,71.32 2 0
github.com/jaas/jaas/internal/employee/services/employee_service.go:71.32,73.4 1 0
github.com/jaas/jaas/internal/employee/services/employee_service.go:77.2,78.16 2 0
github.com/jaas/jaas/internal/employee/services/employee_service.go:78.16,80.3 1 0
github.com/jaas/jaas/internal/employee/services/employee_service.go:81.2,81.21 1 0
github.com/jaas/jaas/internal/employee/services/employee_service.go:81.21,83.3 1 0
github.com/jaas/jaas/internal/employee/services/employee_service.go:86.2,87.29 2 0
github.com/jaas/jaas/internal/employee/services/employee_service.go:87.29,89.3 1 0
github.com/jaas/jaas/internal/employee/services/employee_service.go:91.2,93.75 3 0
github.com/jaas/jaas/internal/employee/services/employee_service.go:93.75,95.3 1 0
github.com/jaas/jaas/internal/employee/services/employee_service.go:97.2,114.23 5 0
github.com/jaas/jaas/internal/employee/services/employee_service.go:114.23,116.3 1 0
github.com/jaas/jaas/internal/employee/services/employee_service.go:118.2,147.17 7 0
github.com/jaas/jaas/internal/employee/services/employee_service.go:147.17,148.67 1 0
github.com/jaas/jaas/internal/employee/services/employee_service.go:148.67,150.57 2 0
github.com/jaas/jaas/internal/employee/services/employee_service.go:150.57,152.5 1 0
github.com/jaas/jaas/internal/employee/services/employee_service.go:153.4,153.54 1 0
github.com/jaas/jaas/internal/employee/services/employee_service.go:153.54,155.5 1 0
github.com/jaas/jaas/internal/employee/services/employee_service.go:156.4,156.51 1 0
github.com/jaas/jaas/internal/employee/services/employee_service.go:156.51,158.5 1 0
github.com/jaas/jaas/internal/employee/services/employee_service.go:159.4,159.52 1 0
github.com/jaas/jaas/internal/employee/services/employee_service.go:159.52,161.5 1 0
github.com/jaas/jaas/internal/employee/services/employee_service.go:164.4,178.34 4 0
github.com/jaas/jaas/internal/employee/services/employee_service.go:180.3,180.17 1 0
github.com/jaas/jaas/internal/employee/services/employee_service.go:180.17,182.4 1 0
github.com/jaas/jaas/internal/employee/services/employee_service.go:183.8,186.28 2 0
github.com/jaas/jaas/internal/employee/services/employee_service.go:186.28,188.4 1 0
github.com/jaas/jaas/internal/employee/services/employee_service.go:191.2,194.24 3 0
github.com/jaas/jaas/internal/employee/services/employee_service.go:194.24,197.3 2 0
github.com/jaas/jaas/internal/employee/services/employee_service.go:199.2,199.41 1 0
github.com/jaas/jaas/internal/employee/services/employee_service.go:202.111,204.16 2 0
github.com/jaas/jaas/internal/employee/services/employee_service.go:204.16,206.3 1 0
github.com/jaas/jaas/internal/employee/services/employee_service.go:207.2,207.20 1 0
github.com/jaas/jaas/internal/employee/services/employee_service.go:207.20,209.3 1 0
github.com/jaas/jaas/internal/employee/services/employee_service.go:210.2,210.41 1 0
github.com/jaas/jaas/internal/employee/services/employee_service.go:213.119,215.16 2 0
github.com/jaas/jaas/internal/employee/services/employee_service.go:215.16,217.3 1 0
github.com/jaas/jaas/internal/employee/services/employee_service.go:218.2,218.20 1 0
github.com/jaas/jaas/internal/employee/services/employee_service.go:218.20,220.3 1 0
github.com/jaas/jaas/internal/employee/services/employee_service.go:221.2,221.41 1 0
github.com/jaas/jaas/internal/employee/services/employee_service.go:224.139,226.16 2 0
github.com/jaas/jaas/internal/employee/services/employee_service.go:226.16,228.3 1 0
github.com/jaas/jaas/internal/employee/services/employee_service.go:230.2,231.26 2 0
github.com/jaas/jaas/internal/employee/services/employee_service.go:231.26,233.3 1 0
github.com/jaas/jaas/internal/employee/services/employee_service.go:234.2,234.24 1 0
github.com/jaas/jaas/internal/employee/services/employee_service.go:237.141,239.16 2 0
github.com/jaas/jaas/internal/employee/services/employee_service.go:239.16,241.3 1 0
github.com/jaas/jaas/internal/employee/services/employee_service.go:242.2,242.20 1 0
github.com/jaas/jaas/internal/employee/services/employee_service.go:242.20,244.3 1 0
github.com/jaas/jaas/internal/employee/services/employee_service.go:246.2,246.26 1 0
github.com/jaas/jaas/internal/employee/services/employee_service.go:246.26,248.3 1 0
github.com/jaas/jaas/internal/employee/services/employee_service.go:249.2,249.25 1 0
github.com/jaas/jaas/internal/employee/services/employee_service.go:249.25,251.3 1 0
github.com/jaas/jaas/internal/employee/services/employee_service.go:252.2,252.28 1 0
github.com/jaas/jaas/internal/employee/services/employee_service.go:252.28,254.3 1 0
github.com/jaas/jaas/internal/employee/services/employee_service.go:255.2,255.23 1 0
github.com/jaas/jaas/internal/employee/services/employee_service.go:255.23,257.3 1 0
github.com/jaas/jaas/internal/employee/services/employee_service.go:258.2,258.28 1 0
github.com/jaas/jaas/internal/employee/services/employee_service.go:258.28,260.3 1 0
github.com/jaas/jaas/internal/employee/services/employee_service.go:261.2,261.30 1 0
github.com/jaas/jaas/internal/employee/services/employee_service.go:261.30,263.3 1 0
github.com/jaas/jaas/internal/employee/services/employee_service.go:264.2,264.27 1 0
github.com/jaas/jaas/internal/employee/services/employee_service.go:264.27,266.3 1 0
github.com/jaas/jaas/internal/employee/services/employee_service.go:267.2,267.26 1 0
github.com/jaas/jaas/internal/employee/services/employee_service.go:267.26,269.3 1 0
github.com/jaas/jaas/internal/employee/services/employee_service.go:271.2,271.64 1 0
github.com/jaas/jaas/internal/employee/services/employee_service.go:271.64,273.3 1 0
github.com/jaas/jaas/internal/employee/services/employee_service.go:275.2,275.41 1 0
github.com/jaas/jaas/internal/employee/services/employee_service.go:278.159,280.16 2 0
github.com/jaas/jaas/internal/employee/services/employee_service.go:280.16,282.3 1 0
github.com/jaas/jaas/internal/employee/services/employee_service.go:283.2,283.20 1 0
github.com/jaas/jaas/internal/employee/services/employee_service.go:283.20,285.3 1 0
github.com/jaas/jaas/internal/employee/services/employee_service.go:287.2,287.28 1 0
github.com/jaas/jaas/internal/employee/services/employee_service.go:287.28,292.3 2 0
github.com/jaas/jaas/internal/employee/services/employee_service.go:294.2,294.30 1 0
github.com/jaas/jaas/internal/employee/services/employee_service.go:294.30,296.3 1 0
github.com/jaas/jaas/internal/employee/services/employee_service.go:297.2,297.31 1 0
github.com/jaas/jaas/internal/employee/services/employee_service.go:297.31,299.3 1 0
github.com/jaas/jaas/internal/employee/services/employee_service.go:300.2,300.33 1 0
github.com/jaas/jaas/internal/employee/services/employee_service.go:300.33,302.3 1 0
github.com/jaas/jaas/internal/employee/services/employee_service.go:303.2,303.34 1 0
github.com/jaas/jaas/internal/employee/services/employee_service.go:303.34,304.86 1 0
github.com/jaas/jaas/internal/employee/services/employee_service.go:304.86,306.4 1 0
github.com/jaas/jaas/internal/employee/services/employee_service.go:307.3,308.15 2 0
github.com/jaas/jaas/internal/employee/services/employee_service.go:308.15,310.4 1 0
github.com/jaas/jaas/internal/employee/services/employee_service.go:311.3,311.41 1 0
github.com/jaas/jaas/internal/employee/services/employee_service.go:314.2,314.79 1 0
github.com/jaas/jaas/internal/employee/services/employee_service.go:314.79,316.3 1 0
github.com/jaas/jaas/internal/employee/services/employee_service.go:318.2,318.41 1 0
github.com/jaas/jaas/internal/employee/services/employee_service.go:321.153,322.62 1 0
github.com/jaas/jaas/internal/employee/services/employee_service.go:322.62,324.3 1 0
github.com/jaas/jaas/internal/employee/services/employee_service.go:326.2,327.16 2 0
github.com/jaas/jaas/internal/employee/services/employee_service.go:327.16,329.3 1 0
github.com/jaas/jaas/internal/employee/services/employee_service.go:330.2,330.20 1 0
github.com/jaas/jaas/internal/employee/services/employee_service.go:330.20,332.3 1 0
github.com/jaas/jaas/internal/employee/services/employee_service.go:334.2,336.28 3 0
github.com/jaas/jaas/internal/employee/services/employee_service.go:336.28,338.3 1 0
github.com/jaas/jaas/internal/employee/services/employee_service.go:340.2,340.76 1 0
github.com/jaas/jaas/internal/employee/services/employee_service.go:340.76,342.3 1 0
github.com/jaas/jaas/internal/employee/services/employee_service.go:344.2,349.17 5 0
github.com/jaas/jaas/internal/employee/services/employee_service.go:349.17,350.67 1 0
github.com/jaas/jaas/internal/employee/services/employee_service.go:350.67,352.57 2 0
github.com/jaas/jaas/internal/employee/services/employee_service.go:352.57,354.5 1 0
github.com/jaas/jaas/internal/employee/services/employee_service.go:355.4,355.39 1 0
github.com/jaas/jaas/internal/employee/services/employee_service.go:355.39,356.91 1 0
github.com/jaas/jaas/internal/employee/services/employee_service.go:356.91,358.6 1 0
github.com/jaas/jaas/internal/employee/services/employee_service.go:362.4,362.38 1 0
github.com/jaas/jaas/internal/employee/services/employee_service.go:362.38,363.99 1 0
github.com/jaas/jaas/internal/employee/services/employee_service.go:363.99,365.64 2 0
github.com/jaas/jaas/internal/employee/services/employee_service.go:365.64,367.7 1 0
github.com/jaas/jaas/internal/employee/services/employee_service.go:372.4,380.36 3 0
github.com/jaas/jaas/internal/employee/services/employee_service.go:382.3,382.17 1 0
github.com/jaas/jaas/internal/employee/services/employee_service.go:382.17,384.4 1 0
github.com/jaas/jaas/internal/employee/services/employee_service.go:385.8,387.3 1 0
github.com/jaas/jaas/internal/employee/services/employee_service.go:389.2,389.24 1 0
github.com/jaas/jaas/internal/employee/services/employee_service.go:389.24,397.3 2 0
github.com/jaas/jaas/internal/employee/services/employee_service.go:399.2,399.41 1 0
github.com/jaas/jaas/internal/employee/services/employee_service.go:402.89,404.16 2 0
github.com/jaas/jaas/internal/employee/services/employee_service.go:404.16,406.3 1 0
github.com/jaas/jaas/internal/employee/services/employee_service.go:407.2,407.20 1 0
github.com/jaas/jaas/internal/employee/services/employee_service.go:407.20,409.3 1 0
github.com/jaas/jaas/internal/employee/services/employee_service.go:410.2,411.48 2 0
github.com/jaas/jaas/internal/employee/services/employee_service.go:414.74,415.14 1 0
github.com/jaas/jaas/internal/employee/services/employee_service.go:415.14,417.3 1 0
github.com/jaas/jaas/internal/employee/services/employee_service.go:418.2,436.31 2 0
github.com/jaas/jaas/internal/employee/services/employee_service.go:436.31,447.3 1 0
github.com/jaas/jaas/internal/employee/services/employee_service.go:449.2,449.22 1 0
github.com/jaas/jaas/internal/employee/services/employee_service.go:449.22,458.3 1 0
github.com/jaas/jaas/internal/employee/services/employee_service.go:460.2,460.12 1 0
github.com/jaas/jaas/internal/employee/services/employee_service.go:466.137,469.14 3 0
github.com/jaas/jaas/internal/employee/services/employee_service.go:469.14,470.17 1 0
github.com/jaas/jaas/internal/employee/services/employee_service.go:470.17,472.4 1 0
github.com/jaas/jaas/internal/employee/services/employee_service.go:473.3,473.19 1 0
github.com/jaas/jaas/internal/employee/services/employee_service.go:475.2,475.33 1 0
github.com/jaas/jaas/internal/employee/services/employee_service.go:475.33,477.3 1 0
github.com/jaas/jaas/internal/employee/services/employee_service.go:478.2,478.32 1 0
github.com/jaas/jaas/internal/employee/services/employee_service.go:478.32,480.3 1 0
github.com/jaas/jaas/internal/employee/services/employee_service.go:481.2,481.25 1 0
github.com/jaas/jaas/internal/employee/services/employee_service.go:481.25,483.3 1 0
github.com/jaas/jaas/internal/employee/services/employee_service.go:484.2,484.26 1 0
github.com/jaas/jaas/internal/employee/services/employee_service.go:484.26,486.3 1 0
github.com/jaas/jaas/internal/employee/services/employee_service.go:487.2,487.55 1 0
github.com/jaas/jaas/internal/employee/services/employee_service.go:487.55,488.32 1 0
github.com/jaas/jaas/internal/employee/services/employee_service.go:488.32,490.4 1 0
github.com/jaas/jaas/internal/employee/services/employee_service.go:491.3,491.26 1 0
github.com/jaas/jaas/internal/employee/services/employee_service.go:493.2,493.54 1 0
github.com/jaas/jaas/internal/employee/services/employee_service.go:493.54,494.31 1 0
github.com/jaas/jaas/internal/employee/services/employee_service.go:494.31,496.4 1 0
github.com/jaas/jaas/internal/employee/services/employee_service.go:497.3,497.24 1 0
github.com/jaas/jaas/internal/employee/services/employee_service.go:497.24,500.4 2 0
github.com/jaas/jaas/internal/employee/services/employee_service.go:502.2,502.16 1 0
github.com/jaas/jaas/internal/employee/services/employee_service.go:502.16,503.24 1 0
github.com/jaas/jaas/internal/employee/services/employee_service.go:503.24,505.4 1 0
github.com/jaas/jaas/internal/employee/services/employee_service.go:506.3,506.24 1 0
github.com/jaas/jaas/internal/employee/services/employee_service.go:508.2,508.18 1 0
github.com/jaas/jaas/internal/employee/services/event_consumer.go:21.85,26.2 1 0
github.com/jaas/jaas/internal/employee/services/event_consumer.go:28.102,30.34 2 0
github.com/jaas/jaas/internal/employee/services/event_consumer.go:30.34,31.22 1 0
github.com/jaas/jaas/internal/employee/services/event_consumer.go:31.22,33.4 1 0
github.com/jaas/jaas/internal/employee/services/event_consumer.go:34.3,34.13 1 0
github.com/jaas/jaas/internal/employee/services/event_consumer.go:39.2,39.24 1 0
github.com/jaas/jaas/internal/employee/services/event_consumer.go:40.44,41.13 1 0
github.com/jaas/jaas/internal/employee/services/event_consumer.go:44.2,51.12 3 0
github.com/jaas/jaas/internal/employee/services/statutory_service.go:26.28,31.2 1 0
github.com/jaas/jaas/internal/employee/services/statutory_service.go:33.151,35.16 2 0
github.com/jaas/jaas/internal/employee/services/statutory_service.go:35.16,37.3 1 0
github.com/jaas/jaas/internal/employee/services/statutory_service.go:38.2,38.17 1 0
github.com/jaas/jaas/internal/employee/services/statutory_service.go:38.17,40.3 1 0
github.com/jaas/jaas/internal/employee/services/statutory_service.go:42.2,49.15 2 0
github.com/jaas/jaas/internal/employee/services/statutory_service.go:49.15,53.3 3 0
github.com/jaas/jaas/internal/employee/services/statutory_service.go:53.8,57.3 3 0
github.com/jaas/jaas/internal/employee/services/statutory_service.go:59.2,59.17 1 0
github.com/jaas/jaas/internal/employee/services/statutory_service.go:62.159,65.16 2 0
github.com/jaas/jaas/internal/employee/services/statutory_service.go:65.16,67.3 1 0
github.com/jaas/jaas/internal/employee/services/statutory_service.go:68.2,68.20 1 0
github.com/jaas/jaas/internal/employee/services/statutory_service.go:68.20,70.3 1 0
github.com/jaas/jaas/internal/employee/services/statutory_service.go:72.2,82.63 3 0
github.com/jaas/jaas/internal/employee/services/statutory_service.go:82.63,84.3 1 0
github.com/jaas/jaas/internal/employee/services/statutory_service.go:86.2,94.8 1 0
github.com/jaas/jaas/internal/employee/services/statutory_service.go:97.34,98.17 1 0
github.com/jaas/jaas/internal/employee/services/statutory_service.go:98.17,100.3 1 0
github.com/jaas/jaas/internal/employee/services/statutory_service.go:101.2,101.30 1 0
github.com/jaas/jaas/internal/employee/services/timeline_service.go:25.27,30.2 1 0
github.com/jaas/jaas/internal/employee/services/timeline_service.go:32.124,34.16 2 0
github.com/jaas/jaas/internal/employee/services/timeline_service.go:34.16,36.3 1 0
github.com/jaas/jaas/internal/employee/services/timeline_service.go:37.2,37.20 1 0
github.com/jaas/jaas/internal/employee/services/timeline_service.go:37.20,39.3 1 0
github.com/jaas/jaas/internal/employee/services/timeline_service.go:41.2,42.16 2 0
github.com/jaas/jaas/internal/employee/services/timeline_service.go:42.16,44.3 1 0
github.com/jaas/jaas/internal/employee/services/timeline_service.go:46.2,47.27 2 0
github.com/jaas/jaas/internal/employee/services/timeline_service.go:47.27,49.3 1 0
github.com/jaas/jaas/internal/employee/services/timeline_service.go:50.2,50.17 1 0
github.com/jaas/jaas/internal/employee/services/timeline_service.go:53.75,54.14 1 0
github.com/jaas/jaas/internal/employee/services/timeline_service.go:54.14,56.3 1 0
github.com/jaas/jaas/internal/employee/services/timeline_service.go:57.2,65.3 1 0
github.com/jaas/jaas/internal/organization/services/department_service.go:41.21,43.2 1 0
github.com/jaas/jaas/internal/organization/services/department_service.go:45.191,47.16 2 0
github.com/jaas/jaas/internal/organization/services/department_service.go:47.16,49.3 1 0
github.com/jaas/jaas/internal/organization/services/department_service.go:50.2,50.21 1 0
github.com/jaas/jaas/internal/organization/services/department_service.go:50.21,52.3 1 0
github.com/jaas/jaas/internal/organization/services/department_service.go:54.2,55.16 2 0
github.com/jaas/jaas/internal/organization/services/department_service.go:55.16,57.3 1 0
github.com/jaas/jaas/internal/organization/services/department_service.go:58.2,58.21 1 0
github.com/jaas/jaas/internal/organization/services/department_service.go:58.21,60.17 2 0
github.com/jaas/jaas/internal/organization/services/department_service.go:60.17,62.4 1 0
github.com/jaas/jaas/internal/organization/services/department_service.go:63.3,63.20 1 0
github.com/jaas/jaas/internal/organization/services/department_service.go:63.20,65.4 1 0
github.com/jaas/jaas/internal/organization/services/department_service.go:66.3,66.84 1 0
github.com/jaas/jaas/internal/organization/services/department_service.go:66.84,68.4 1 0
github.com/jaas/jaas/internal/organization/services/department_service.go:71.2,79.57 3 0
github.com/jaas/jaas/internal/organization/services/department_service.go:79.57,81.3 1 0
github.com/jaas/jaas/internal/organization/services/department_service.go:83.2,88.63 3 0
github.com/jaas/jaas/internal/organization/services/department_service.go:91.134,93.16 2 0
github.com/jaas/jaas/internal/organization/services/department_service.go:93.16,95.3 1 0
github.com/jaas/jaas/internal/organization/services/department_service.go:96.2,96.17 1 0
github.com/jaas/jaas/internal/organization/services/department_service.go:96.17,98.3 1 0
github.com/jaas/jaas/internal/organization/services/department_service.go:99.2,99.63 1 0
github.com/jaas/jaas/internal/organization/services/department_service.go:102.155,104.16 2 0
github.com/jaas/jaas/internal/organization/services/department_service.go:104.16,106.3 1 0
github.com/jaas/jaas/internal/organization/services/department_service.go:107.2,108.23 2 0
github.com/jaas/jaas/internal/organization/services/department_service.go:108.23,110.17 2 0
github.com/jaas/jaas/internal/organization/services/department_service.go:110.17,112.4 1 0
github.com/jaas/jaas/internal/organization/services/department_service.go:113.3,113.17 1 0
github.com/jaas/jaas/internal/organization/services/department_service.go:115.2,115.104 1 0
github.com/jaas/jaas/internal/organization/services/department_service.go:118.170,120.16 2 0
github.com/jaas/jaas/internal/organization/services/department_service.go:120.16,122.3 1 0
github.com/jaas/jaas/internal/organization/services/department_service.go:123.2,123.17 1 0
github.com/jaas/jaas/internal/organization/services/department_service.go:123.17,125.3 1 0
github.com/jaas/jaas/internal/organization/services/department_service.go:127.2,127.66 1 0
github.com/jaas/jaas/internal/organization/services/department_service.go:127.66,129.17 2 0
github.com/jaas/jaas/internal/organization/services/department_service.go:129.17,131.4 1 0
github.com/jaas/jaas/internal/organization/services/department_service.go:132.3,132.48 1 0
github.com/jaas/jaas/internal/organization/services/department_service.go:132.48,134.4 1 0
github.com/jaas/jaas/internal/organization/services/department_service.go:135.3,135.43 1 0
github.com/jaas/jaas/internal/organization/services/department_service.go:137.2,137.28 1 0
github.com/jaas/jaas/internal/organization/services/department_service.go:137.28,139.3 1 0
github.com/jaas/jaas/internal/organization/services/department_service.go:140.2,140.35 1 0
github.com/jaas/jaas/internal/organization/services/department_service.go:140.35,142.17 2 0
github.com/jaas/jaas/internal/organization/services/department_service.go:142.17,144.4 1 0
github.com/jaas/jaas/internal/organization/services/department_service.go:145.3,145.46 1 0
github.com/jaas/jaas/internal/organization/services/department_service.go:145.46,147.4 1 0
github.com/jaas/jaas/internal/organization/services/department_service.go:148.3,148.22 1 0
github.com/jaas/jaas/internal/organization/services/department_service.go:148.22,150.18 2 0
github.com/jaas/jaas/internal/organization/services/department_service.go:150.18,152.5 1 0
github.com/jaas/jaas/internal/organization/services/department_service.go:153.4,153.21 1 0
github.com/jaas/jaas/internal/organization/services/department_service.go:153.21,155.5 1 0
github.com/jaas/jaas/internal/organization/services/department_service.go:158.4,158.84 1 0
github.com/jaas/jaas/internal/organization/services/department_service.go:158.84,160.5 1 0
github.com/jaas/jaas/internal/organization/services/department_service.go:162.3,162.37 1 0
github.com/jaas/jaas/internal/organization/services/department_service.go:165.2,165.57 1 0
github.com/jaas/jaas/internal/organization/services/department_service.go:165.57,167.3 1 0
github.com/jaas/jaas/internal/organization/services/department_service.go:168.2,169.63 2 0
github.com/jaas/jaas/internal/organization/services/department_service.go:173.139,174.84 1 0
github.com/jaas/jaas/internal/organization/services/department_service.go:174.84,176.3 1 0
github.com/jaas/jaas/internal/organization/services/department_service.go:177.2,178.17 2 0
github.com/jaas/jaas/internal/organization/services/department_service.go:178.17,179.23 1 0
github.com/jaas/jaas/internal/organization/services/department_service.go:179.23,181.4 1 0
github.com/jaas/jaas/internal/organization/services/department_service.go:182.3,183.34 2 0
github.com/jaas/jaas/internal/organization/services/department_service.go:183.34,185.4 1 0
github.com/jaas/jaas/internal/organization/services/department_service.go:186.3,186.34 1 0
github.com/jaas/jaas/internal/organization/services/department_service.go:188.2,188.12 1 0
github.com/jaas/jaas/internal/organization/services/department_service.go:191.169,193.16 2 0
github.com/jaas/jaas/internal/organization/services/department_service.go:193.16,195.3 1 0
github.com/jaas/jaas/internal/organization/services/department_service.go:196.2,196.17 1 0
github.com/jaas/jaas/internal/organization/services/department_service.go:196.17,198.3 1 0
github.com/jaas/jaas/internal/organization/services/department_service.go:199.2,199.31 1 0
github.com/jaas/jaas/internal/organization/services/department_service.go:199.31,201.3 1 0
github.com/jaas/jaas/internal/organization/services/department_service.go:203.2,204.16 2 0
github.com/jaas/jaas/internal/organization/services/department_service.go:204.16,206.3 1 0
github.com/jaas/jaas/internal/organization/services/department_service.go:207.2,208.16 2 0
github.com/jaas/jaas/internal/organization/services/department_service.go:208.16,210.3 1 0
github.com/jaas/jaas/internal/organization/services/department_service.go:211.2,211.47 1 0
github.com/jaas/jaas/internal/organization/services/department_service.go:211.47,213.3 1 0
github.com/jaas/jaas/internal/organization/services/department_service.go:214.2,214.11 1 0
github.com/jaas/jaas/internal/organization/services/department_service.go:214.11,216.17 2 0
github.com/jaas/jaas/internal/organization/services/department_service.go:216.17,218.4 1 0
github.com/jaas/jaas/internal/organization/services/department_service.go:219.3,219.27 1 0
github.com/jaas/jaas/internal/organization/services/department_service.go:219.27,220.38 1 0
github.com/jaas/jaas/internal/organization/services/department_service.go:220.38,222.68 2 0
github.com/jaas/jaas/internal/organization/services/department_service.go:222.68,224.6 1 0
github.com/jaas/jaas/internal/organization/services/department_service.go:229.2,230.57 2 0
github.com/jaas/jaas/internal/organization/services/department_service.go:230.57,232.3 1 0
github.com/jaas/jaas/internal/organization/services/department_service.go:233.2,234.63 2 0
github.com/jaas/jaas/internal/organization/services/designation_service.go:33.183,35.2 1 0
github.com/jaas/jaas/internal/organization/services/designation_service.go:37.69,43.2 1 0
github.com/jaas/jaas/internal/organization/services/designation_service.go:45.195,47.16 2 0
github.com/jaas/jaas/internal/organization/services/designation_service.go:47.16,49.3 1 0
github.com/jaas/jaas/internal/organization/services/designation_service.go:50.2,50.21 1 0
github.com/jaas/jaas/internal/organization/services/designation_service.go:50.21,52.3 1 0
github.com/jaas/jaas/internal/organization/services/designation_service.go:53.2,58.50 3 0
github.com/jaas/jaas/internal/organization/services/designation_service.go:58.50,60.3 1 0
github.com/jaas/jaas/internal/organization/services/designation_service.go:61.2,62.31 2 0
github.com/jaas/jaas/internal/organization/services/designation_service.go:65.137,67.16 2 0
github.com/jaas/jaas/internal/organization/services/designation_service.go:67.16,69.3 1 0
github.com/jaas/jaas/internal/organization/services/designation_service.go:70.2,70.14 1 0
github.com/jaas/jaas/internal/organization/services/designation_service.go:70.14,72.3 1 0
github.com/jaas/jaas/internal/organization/services/designation_service.go:73.2,73.31 1 0
github.com/jaas/jaas/internal/organization/services/designation_service.go:76.158,78.16 2 0
github.com/jaas/jaas/internal/organization/services/designation_service.go:78.16,80.3 1 0
github.com/jaas/jaas/internal/organization/services/designation_service.go:81.2,82.21 2 0
github.com/jaas/jaas/internal/organization/services/designation_service.go:82.21,84.3 1 0
github.com/jaas/jaas/internal/organization/services/designation_service.go:85.2,85.105 1 0
github.com/jaas/jaas/internal/organization/services/designation_service.go:88.174,90.16 2 0
github.com/jaas/jaas/internal/organization/services/designation_service.go:90.16,92.3 1 0
github.com/jaas/jaas/internal/organization/services/designation_service.go:93.2,93.14 1 0
github.com/jaas/jaas/internal/organization/services/designation_service.go:93.14,95.3 1 0
github.com/jaas/jaas/internal/organization/services/designation_service.go:96.2,96.66 1 0
github.com/jaas/jaas/internal/organization/services/designation_service.go:96.66,98.17 2 0
github.com/jaas/jaas/internal/organization/services/designation_service.go:98.17,100.4 1 0
github.com/jaas/jaas/internal/organization/services/designation_service.go:101.3,101.45 1 0
github.com/jaas/jaas/internal/organization/services/designation_service.go:101.45,103.4 1 0
github.com/jaas/jaas/internal/organization/services/designation_service.go:104.3,104.42 1 0
github.com/jaas/jaas/internal/organization/services/designation_service.go:106.2,106.22 1 0
github.com/jaas/jaas/internal/organization/services/designation_service.go:106.22,108.3 1 0
github.com/jaas/jaas/internal/organization/services/designation_service.go:109.2,109.28 1 0
github.com/jaas/jaas/internal/organization/services/designation_service.go:109.28,111.3 1 0
github.com/jaas/jaas/internal/organization/services/designation_service.go:112.2,112.50 1 0
github.com/jaas/jaas/internal/organization/services/designation_service.go:112.50,114.3 1 0
github.com/jaas/jaas/internal/organization/services/designation_service.go:115.2,116.31 2 0
github.com/jaas/jaas/internal/organization/services/designation_service.go:119.160,121.16 2 0
github.com/jaas/jaas/internal/organization/services/designation_service.go:121.16,123.3 1 0
github.com/jaas/jaas/internal/organization/services/designation_service.go:124.2,124.14 1 0
github.com/jaas/jaas/internal/organization/services/designation_service.go:124.14,126.3 1 0
github.com/jaas/jaas/internal/organization/services/designation_service.go:127.2,127.28 1 0
github.com/jaas/jaas/internal/organization/services/designation_service.go:127.28,129.3 1 0
github.com/jaas/jaas/internal/organization/services/designation_service.go:131.2,132.16 2 0
github.com/jaas/jaas/internal/organization/services/designation_service.go:132.16,134.3 1 0
github.com/jaas/jaas/internal/organization/services/designation_service.go:135.2,135.18 1 0
github.com/jaas/jaas/internal/organization/services/designation_service.go:135.18,137.3 1 0
github.com/jaas/jaas/internal/organization/services/designation_service.go:138.2,139.50 2 0
github.com/jaas/jaas/internal/organization/services/designation_service.go:139.50,141.3 1 0
github.com/jaas/jaas/internal/organization/services/designation_service.go:142.2,143.31 2 0
github.com/jaas/jaas/internal/organization/services/event_consumer.go:25.64,27.2 1 0
github.com/jaas/jaas/internal/organization/services/event_consumer.go:29.154,30.20 1 0
github.com/jaas/jaas/internal/organization/services/event_consumer.go:31.38,34.53 2 0
github.com/jaas/jaas/internal/organization/services/event_consumer.go:34.53,36.4 1 0
github.com/jaas/jaas/internal/organization/services/event_consumer.go:37.3,37.91 1 0
github.com/jaas/jaas/internal/organization/services/event_consumer.go:38.96,41.13 1 0
github.com/jaas/jaas/internal/organization/services/event_consumer.go:42.10,43.68 1 0
github.com/jaas/jaas/internal/organization/services/helpers.go:30.47,31.26 1 0
github.com/jaas/jaas/internal/organization/services/helpers.go:31.26,33.3 1 0
github.com/jaas/jaas/internal/organization/services/helpers.go:34.2,35.16 2 0
github.com/jaas/jaas/internal/organization/services/helpers.go:35.16,37.3 1 0
github.com/jaas/jaas/internal/organization/services/helpers.go:38.2,38.17 1 0
github.com/jaas/jaas/internal/organization/services/helpers.go:42.42,43.15 1 0
github.com/jaas/jaas/internal/organization/services/helpers.go:43.15,45.3 1 0
github.com/jaas/jaas/internal/organization/services/helpers.go:46.2,47.11 2 0
github.com/jaas/jaas/internal/organization/services/helpers.go:51.152,55.17 4 0
github.com/jaas/jaas/internal/organization/services/helpers.go:55.17,56.17 1 0
github.com/jaas/jaas/internal/organization/services/helpers.go:56.17,58.4 1 0
github.com/jaas/jaas/internal/organization/services/helpers.go:59.3,61.43 3 0
github.com/jaas/jaas/internal/organization/services/helpers.go:61.43,63.4 1 0
github.com/jaas/jaas/internal/organization/services/helpers.go:64.3,65.34 2 0
github.com/jaas/jaas/internal/organization/services/helpers.go:65.34,67.4 1 0
github.com/jaas/jaas/internal/organization/services/helpers.go:68.3,68.34 1 0
github.com/jaas/jaas/internal/organization/services/helpers.go:70.2,70.12 1 0
github.com/jaas/jaas/internal/organization/services/helpers.go:74.162,79.36 5 0
github.com/jaas/jaas/internal/organization/services/helpers.go:79.36,80.36 1 0
github.com/jaas/jaas/internal/organization/services/helpers.go:80.36,81.9 1 0
github.com/jaas/jaas/internal/organization/services/helpers.go:83.3,87.34 5 0
github.com/jaas/jaas/internal/organization/services/helpers.go:87.34,89.4 1 0
github.com/jaas/jaas/internal/organization/services/helpers.go:90.3,90.15 1 0
github.com/jaas/jaas/internal/organization/services/helpers.go:92.2,92.25 1 0
github.com/jaas/jaas/internal/organization/services/helpers.go:95.177,97.16 2 0
github.com/jaas/jaas/internal/organization/services/helpers.go:97.16,99.3 1 0
github.com/jaas/jaas/internal/organization/services/helpers.go:100.2,112.8 1 0
github.com/jaas/jaas/internal/organization/services/helpers.go:118.123,119.78 1 0
github.com/jaas/jaas/internal/organization/services/helpers.go:119.78,121.3 1 0
github.com/jaas/jaas/internal/organization/services/helpers.go:122.2,122.15 1 0
github.com/jaas/jaas/internal/organization/services/helpers.go:122.15,124.3 1 0
github.com/jaas/jaas/internal/organization/services/helpers.go:125.2,126.16 2 0
github.com/jaas/jaas/internal/organization/services/helpers.go:126.16,128.3 1 0
github.com/jaas/jaas/internal/organization/services/helpers.go:129.2,135.4 1 0
github.com/jaas/jaas/internal/organization/services/mapping_service.go:45.18,47.2 1 0
github.com/jaas/jaas/internal/organization/services/mapping_service.go:49.57,57.2 1 0
github.com/jaas/jaas/internal/organization/services/mapping_service.go:60.104,62.16 2 0
github.com/jaas/jaas/internal/organization/services/mapping_service.go:62.16,64.3 1 0
github.com/jaas/jaas/internal/organization/services/mapping_service.go:65.2,65.38 1 0
github.com/jaas/jaas/internal/organization/services/mapping_service.go:65.38,67.3 1 0
github.com/jaas/jaas/internal/organization/services/mapping_service.go:68.2,68.12 1 0
github.com/jaas/jaas/internal/organization/services/mapping_service.go:72.159,73.19 1 0
github.com/jaas/jaas/internal/organization/services/mapping_service.go:73.19,75.17 2 0
github.com/jaas/jaas/internal/organization/services/mapping_service.go:75.17,77.4 1 0
github.com/jaas/jaas/internal/organization/services/mapping_service.go:78.3,78.18 1 0
github.com/jaas/jaas/internal/organization/services/mapping_service.go:78.18,80.4 1 0
github.com/jaas/jaas/internal/organization/services/mapping_service.go:82.2,83.19 2 0
github.com/jaas/jaas/internal/organization/services/mapping_service.go:83.19,85.17 2 0
github.com/jaas/jaas/internal/organization/services/mapping_service.go:85.17,87.4 1 0
github.com/jaas/jaas/internal/organization/services/mapping_service.go:88.3,88.15 1 0
github.com/jaas/jaas/internal/organization/services/mapping_service.go:88.15,90.4 1 0
github.com/jaas/jaas/internal/organization/services/mapping_service.go:91.3,91.11 1 0
github.com/jaas/jaas/internal/organization/services/mapping_service.go:93.2,93.20 1 0
github.com/jaas/jaas/internal/organization/services/mapping_service.go:93.20,95.17 2 0
github.com/jaas/jaas/internal/organization/services/mapping_service.go:95.17,97.4 1 0
github.com/jaas/jaas/internal/organization/services/mapping_service.go:98.3,98.15 1 0
github.com/jaas/jaas/internal/organization/services/mapping_service.go:98.15,100.4 1 0
github.com/jaas/jaas/internal/organization/services/mapping_service.go:102.2,102.66 1 0
github.com/jaas/jaas/internal/organization/services/mapping_service.go:102.66,104.3 1 0
github.com/jaas/jaas/internal/organization/services/mapping_service.go:105.2,105.22 1 0
github.com/jaas/jaas/internal/organization/services/mapping_service.go:105.22,106.25 1 0
github.com/jaas/jaas/internal/organization/services/mapping_service.go:106.25,108.4 1 0
github.com/jaas/jaas/internal/organization/services/mapping_service.go:109.3,109.68 1 0
github.com/jaas/jaas/internal/organization/services/mapping_service.go:109.68,111.4 1 0
github.com/jaas/jaas/internal/organization/services/mapping_service.go:112.3,112.85 1 0
github.com/jaas/jaas/internal/organization/services/mapping_service.go:112.85,114.4 1 0
github.com/jaas/jaas/internal/organization/services/mapping_service.go:116.2,116.12 1 0
github.com/jaas/jaas/internal/organization/services/mapping_service.go:120.122,123.26 3 0
github.com/jaas/jaas/internal/organization/services/mapping_service.go:123.26,124.16 1 0
github.com/jaas/jaas/internal/organization/services/mapping_service.go:124.16,126.4 1 0
github.com/jaas/jaas/internal/organization/services/mapping_service.go:127.3,129.67 3 0
github.com/jaas/jaas/internal/organization/services/mapping_service.go:129.67,131.4 1 0
github.com/jaas/jaas/internal/organization/services/mapping_service.go:132.3,132.31 1 0
github.com/jaas/jaas/internal/organization/services/mapping_service.go:134.2,134.128 1 0
github.com/jaas/jaas/internal/organization/services/mapping_service.go:137.179,139.16 2 0
github.com/jaas/jaas/internal/organization/services/mapping_service.go:139.16,141.3 1 0
github.com/jaas/jaas/internal/organization/services/mapping_service.go:142.2,142.63 1 0
github.com/jaas/jaas/internal/organization/services/mapping_service.go:142.63,144.3 1 0
github.com/jaas/jaas/internal/organization/services/mapping_service.go:145.2,146.16 2 0
github.com/jaas/jaas/internal/organization/services/mapping_service.go:146.16,148.3 1 0
github.com/jaas/jaas/internal/organization/services/mapping_service.go:149.2,150.16 2 0
github.com/jaas/jaas/internal/organization/services/mapping_service.go:150.16,152.3 1 0
github.com/jaas/jaas/internal/organization/services/mapping_service.go:153.2,154.16 2 0
github.com/jaas/jaas/internal/organization/services/mapping_service.go:154.16,156.3 1 0
github.com/jaas/jaas/internal/organization/services/mapping_service.go:157.2,158.16 2 0
github.com/jaas/jaas/internal/organization/services/mapping_service.go:158.16,160.3 1 0
github.com/jaas/jaas/internal/organization/services/mapping_service.go:161.2,161.54 1 0
github.com/jaas/jaas/internal/organization/services/mapping_service.go:161.54,163.3 1 0
github.com/jaas/jaas/internal/organization/services/mapping_service.go:164.2,164.99 1 0
github.com/jaas/jaas/internal/organization/services/mapping_service.go:164.99,166.3 1 0
github.com/jaas/jaas/internal/organization/services/mapping_service.go:167.2,167.19 1 0
github.com/jaas/jaas/internal/organization/services/mapping_service.go:167.19,169.17 2 0
github.com/jaas/jaas/internal/organization/services/mapping_service.go:169.17,171.4 1 0
github.com/jaas/jaas/internal/organization/services/mapping_service.go:172.3,172.22 1 0
github.com/jaas/jaas/internal/organization/services/mapping_service.go:172.22,174.4 1 0
github.com/jaas/jaas/internal/organization/services/mapping_service.go:177.2,182.57 3 0
github.com/jaas/jaas/internal/organization/services/mapping_service.go:182.57,184.3 1 0
github.com/jaas/jaas/internal/organization/services/mapping_service.go:186.2,190.27 3 0
github.com/jaas/jaas/internal/organization/services/mapping_service.go:193.125,195.16 2 0
github.com/jaas/jaas/internal/organization/services/mapping_service.go:195.16,197.3 1 0
github.com/jaas/jaas/internal/organization/services/mapping_service.go:198.2,198.14 1 0
github.com/jaas/jaas/internal/organization/services/mapping_service.go:198.14,200.3 1 0
github.com/jaas/jaas/internal/organization/services/mapping_service.go:201.2,201.27 1 0
github.com/jaas/jaas/internal/organization/services/mapping_service.go:204.158,206.16 2 0
github.com/jaas/jaas/internal/organization/services/mapping_service.go:206.16,208.3 1 0
github.com/jaas/jaas/internal/organization/services/mapping_service.go:209.2,210.21 2 0
github.com/jaas/jaas/internal/organization/services/mapping_service.go:210.21,212.3 1 0
github.com/jaas/jaas/internal/organization/services/mapping_service.go:213.2,213.101 1 0
github.com/jaas/jaas/internal/organization/services/mapping_service.go:216.158,218.16 2 0
github.com/jaas/jaas/internal/organization/services/mapping_service.go:218.16,220.3 1 0
github.com/jaas/jaas/internal/organization/services/mapping_service.go:221.2,221.14 1 0
github.com/jaas/jaas/internal/organization/services/mapping_service.go:221.14,223.3 1 0
github.com/jaas/jaas/internal/organization/services/mapping_service.go:225.2,229.29 5 0
github.com/jaas/jaas/internal/organization/services/mapping_service.go:229.29,231.17 2 0
github.com/jaas/jaas/internal/organization/services/mapping_service.go:231.17,233.4 1 0
github.com/jaas/jaas/internal/organization/services/mapping_service.go:235.2,235.23 1 0
github.com/jaas/jaas/internal/organization/services/mapping_service.go:235.23,237.17 2 0
github.com/jaas/jaas/internal/organization/services/mapping_service.go:237.17,239.4 1 0
github.com/jaas/jaas/internal/organization/services/mapping_service.go:241.2,241.30 1 0
github.com/jaas/jaas/internal/organization/services/mapping_service.go:241.30,243.17 2 0
github.com/jaas/jaas/internal/organization/services/mapping_service.go:243.17,245.4 1 0
github.com/jaas/jaas/internal/organization/services/mapping_service.go:247.2,247.30 1 0
github.com/jaas/jaas/internal/organization/services/mapping_service.go:247.30,249.17 2 0
github.com/jaas/jaas/internal/organization/services/mapping_service.go:249.17,251.4 1 0
github.com/jaas/jaas/internal/organization/services/mapping_service.go:253.2,253.101 1 0
github.com/jaas/jaas/internal/organization/services/mapping_service.go:253.101,255.3 1 0
github.com/jaas/jaas/internal/organization/services/mapping_service.go:256.2,256.60 1 0
github.com/jaas/jaas/internal/organization/services/mapping_service.go:256.60,258.17 2 0
github.com/jaas/jaas/internal/organization/services/mapping_service.go:258.17,260.4 1 0
github.com/jaas/jaas/internal/organization/services/mapping_service.go:261.3,261.45 1 0
github.com/jaas/jaas/internal/organization/services/mapping_service.go:261.45,263.66 2 0
github.com/jaas/jaas/internal/organization/services/mapping_service.go:263.66,265.5 1 0
github.com/jaas/jaas/internal/organization/services/mapping_service.go:267.3,267.21 1 0
github.com/jaas/jaas/internal/organization/services/mapping_service.go:268.8,268.33 1 0
github.com/jaas/jaas/internal/organization/services/mapping_service.go:268.33,270.3 1 0
github.com/jaas/jaas/internal/organization/services/mapping_service.go:271.2,273.57 2 0
github.com/jaas/jaas/internal/organization/services/mapping_service.go:273.57,275.3 1 0
github.com/jaas/jaas/internal/organization/services/mapping_service.go:276.2,277.27 2 0
github.com/jaas/jaas/internal/organization/services/mapping_service.go:280.166,282.16 2 0
github.com/jaas/jaas/internal/organization/services/mapping_service.go:282.16,284.3 1 0
github.com/jaas/jaas/internal/organization/services/mapping_service.go:285.2,285.14 1 0
github.com/jaas/jaas/internal/organization/services/mapping_service.go:285.14,287.3 1 0
github.com/jaas/jaas/internal/organization/services/mapping_service.go:288.2,288.28 1 0
github.com/jaas/jaas/internal/organization/services/mapping_service.go:288.28,290.3 1 0
github.com/jaas/jaas/internal/organization/services/mapping_service.go:291.2,293.57 3 0
github.com/jaas/jaas/internal/organization/services/mapping_service.go:293.57,295.3 1 0
github.com/jaas/jaas/internal/organization/services/mapping_service.go:296.2,297.27 2 0
github.com/jaas/jaas/internal/organization/services/mapping_service.go:301.142,303.16 2 0
github.com/jaas/jaas/internal/organization/services/mapping_service.go:303.16,305.3 1 0
github.com/jaas/jaas/internal/organization/services/mapping_service.go:306.2,306.21 1 0
github.com/jaas/jaas/internal/organization/services/mapping_service.go:306.21,307.32 1 0
github.com/jaas/jaas/internal/organization/services/mapping_service.go:307.32,309.65 2 0
github.com/jaas/jaas/internal/organization/services/mapping_service.go:309.65,311.5 1 0
github.com/jaas/jaas/internal/organization/services/mapping_service.go:314.2,315.16 2 0
github.com/jaas/jaas/internal/organization/services/mapping_service.go:315.16,317.3 1 0
github.com/jaas/jaas/internal/organization/services/mapping_service.go:318.2,318.25 1 0
github.com/jaas/jaas/internal/organization/services/mapping_service.go:318.25,320.68 2 0
github.com/jaas/jaas/internal/organization/services/mapping_service.go:320.68,322.4 1 0
github.com/jaas/jaas/internal/organization/services/mapping_service.go:324.2,325.12 2 0
github.com/jaas/jaas/internal/organization/services/org_chart_service.go:35.84,36.20 1 0
github.com/jaas/jaas/internal/organization/services/org_chart_service.go:36.20,38.3 1 0
github.com/jaas/jaas/internal/organization/services/org_chart_service.go:39.2,39.82 1 0
github.com/jaas/jaas/internal/organization/services/org_chart_service.go:57.19,59.2 1 0
github.com/jaas/jaas/internal/organization/services/org_chart_service.go:61.83,63.2 1 0
github.com/jaas/jaas/internal/organization/services/org_chart_service.go:65.157,66.36 1 0
github.com/jaas/jaas/internal/organization/services/org_chart_service.go:66.36,68.3 1 0
github.com/jaas/jaas/internal/organization/services/org_chart_service.go:69.2,70.20 2 0
github.com/jaas/jaas/internal/organization/services/org_chart_service.go:70.20,71.81 1 0
github.com/jaas/jaas/internal/organization/services/org_chart_service.go:71.81,73.51 2 0
github.com/jaas/jaas/internal/organization/services/org_chart_service.go:73.51,75.5 1 0
github.com/jaas/jaas/internal/organization/services/org_chart_service.go:79.2,80.16 2 0
github.com/jaas/jaas/internal/organization/services/org_chart_service.go:80.16,82.3 1 0
github.com/jaas/jaas/internal/organization/services/org_chart_service.go:83.2,84.23 2 0
github.com/jaas/jaas/internal/organization/services/org_chart_service.go:84.23,85.54 1 0
github.com/jaas/jaas/internal/organization/services/org_chart_service.go:85.54,86.12 1 0
github.com/jaas/jaas/internal/organization/services/org_chart_service.go:88.3,89.17 2 0
github.com/jaas/jaas/internal/organization/services/org_chart_service.go:89.17,91.4 1 0
github.com/jaas/jaas/internal/organization/services/org_chart_service.go:92.3,92.31 1 0
github.com/jaas/jaas/internal/organization/services/org_chart_service.go:94.2,95.20 2 0
github.com/jaas/jaas/internal/organization/services/org_chart_service.go:95.20,96.49 1 0
github.com/jaas/jaas/internal/organization/services/org_chart_service.go:96.49,98.4 1 0
github.com/jaas/jaas/internal/organization/services/org_chart_service.go:100.2,100.18 1 0
github.com/jaas/jaas/internal/organization/services/org_chart_service.go:103.186,105.16 2 0
github.com/jaas/jaas/internal/organization/services/org_chart_service.go:105.16,107.3 1 0
github.com/jaas/jaas/internal/organization/services/org_chart_service.go:108.2,109.16 2 0
github.com/jaas/jaas/internal/organization/services/org_chart_service.go:109.16,111.3 1 0
github.com/jaas/jaas/internal/organization/services/org_chart_service.go:112.2,113.23 2 0
github.com/jaas/jaas/internal/organization/services/org_chart_service.go:113.23,114.54 1 0
github.com/jaas/jaas/internal/organization/services/org_chart_service.go:114.54,115.12 1 0
github.com/jaas/jaas/internal/organization/services/org_chart_service.go:117.3,118.17 2 0
github.com/jaas/jaas/internal/organization/services/org_chart_service.go:118.17,120.4 1 0
github.com/jaas/jaas/internal/organization/services/org_chart_service.go:121.3,127.5 1 0
github.com/jaas/jaas/internal/organization/services/org_chart_service.go:129.2,133.25 2 0
github.com/jaas/jaas/internal/organization/services/org_chart_service.go:133.25,135.3 1 0
github.com/jaas/jaas/internal/organization/services/org_chart_service.go:136.2,137.16 2 0
github.com/jaas/jaas/internal/organization/services/org_chart_service.go:137.16,139.3 1 0
github.com/jaas/jaas/internal/organization/services/org_chart_service.go:140.2,140.26 1 0
github.com/jaas/jaas/internal/organization/services/org_chart_service.go:140.26,141.57 1 0
github.com/jaas/jaas/internal/organization/services/org_chart_service.go:141.57,142.12 1 0
github.com/jaas/jaas/internal/organization/services/org_chart_service.go:144.3,145.17 2 0
github.com/jaas/jaas/internal/organization/services/org_chart_service.go:145.17,147.4 1 0
github.com/jaas/jaas/internal/organization/services/org_chart_service.go:148.3,148.48 1 0
github.com/jaas/jaas/internal/organization/services/org_chart_service.go:150.2,150.18 1 0
github.com/jaas/jaas/internal/organization/services/org_chart_service.go:153.134,155.16 2 0
github.com/jaas/jaas/internal/organization/services/org_chart_service.go:155.16,157.3 1 0
github.com/jaas/jaas/internal/organization/services/org_chart_service.go:158.2,159.20 2 0
github.com/jaas/jaas/internal/organization/services/org_chart_service.go:159.20,161.3 1 0
github.com/jaas/jaas/internal/organization/services/org_chart_service.go:162.2,163.27 2 0
github.com/jaas/jaas/internal/organization/services/org_chart_service.go:163.27,165.17 2 0
github.com/jaas/jaas/internal/organization/services/org_chart_service.go:165.17,167.4 1 0
github.com/jaas/jaas/internal/organization/services/org_chart_service.go:168.3,168.18 1 0
github.com/jaas/jaas/internal/organization/services/org_chart_service.go:168.18,170.18 2 0
github.com/jaas/jaas/internal/organization/services/org_chart_service.go:170.18,172.5 1 0
github.com/jaas/jaas/internal/organization/services/org_chart_service.go:173.4,179.5 1 0
github.com/jaas/jaas/internal/organization/services/org_chart_service.go:182.2,182.33 1 0
github.com/jaas/jaas/internal/organization/services/org_chart_service.go:182.33,184.17 2 0
github.com/jaas/jaas/internal/organization/services/org_chart_service.go:184.17,186.4 1 0
github.com/jaas/jaas/internal/organization/services/org_chart_service.go:187.3,187.18 1 0
github.com/jaas/jaas/internal/organization/services/org_chart_service.go:187.18,189.18 2 0
github.com/jaas/jaas/internal/organization/services/org_chart_service.go:189.18,191.5 1 0
github.com/jaas/jaas/internal/organization/services/org_chart_service.go:192.4,200.19 4 0
github.com/jaas/jaas/internal/organization/services/org_chart_service.go:200.19,202.36 2 0
github.com/jaas/jaas/internal/organization/services/org_chart_service.go:202.36,204.6 1 0
github.com/jaas/jaas/internal/organization/services/org_chart_service.go:205.5,206.19 2 0
github.com/jaas/jaas/internal/organization/services/org_chart_service.go:206.19,208.6 1 0
github.com/jaas/jaas/internal/organization/services/org_chart_service.go:209.5,215.36 2 0
github.com/jaas/jaas/internal/organization/services/org_chart_service.go:219.2,220.16 2 0
github.com/jaas/jaas/internal/organization/services/org_chart_service.go:220.16,222.3 1 0
github.com/jaas/jaas/internal/organization/services/org_chart_service.go:223.2,223.25 1 0
github.com/jaas/jaas/internal/organization/services/org_chart_service.go:223.25,225.3 1 0
github.com/jaas/jaas/internal/organization/services/org_chart_service.go:226.2,226.31 1 0
github.com/jaas/jaas/internal/organization/services/org_chart_service.go:226.31,228.3 1 0
github.com/jaas/jaas/internal/organization/services/org_chart_service.go:229.2,229.18 1 0
github.com/jaas/jaas/internal/organization/services/team_service.go:43.15,45.2 1 0
github.com/jaas/jaas/internal/organization/services/team_service.go:47.123,48.36 1 0
github.com/jaas/jaas/internal/organization/services/team_service.go:48.36,50.3 1 0
github.com/jaas/jaas/internal/organization/services/team_service.go:51.2,52.16 2 0
github.com/jaas/jaas/internal/organization/services/team_service.go:52.16,54.3 1 0
github.com/jaas/jaas/internal/organization/services/team_service.go:55.2,56.16 2 0
github.com/jaas/jaas/internal/organization/services/team_service.go:56.16,58.3 1 0
github.com/jaas/jaas/internal/organization/services/team_service.go:59.2,59.38 1 0
github.com/jaas/jaas/internal/organization/services/team_service.go:59.38,61.3 1 0
github.com/jaas/jaas/internal/organization/services/team_service.go:62.2,62.17 1 0
github.com/jaas/jaas/internal/organization/services/team_service.go:65.131,67.16 2 0
github.com/jaas/jaas/internal/organization/services/team_service.go:67.16,69.3 1 0
github.com/jaas/jaas/internal/organization/services/team_service.go:70.2,75.8 1 0
github.com/jaas/jaas/internal/organization/services/team_service.go:78.167,80.16 2 0
github.com/jaas/jaas/internal/organization/services/team_service.go:80.16,82.3 1 0
github.com/jaas/jaas/internal/organization/services/team_service.go:83.2,84.16 2 0
github.com/jaas/jaas/internal/organization/services/team_service.go:84.16,86.3 1 0
github.com/jaas/jaas/internal/organization/services/team_service.go:87.2,87.17 1 0
github.com/jaas/jaas/internal/organization/services/team_service.go:87.17,89.3 1 0
github.com/jaas/jaas/internal/organization/services/team_service.go:90.2,91.16 2 0
github.com/jaas/jaas/internal/organization/services/team_service.go:91.16,93.3 1 0
github.com/jaas/jaas/internal/organization/services/team_service.go:94.2,94.21 1 0
github.com/jaas/jaas/internal/organization/services/team_service.go:94.21,96.3 1 0
github.com/jaas/jaas/internal/organization/services/team_service.go:97.2,98.16 2 0
github.com/jaas/jaas/internal/organization/services/team_service.go:98.16,100.3 1 0
github.com/jaas/jaas/internal/organization/services/team_service.go:102.2,107.57 3 0
github.com/jaas/jaas/internal/organization/services/team_service.go:107.57,109.3 1 0
github.com/jaas/jaas/internal/organization/services/team_service.go:111.2,115.46 3 0
github.com/jaas/jaas/internal/organization/services/team_service.go:118.116,120.16 2 0
github.com/jaas/jaas/internal/organization/services/team_service.go:120.16,122.3 1 0
github.com/jaas/jaas/internal/organization/services/team_service.go:123.2,123.17 1 0
github.com/jaas/jaas/internal/organization/services/team_service.go:123.17,125.3 1 0
github.com/jaas/jaas/internal/organization/services/team_service.go:126.2,126.46 1 0
github.com/jaas/jaas/internal/organization/services/team_service.go:129.162,131.16 2 0
github.com/jaas/jaas/internal/organization/services/team_service.go:131.16,133.3 1 0
github.com/jaas/jaas/internal/organization/services/team_service.go:134.2,135.23 2 0
github.com/jaas/jaas/internal/organization/services/team_service.go:135.23,137.17 2 0
github.com/jaas/jaas/internal/organization/services/team_service.go:137.17,139.4 1 0
github.com/jaas/jaas/internal/organization/services/team_service.go:140.3,140.17 1 0
github.com/jaas/jaas/internal/organization/services/team_service.go:142.2,142.98 1 0
github.com/jaas/jaas/internal/organization/services/team_service.go:145.146,147.16 2 0
github.com/jaas/jaas/internal/organization/services/team_service.go:147.16,149.3 1 0
github.com/jaas/jaas/internal/organization/services/team_service.go:150.2,150.17 1 0
github.com/jaas/jaas/internal/organization/services/team_service.go:150.17,152.3 1 0
github.com/jaas/jaas/internal/organization/services/team_service.go:154.2,155.28 2 0
github.com/jaas/jaas/internal/organization/services/team_service.go:155.28,157.3 1 0
github.com/jaas/jaas/internal/organization/services/team_service.go:158.2,158.29 1 0
github.com/jaas/jaas/internal/organization/services/team_service.go:158.29,160.17 2 0
github.com/jaas/jaas/internal/organization/services/team_service.go:160.17,162.4 1 0
github.com/jaas/jaas/internal/organization/services/team_service.go:163.3,164.17 2 0
github.com/jaas/jaas/internal/organization/services/team_service.go:164.17,166.4 1 0
github.com/jaas/jaas/internal/organization/services/team_service.go:167.3,167.18 1 0
github.com/jaas/jaas/internal/organization/services/team_service.go:167.18,169.4 1 0
github.com/jaas/jaas/internal/organization/services/team_service.go:170.3,170.29 1 0
github.com/jaas/jaas/internal/organization/services/team_service.go:172.2,172.21 1 0
github.com/jaas/jaas/internal/organization/services/team_service.go:172.21,174.24 2 0
github.com/jaas/jaas/internal/organization/services/team_service.go:174.24,177.18 2 0
github.com/jaas/jaas/internal/organization/services/team_service.go:177.18,179.5 1 0
github.com/jaas/jaas/internal/organization/services/team_service.go:180.4,180.49 1 0
github.com/jaas/jaas/internal/organization/services/team_service.go:180.49,182.5 1 0
github.com/jaas/jaas/internal/organization/services/team_service.go:183.4,183.20 1 0
github.com/jaas/jaas/internal/organization/services/team_service.go:186.2,186.27 1 0
github.com/jaas/jaas/internal/organization/services/team_service.go:186.27,188.17 2 0
github.com/jaas/jaas/internal/organization/services/team_service.go:188.17,190.4 1 0
github.com/jaas/jaas/internal/organization/services/team_service.go:191.3,191.27 1 0
github.com/jaas/jaas/internal/organization/services/team_service.go:194.2,194.57 1 0
github.com/jaas/jaas/internal/organization/services/team_service.go:194.57,196.3 1 0
github.com/jaas/jaas/internal/organization/services/team_service.go:197.2,199.46 2 0
github.com/jaas/jaas/internal/organization/services/team_service.go:202.139,204.16 2 0
github.com/jaas/jaas/internal/organization/services/team_service.go:204.16,206.3 1 0
github.com/jaas/jaas/internal/organization/services/team_service.go:207.2,207.17 1 0
github.com/jaas/jaas/internal/organization/services/team_service.go:207.17,209.3 1 0
github.com/jaas/jaas/internal/organization/services/team_service.go:210.2,210.31 1 0
github.com/jaas/jaas/internal/organization/services/team_service.go:210.31,212.3 1 0
github.com/jaas/jaas/internal/organization/services/team_service.go:213.2,214.16 2 0
github.com/jaas/jaas/internal/organization/services/team_service.go:214.16,216.3 1 0
github.com/jaas/jaas/internal/organization/services/team_service.go:217.2,217.15 1 0
github.com/jaas/jaas/internal/organization/services/team_service.go:217.15,219.3 1 0
github.com/jaas/jaas/internal/organization/services/team_service.go:220.2,221.57 2 0
github.com/jaas/jaas/internal/organization/services/team_service.go:221.57,223.3 1 0
github.com/jaas/jaas/internal/organization/services/team_service.go:224.2,225.46 2 0
github.com/jaas/jaas/internal/employee/services/document_service.go:32.27,38.2 1 0
github.com/jaas/jaas/internal/employee/services/document_service.go:40.156,42.16 2 0
github.com/jaas/jaas/internal/employee/services/document_service.go:42.16,44.3 1 0
github.com/jaas/jaas/internal/employee/services/document_service.go:45.2,45.20 1 0
github.com/jaas/jaas/internal/employee/services/document_service.go:45.20,47.3 1 0
github.com/jaas/jaas/internal/employee/services/document_service.go:49.2,59.56 3 0
github.com/jaas/jaas/internal/employee/services/document_service.go:59.56,61.3 1 0
github.com/jaas/jaas/internal/employee/services/document_service.go:63.2,63.37 1 0
github.com/jaas/jaas/internal/employee/services/document_service.go:66.124,68.16 2 0
github.com/jaas/jaas/internal/employee/services/document_service.go:68.16,70.3 1 0
github.com/jaas/jaas/internal/employee/services/document_service.go:72.2,73.22 2 0
github.com/jaas/jaas/internal/employee/services/document_service.go:73.22,75.3 1 0
github.com/jaas/jaas/internal/employee/services/document_service.go:76.2,76.17 1 0
github.com/jaas/jaas/internal/employee/services/document_service.go:79.144,81.16 2 0
github.com/jaas/jaas/internal/employee/services/document_service.go:81.16,83.3 1 0
github.com/jaas/jaas/internal/employee/services/document_service.go:85.2,85.54 1 0
github.com/jaas/jaas/internal/employee/services/document_service.go:85.54,87.3 1 0
github.com/jaas/jaas/internal/employee/services/document_service.go:89.2,93.56 4 0
github.com/jaas/jaas/internal/employee/services/document_service.go:93.56,95.3 1 0
github.com/jaas/jaas/internal/employee/services/document_service.go:97.2,97.24 1 0
github.com/jaas/jaas/internal/employee/services/document_service.go:97.24,100.3 2 0
github.com/jaas/jaas/internal/employee/services/document_service.go:102.2,102.37 1 0
github.com/jaas/jaas/internal/employee/services/document_service.go:105.75,106.14 1 0
github.com/jaas/jaas/internal/employee/services/document_service.go:106.14,108.3 1 0
github.com/jaas/jaas/internal/employee/services/document_service.go:109.2,120.3 1 0
github.com/jaas/jaas/internal/employee/services/employee_service.go:49.19,58.2 1 0
github.com/jaas/jaas/internal/employee/services/employee_service.go:60.145,61.74 1 0
github.com/jaas/jaas/internal/employee/services/employee_service.go:61.74,63.3 1 0
github.com/jaas/jaas/internal/employee/services/employee_service.go:64.2,64.78 1 0
github.com/jaas/jaas/internal/employee/services/employee_service.go:64.78,66.3 1 0
github.com/jaas/jaas/internal/employee/services/employee_service.go:69.2,69.22 1 0
github.com/jaas/jaas/internal/employee/services/employee_service.go:69.22,71.32 2 0
github.com/jaas/jaas/internal/employee/services/employee_service.go:71.32,73.4 1 0
github.com/jaas/jaas/internal/employee/services/employee_service.go:77.2,78.16 2 0
github.com/jaas/jaas/internal/employee/services/employee_service.go:78.16,80.3 1 0
github.com/jaas/jaas/internal/employee/services/employee_service.go:81.2,81.21 1 0
github.com/jaas/jaas/internal/employee/services/employee_service.go:81.21,83.3 1 0
github.com/jaas/jaas/internal/employee/services/employee_service.go:86.2,87.29 2 0
github.com/jaas/jaas/internal/employee/services/employee_service.go:87.29,89.3 1 0
github.com/jaas/jaas/internal/employee/services/employee_service.go:91.2,93.75 3 0
github.com/jaas/jaas/internal/employee/services/employee_service.go:93.75,95.3 1 0
github.com/jaas/jaas/internal/employee/services/employee_service.go:97.2,114.23 5 0
github.com/jaas/jaas/internal/employee/services/employee_service.go:114.23,116.3 1 0
github.com/jaas/jaas/internal/employee/services/employee_service.go:118.2,147.17 7 0
github.com/jaas/jaas/internal/employee/services/employee_service.go:147.17,148.67 1 0
github.com/jaas/jaas/internal/employee/services/employee_service.go:148.67,150.57 2 0
github.com/jaas/jaas/internal/employee/services/employee_service.go:150.57,152.5 1 0
github.com/jaas/jaas/internal/employee/services/employee_service.go:153.4,153.54 1 0
github.com/jaas/jaas/internal/employee/services/employee_service.go:153.54,155.5 1 0
github.com/jaas/jaas/internal/employee/services/employee_service.go:156.4,156.51 1 0
github.com/jaas/jaas/internal/employee/services/employee_service.go:156.51,158.5 1 0
github.com/jaas/jaas/internal/employee/services/employee_service.go:159.4,159.52 1 0
github.com/jaas/jaas/internal/employee/services/employee_service.go:159.52,161.5 1 0
github.com/jaas/jaas/internal/employee/services/employee_service.go:164.4,178.34 4 0
github.com/jaas/jaas/internal/employee/services/employee_service.go:180.3,180.17 1 0
github.com/jaas/jaas/internal/employee/services/employee_service.go:180.17,182.4 1 0
github.com/jaas/jaas/internal/employee/services/employee_service.go:183.8,186.28 2 0
github.com/jaas/jaas/internal/employee/services/employee_service.go:186.28,188.4 1 0
github.com/jaas/jaas/internal/employee/services/employee_service.go:191.2,194.24 3 0
github.com/jaas/jaas/internal/employee/services/employee_service.go:194.24,197.3 2 0
github.com/jaas/jaas/internal/employee/services/employee_service.go:199.2,199.41 1 0
github.com/jaas/jaas/internal/employee/services/employee_service.go:202.111,204.16 2 0
github.com/jaas/jaas/internal/employee/services/employee_service.go:204.16,206.3 1 0
github.com/jaas/jaas/internal/employee/services/employee_service.go:207.2,207.20 1 0
github.com/jaas/jaas/internal/employee/services/employee_service.go:207.20,209.3 1 0
github.com/jaas/jaas/internal/employee/services/employee_service.go:210.2,210.41 1 0
github.com/jaas/jaas/internal/employee/services/employee_service.go:213.119,215.16 2 0
github.com/jaas/jaas/internal/employee/services/employee_service.go:215.16,217.3 1 0
github.com/jaas/jaas/internal/employee/services/employee_service.go:218.2,218.20 1 0
github.com/jaas/jaas/internal/employee/services/employee_service.go:218.20,220.3 1 0
github.com/jaas/jaas/internal/employee/services/employee_service.go:221.2,221.41 1 0
github.com/jaas/jaas/internal/employee/services/employee_service.go:224.139,226.16 2 0
github.com/jaas/jaas/internal/employee/services/employee_service.go:226.16,228.3 1 0
github.com/jaas/jaas/internal/employee/services/employee_service.go:230.2,231.26 2 0
github.com/jaas/jaas/internal/employee/services/employee_service.go:231.26,233.3 1 0
github.com/jaas/jaas/internal/employee/services/employee_service.go:234.2,234.24 1 0
github.com/jaas/jaas/internal/employee/services/employee_service.go:237.141,239.16 2 0
github.com/jaas/jaas/internal/employee/services/employee_service.go:239.16,241.3 1 0
github.com/jaas/jaas/internal/employee/services/employee_service.go:242.2,242.20 1 0
github.com/jaas/jaas/internal/employee/services/employee_service.go:242.20,244.3 1 0
github.com/jaas/jaas/internal/employee/services/employee_service.go:246.2,246.26 1 0
github.com/jaas/jaas/internal/employee/services/employee_service.go:246.26,248.3 1 0
github.com/jaas/jaas/internal/employee/services/employee_service.go:249.2,249.25 1 0
github.com/jaas/jaas/internal/employee/services/employee_service.go:249.25,251.3 1 0
github.com/jaas/jaas/internal/employee/services/employee_service.go:252.2,252.28 1 0
github.com/jaas/jaas/internal/employee/services/employee_service.go:252.28,254.3 1 0
github.com/jaas/jaas/internal/employee/services/employee_service.go:255.2,255.23 1 0
github.com/jaas/jaas/internal/employee/services/employee_service.go:255.23,257.3 1 0
github.com/jaas/jaas/internal/employee/services/employee_service.go:258.2,258.28 1 0
github.com/jaas/jaas/internal/employee/services/employee_service.go:258.28,260.3 1 0
github.com/jaas/jaas/internal/employee/services/employee_service.go:261.2,261.30 1 0
github.com/jaas/jaas/internal/employee/services/employee_service.go:261.30,263.3 1 0
github.com/jaas/jaas/internal/employee/services/employee_service.go:264.2,264.27 1 0
github.com/jaas/jaas/internal/employee/services/employee_service.go:264.27,266.3 1 0
github.com/jaas/jaas/internal/employee/services/employee_service.go:267.2,267.26 1 0
github.com/jaas/jaas/internal/employee/services/employee_service.go:267.26,269.3 1 0
github.com/jaas/jaas/internal/employee/services/employee_service.go:271.2,271.64 1 0
github.com/jaas/jaas/internal/employee/services/employee_service.go:271.64,273.3 1 0
github.com/jaas/jaas/internal/employee/services/employee_service.go:275.2,275.41 1 0
github.com/jaas/jaas/internal/employee/services/employee_service.go:278.159,280.16 2 0
github.com/jaas/jaas/internal/employee/services/employee_service.go:280.16,282.3 1 0
github.com/jaas/jaas/internal/employee/services/employee_service.go:283.2,283.20 1 0
github.com/jaas/jaas/internal/employee/services/employee_service.go:283.20,285.3 1 0
github.com/jaas/jaas/internal/employee/services/employee_service.go:287.2,287.28 1 0
github.com/jaas/jaas/internal/employee/services/employee_service.go:287.28,292.3 2 0
github.com/jaas/jaas/internal/employee/services/employee_service.go:294.2,294.30 1 0
github.com/jaas/jaas/internal/employee/services/employee_service.go:294.30,296.3 1 0
github.com/jaas/jaas/internal/employee/services/employee_service.go:297.2,297.31 1 0
github.com/jaas/jaas/internal/employee/services/employee_service.go:297.31,299.3 1 0
github.com/jaas/jaas/internal/employee/services/employee_service.go:300.2,300.33 1 0
github.com/jaas/jaas/internal/employee/services/employee_service.go:300.33,302.3 1 0
github.com/jaas/jaas/internal/employee/services/employee_service.go:303.2,303.34 1 0
github.com/jaas/jaas/internal/employee/services/employee_service.go:303.34,304.86 1 0
github.com/jaas/jaas/internal/employee/services/employee_service.go:304.86,306.4 1 0
github.com/jaas/jaas/internal/employee/services/employee_service.go:307.3,308.15 2 0
github.com/jaas/jaas/internal/employee/services/employee_service.go:308.15,310.4 1 0
github.com/jaas/jaas/internal/employee/services/employee_service.go:311.3,311.41 1 0
github.com/jaas/jaas/internal/employee/services/employee_service.go:314.2,314.79 1 0
github.com/jaas/jaas/internal/employee/services/employee_service.go:314.79,316.3 1 0
github.com/jaas/jaas/internal/employee/services/employee_service.go:318.2,318.41 1 0
github.com/jaas/jaas/internal/employee/services/employee_service.go:321.153,322.62 1 0
github.com/jaas/jaas/internal/employee/services/employee_service.go:322.62,324.3 1 0
github.com/jaas/jaas/internal/employee/services/employee_service.go:326.2,327.16 2 0
github.com/jaas/jaas/internal/employee/services/employee_service.go:327.16,329.3 1 0
github.com/jaas/jaas/internal/employee/services/employee_service.go:330.2,330.20 1 0
github.com/jaas/jaas/internal/employee/services/employee_service.go:330.20,332.3 1 0
github.com/jaas/jaas/internal/employee/services/employee_service.go:334.2,336.28 3 0
github.com/jaas/jaas/internal/employee/services/employee_service.go:336.28,338.3 1 0
github.com/jaas/jaas/internal/employee/services/employee_service.go:340.2,340.76 1 0
github.com/jaas/jaas/internal/employee/services/employee_service.go:340.76,342.3 1 0
github.com/jaas/jaas/internal/employee/services/employee_service.go:344.2,349.17 5 0
github.com/jaas/jaas/internal/employee/services/employee_service.go:349.17,350.67 1 0
github.com/jaas/jaas/internal/employee/services/employee_service.go:350.67,352.57 2 0
github.com/jaas/jaas/internal/employee/services/employee_service.go:352.57,354.5 1 0
github.com/jaas/jaas/internal/employee/services/employee_service.go:355.4,355.39 1 0
github.com/jaas/jaas/internal/employee/services/employee_service.go:355.39,356.91 1 0
github.com/jaas/jaas/internal/employee/services/employee_service.go:356.91,358.6 1 0
github.com/jaas/jaas/internal/employee/services/employee_service.go:362.4,362.38 1 0
github.com/jaas/jaas/internal/employee/services/employee_service.go:362.38,363.99 1 0
github.com/jaas/jaas/internal/employee/services/employee_service.go:363.99,365.64 2 0
github.com/jaas/jaas/internal/employee/services/employee_service.go:365.64,367.7 1 0
github.com/jaas/jaas/internal/employee/services/employee_service.go:372.4,380.36 3 0
github.com/jaas/jaas/internal/employee/services/employee_service.go:382.3,382.17 1 0
github.com/jaas/jaas/internal/employee/services/employee_service.go:382.17,384.4 1 0
github.com/jaas/jaas/internal/employee/services/employee_service.go:385.8,387.3 1 0
github.com/jaas/jaas/internal/employee/services/employee_service.go:389.2,389.24 1 0
github.com/jaas/jaas/internal/employee/services/employee_service.go:389.24,397.3 2 0
github.com/jaas/jaas/internal/employee/services/employee_service.go:399.2,399.41 1 0
github.com/jaas/jaas/internal/employee/services/employee_service.go:402.89,404.16 2 0
github.com/jaas/jaas/internal/employee/services/employee_service.go:404.16,406.3 1 0
github.com/jaas/jaas/internal/employee/services/employee_service.go:407.2,407.20 1 0
github.com/jaas/jaas/internal/employee/services/employee_service.go:407.20,409.3 1 0
github.com/jaas/jaas/internal/employee/services/employee_service.go:410.2,411.48 2 0
github.com/jaas/jaas/internal/employee/services/employee_service.go:414.74,415.14 1 0
github.com/jaas/jaas/internal/employee/services/employee_service.go:415.14,417.3 1 0
github.com/jaas/jaas/internal/employee/services/employee_service.go:418.2,436.31 2 0
github.com/jaas/jaas/internal/employee/services/employee_service.go:436.31,447.3 1 0
github.com/jaas/jaas/internal/employee/services/employee_service.go:449.2,449.22 1 0
github.com/jaas/jaas/internal/employee/services/employee_service.go:449.22,458.3 1 0
github.com/jaas/jaas/internal/employee/services/employee_service.go:460.2,460.12 1 0
github.com/jaas/jaas/internal/employee/services/employee_service.go:466.137,469.14 3 0
github.com/jaas/jaas/internal/employee/services/employee_service.go:469.14,470.17 1 0
github.com/jaas/jaas/internal/employee/services/employee_service.go:470.17,472.4 1 0
github.com/jaas/jaas/internal/employee/services/employee_service.go:473.3,473.19 1 0
github.com/jaas/jaas/internal/employee/services/employee_service.go:475.2,475.33 1 0
github.com/jaas/jaas/internal/employee/services/employee_service.go:475.33,477.3 1 0
github.com/jaas/jaas/internal/employee/services/employee_service.go:478.2,478.32 1 0
github.com/jaas/jaas/internal/employee/services/employee_service.go:478.32,480.3 1 0
github.com/jaas/jaas/internal/employee/services/employee_service.go:481.2,481.25 1 0
github.com/jaas/jaas/internal/employee/services/employee_service.go:481.25,483.3 1 0
github.com/jaas/jaas/internal/employee/services/employee_service.go:484.2,484.26 1 0
github.com/jaas/jaas/internal/employee/services/employee_service.go:484.26,486.3 1 0
github.com/jaas/jaas/internal/employee/services/employee_service.go:487.2,487.55 1 0
github.com/jaas/jaas/internal/employee/services/employee_service.go:487.55,488.32 1 0
github.com/jaas/jaas/internal/employee/services/employee_service.go:488.32,490.4 1 0
github.com/jaas/jaas/internal/employee/services/employee_service.go:491.3,491.26 1 0
github.com/jaas/jaas/internal/employee/services/employee_service.go:493.2,493.54 1 0
github.com/jaas/jaas/internal/employee/services/employee_service.go:493.54,494.31 1 0
github.com/jaas/jaas/internal/employee/services/employee_service.go:494.31,496.4 1 0
github.com/jaas/jaas/internal/employee/services/employee_service.go:497.3,497.24 1 0
github.com/jaas/jaas/internal/employee/services/employee_service.go:497.24,500.4 2 0
github.com/jaas/jaas/internal/employee/services/employee_service.go:502.2,502.16 1 0
github.com/jaas/jaas/internal/employee/services/employee_service.go:502.16,503.24 1 0
github.com/jaas/jaas/internal/employee/services/employee_service.go:503.24,505.4 1 0
github.com/jaas/jaas/internal/employee/services/employee_service.go:506.3,506.24 1 0
github.com/jaas/jaas/internal/employee/services/employee_service.go:508.2,508.18 1 0
github.com/jaas/jaas/internal/employee/services/event_consumer.go:21.85,26.2 1 0
github.com/jaas/jaas/internal/employee/services/event_consumer.go:28.102,30.34 2 0
github.com/jaas/jaas/internal/employee/services/event_consumer.go:30.34,31.22 1 0
github.com/jaas/jaas/internal/employee/services/event_consumer.go:31.22,33.4 1 0
github.com/jaas/jaas/internal/employee/services/event_consumer.go:34.3,34.13 1 0
github.com/jaas/jaas/internal/employee/services/event_consumer.go:39.2,39.24 1 0
github.com/jaas/jaas/internal/employee/services/event_consumer.go:40.44,41.13 1 0
github.com/jaas/jaas/internal/employee/services/event_consumer.go:44.2,51.12 3 0
github.com/jaas/jaas/internal/employee/services/statutory_service.go:26.28,31.2 1 0
github.com/jaas/jaas/internal/employee/services/statutory_service.go:33.151,35.16 2 0
github.com/jaas/jaas/internal/employee/services/statutory_service.go:35.16,37.3 1 0
github.com/jaas/jaas/internal/employee/services/statutory_service.go:38.2,38.17 1 0
github.com/jaas/jaas/internal/employee/services/statutory_service.go:38.17,40.3 1 0
github.com/jaas/jaas/internal/employee/services/statutory_service.go:42.2,49.15 2 0
github.com/jaas/jaas/internal/employee/services/statutory_service.go:49.15,53.3 3 0
github.com/jaas/jaas/internal/employee/services/statutory_service.go:53.8,57.3 3 0
github.com/jaas/jaas/internal/employee/services/statutory_service.go:59.2,59.17 1 0
github.com/jaas/jaas/internal/employee/services/statutory_service.go:62.159,65.16 2 0
github.com/jaas/jaas/internal/employee/services/statutory_service.go:65.16,67.3 1 0
github.com/jaas/jaas/internal/employee/services/statutory_service.go:68.2,68.20 1 0
github.com/jaas/jaas/internal/employee/services/statutory_service.go:68.20,70.3 1 0
github.com/jaas/jaas/internal/employee/services/statutory_service.go:72.2,82.63 3 0
github.com/jaas/jaas/internal/employee/services/statutory_service.go:82.63,84.3 1 0
github.com/jaas/jaas/internal/employee/services/statutory_service.go:86.2,94.8 1 0
github.com/jaas/jaas/internal/employee/services/statutory_service.go:97.34,98.17 1 0
github.com/jaas/jaas/internal/employee/services/statutory_service.go:98.17,100.3 1 0
github.com/jaas/jaas/internal/employee/services/statutory_service.go:101.2,101.30 1 0
github.com/jaas/jaas/internal/employee/services/timeline_service.go:25.27,30.2 1 0
github.com/jaas/jaas/internal/employee/services/timeline_service.go:32.124,34.16 2 0
github.com/jaas/jaas/internal/employee/services/timeline_service.go:34.16,36.3 1 0
github.com/jaas/jaas/internal/employee/services/timeline_service.go:37.2,37.20 1 0
github.com/jaas/jaas/internal/employee/services/timeline_service.go:37.20,39.3 1 0
github.com/jaas/jaas/internal/employee/services/timeline_service.go:41.2,42.16 2 0
github.com/jaas/jaas/internal/employee/services/timeline_service.go:42.16,44.3 1 0
github.com/jaas/jaas/internal/employee/services/timeline_service.go:46.2,47.27 2 0
github.com/jaas/jaas/internal/employee/services/timeline_service.go:47.27,49.3 1 0
github.com/jaas/jaas/internal/employee/services/timeline_service.go:50.2,50.17 1 0
github.com/jaas/jaas/internal/employee/services/timeline_service.go:53.75,54.14 1 0
github.com/jaas/jaas/internal/employee/services/timeline_service.go:54.14,56.3 1 0
github.com/jaas/jaas/internal/employee/services/timeline_service.go:57.2,65.3 1 0
github.com/jaas/jaas/internal/organization/services/department_service.go:41.21,43.2 1 1
github.com/jaas/jaas/internal/organization/services/department_service.go:45.191,47.16 2 1
github.com/jaas/jaas/internal/organization/services/department_service.go:47.16,49.3 1 1
github.com/jaas/jaas/internal/organization/services/department_service.go:50.2,50.21 1 1
github.com/jaas/jaas/internal/organization/services/department_service.go:50.21,52.3 1 1
github.com/jaas/jaas/internal/organization/services/department_service.go:54.2,55.16 2 1
github.com/jaas/jaas/internal/organization/services/department_service.go:55.16,57.3 1 0
github.com/jaas/jaas/internal/organization/services/department_service.go:58.2,58.21 1 1
github.com/jaas/jaas/internal/organization/services/department_service.go:58.21,60.17 2 1
github.com/jaas/jaas/internal/organization/services/department_service.go:60.17,62.4 1 0
github.com/jaas/jaas/internal/organization/services/department_service.go:63.3,63.20 1 1
github.com/jaas/jaas/internal/organization/services/department_service.go:63.20,65.4 1 1
github.com/jaas/jaas/internal/organization/services/department_service.go:66.3,66.84 1 1
github.com/jaas/jaas/internal/organization/services/department_service.go:66.84,68.4 1 1
github.com/jaas/jaas/internal/organization/services/department_service.go:71.2,79.57 3 1
github.com/jaas/jaas/internal/organization/services/department_service.go:79.57,81.3 1 0
github.com/jaas/jaas/internal/organization/services/department_service.go:83.2,88.63 3 1
github.com/jaas/jaas/internal/organization/services/department_service.go:91.134,93.16 2 1
github.com/jaas/jaas/internal/organization/services/department_service.go:93.16,95.3 1 1
github.com/jaas/jaas/internal/organization/services/department_service.go:96.2,96.17 1 1
github.com/jaas/jaas/internal/organization/services/department_service.go:96.17,98.3 1 1
github.com/jaas/jaas/internal/organization/services/department_service.go:99.2,99.63 1 1
github.com/jaas/jaas/internal/organization/services/department_service.go:102.155,104.16 2 1
github.com/jaas/jaas/internal/organization/services/department_service.go:104.16,106.3 1 1
github.com/jaas/jaas/internal/organization/services/department_service.go:107.2,108.23 2 1
github.com/jaas/jaas/internal/organization/services/department_service.go:108.23,110.17 2 1
github.com/jaas/jaas/internal/organization/services/department_service.go:110.17,112.4 1 0
github.com/jaas/jaas/internal/organization/services/department_service.go:113.3,113.17 1 1
github.com/jaas/jaas/internal/organization/services/department_service.go:115.2,115.104 1 1
github.com/jaas/jaas/internal/organization/services/department_service.go:118.170,120.16 2 1
github.com/jaas/jaas/internal/organization/services/department_service.go:120.16,122.3 1 1
github.com/jaas/jaas/internal/organization/services/department_service.go:123.2,123.17 1 1
github.com/jaas/jaas/internal/organization/services/department_service.go:123.17,125.3 1 1
github.com/jaas/jaas/internal/organization/services/department_service.go:127.2,127.66 1 1
github.com/jaas/jaas/internal/organization/services/department_service.go:127.66,129.17 2 1
github.com/jaas/jaas/internal/organization/services/department_service.go:129.17,131.4 1 0
github.com/jaas/jaas/internal/organization/services/department_service.go:132.3,132.48 1 1
github.com/jaas/jaas/internal/organization/services/department_service.go:132.48,134.4 1 1
github.com/jaas/jaas/internal/organization/services/department_service.go:135.3,135.43 1 1
github.com/jaas/jaas/internal/organization/services/department_service.go:137.2,137.28 1 1
github.com/jaas/jaas/internal/organization/services/department_service.go:137.28,139.3 1 1
github.com/jaas/jaas/internal/organization/services/department_service.go:140.2,140.35 1 1
github.com/jaas/jaas/internal/organization/services/department_service.go:140.35,142.17 2 1
github.com/jaas/jaas/internal/organization/services/department_service.go:142.17,144.4 1 1
github.com/jaas/jaas/internal/organization/services/department_service.go:145.3,145.46 1 1
github.com/jaas/jaas/internal/organization/services/department_service.go:145.46,147.4 1 1
github.com/jaas/jaas/internal/organization/services/department_service.go:148.3,148.22 1 1
github.com/jaas/jaas/internal/organization/services/department_service.go:148.22,150.18 2 1
github.com/jaas/jaas/internal/organization/services/department_service.go:150.18,152.5 1 0
github.com/jaas/jaas/internal/organization/services/department_service.go:153.4,153.21 1 1
github.com/jaas/jaas/internal/organization/services/department_service.go:153.21,155.5 1 1
github.com/jaas/jaas/internal/organization/services/department_service.go:158.4,158.84 1 1
github.com/jaas/jaas/internal/organization/services/department_service.go:158.84,160.5 1 1
github.com/jaas/jaas/internal/organization/services/department_service.go:162.3,162.37 1 1
github.com/jaas/jaas/internal/organization/services/department_service.go:165.2,165.57 1 1
github.com/jaas/jaas/internal/organization/services/department_service.go:165.57,167.3 1 0
github.com/jaas/jaas/internal/organization/services/department_service.go:168.2,169.63 2 1
github.com/jaas/jaas/internal/organization/services/department_service.go:173.139,174.84 1 1
github.com/jaas/jaas/internal/organization/services/department_service.go:174.84,176.3 1 0
github.com/jaas/jaas/internal/organization/services/department_service.go:177.2,178.17 2 1
github.com/jaas/jaas/internal/organization/services/department_service.go:178.17,179.23 1 1
github.com/jaas/jaas/internal/organization/services/department_service.go:179.23,181.4 1 1
github.com/jaas/jaas/internal/organization/services/department_service.go:182.3,183.34 2 1
github.com/jaas/jaas/internal/organization/services/department_service.go:183.34,185.4 1 0
github.com/jaas/jaas/internal/organization/services/department_service.go:186.3,186.34 1 1
github.com/jaas/jaas/internal/organization/services/department_service.go:188.2,188.12 1 1
github.com/jaas/jaas/internal/organization/services/department_service.go:191.169,193.16 2 1
github.com/jaas/jaas/internal/organization/services/department_service.go:193.16,195.3 1 1
github.com/jaas/jaas/internal/organization/services/department_service.go:196.2,196.17 1 1
github.com/jaas/jaas/internal/organization/services/department_service.go:196.17,198.3 1 1
github.com/jaas/jaas/internal/organization/services/department_service.go:199.2,199.31 1 1
github.com/jaas/jaas/internal/organization/services/department_service.go:199.31,201.3 1 1
github.com/jaas/jaas/internal/organization/services/department_service.go:203.2,204.16 2 1
github.com/jaas/jaas/internal/organization/services/department_service.go:204.16,206.3 1 0
github.com/jaas/jaas/internal/organization/services/department_service.go:207.2,208.16 2 1
github.com/jaas/jaas/internal/organization/services/department_service.go:208.16,210.3 1 0
github.com/jaas/jaas/internal/organization/services/department_service.go:211.2,211.47 1 1
github.com/jaas/jaas/internal/organization/services/department_service.go:211.47,213.3 1 1
github.com/jaas/jaas/internal/organization/services/department_service.go:214.2,214.11 1 1
github.com/jaas/jaas/internal/organization/services/department_service.go:214.11,216.17 2 1
github.com/jaas/jaas/internal/organization/services/department_service.go:216.17,218.4 1 0
github.com/jaas/jaas/internal/organization/services/department_service.go:219.3,219.27 1 1
github.com/jaas/jaas/internal/organization/services/department_service.go:219.27,220.38 1 1
github.com/jaas/jaas/internal/organization/services/department_service.go:220.38,222.68 2 1
github.com/jaas/jaas/internal/organization/services/department_service.go:222.68,224.6 1 0
github.com/jaas/jaas/internal/organization/services/department_service.go:229.2,230.57 2 1
github.com/jaas/jaas/internal/organization/services/department_service.go:230.57,232.3 1 0
github.com/jaas/jaas/internal/organization/services/department_service.go:233.2,234.63 2 1
github.com/jaas/jaas/internal/organization/services/designation_service.go:33.183,35.2 1 1
github.com/jaas/jaas/internal/organization/services/designation_service.go:37.69,43.2 1 1
github.com/jaas/jaas/internal/organization/services/designation_service.go:45.195,47.16 2 1
github.com/jaas/jaas/internal/organization/services/designation_service.go:47.16,49.3 1 1
github.com/jaas/jaas/internal/organization/services/designation_service.go:50.2,50.21 1 1
github.com/jaas/jaas/internal/organization/services/designation_service.go:50.21,52.3 1 1
github.com/jaas/jaas/internal/organization/services/designation_service.go:53.2,58.50 3 1
github.com/jaas/jaas/internal/organization/services/designation_service.go:58.50,60.3 1 0
github.com/jaas/jaas/internal/organization/services/designation_service.go:61.2,62.31 2 1
github.com/jaas/jaas/internal/organization/services/designation_service.go:65.137,67.16 2 1
github.com/jaas/jaas/internal/organization/services/designation_service.go:67.16,69.3 1 1
github.com/jaas/jaas/internal/organization/services/designation_service.go:70.2,70.14 1 1
github.com/jaas/jaas/internal/organization/services/designation_service.go:70.14,72.3 1 1
github.com/jaas/jaas/internal/organization/services/designation_service.go:73.2,73.31 1 1
github.com/jaas/jaas/internal/organization/services/designation_service.go:76.158,78.16 2 1
github.com/jaas/jaas/internal/organization/services/designation_service.go:78.16,80.3 1 1
github.com/jaas/jaas/internal/organization/services/designation_service.go:81.2,82.21 2 1
github.com/jaas/jaas/internal/organization/services/designation_service.go:82.21,84.3 1 1
github.com/jaas/jaas/internal/organization/services/designation_service.go:85.2,85.105 1 1
github.com/jaas/jaas/internal/organization/services/designation_service.go:88.174,90.16 2 1
github.com/jaas/jaas/internal/organization/services/designation_service.go:90.16,92.3 1 1
github.com/jaas/jaas/internal/organization/services/designation_service.go:93.2,93.14 1 1
github.com/jaas/jaas/internal/organization/services/designation_service.go:93.14,95.3 1 1
github.com/jaas/jaas/internal/organization/services/designation_service.go:96.2,96.66 1 1
github.com/jaas/jaas/internal/organization/services/designation_service.go:96.66,98.17 2 1
github.com/jaas/jaas/internal/organization/services/designation_service.go:98.17,100.4 1 0
github.com/jaas/jaas/internal/organization/services/designation_service.go:101.3,101.45 1 1
github.com/jaas/jaas/internal/organization/services/designation_service.go:101.45,103.4 1 1
github.com/jaas/jaas/internal/organization/services/designation_service.go:104.3,104.42 1 1
github.com/jaas/jaas/internal/organization/services/designation_service.go:106.2,106.22 1 1
github.com/jaas/jaas/internal/organization/services/designation_service.go:106.22,108.3 1 1
github.com/jaas/jaas/internal/organization/services/designation_service.go:109.2,109.28 1 1
github.com/jaas/jaas/internal/organization/services/designation_service.go:109.28,111.3 1 1
github.com/jaas/jaas/internal/organization/services/designation_service.go:112.2,112.50 1 1
github.com/jaas/jaas/internal/organization/services/designation_service.go:112.50,114.3 1 0
github.com/jaas/jaas/internal/organization/services/designation_service.go:115.2,116.31 2 1
github.com/jaas/jaas/internal/organization/services/designation_service.go:119.160,121.16 2 1
github.com/jaas/jaas/internal/organization/services/designation_service.go:121.16,123.3 1 1
github.com/jaas/jaas/internal/organization/services/designation_service.go:124.2,124.14 1 1
github.com/jaas/jaas/internal/organization/services/designation_service.go:124.14,126.3 1 0
github.com/jaas/jaas/internal/organization/services/designation_service.go:127.2,127.28 1 1
github.com/jaas/jaas/internal/organization/services/designation_service.go:127.28,129.3 1 1
github.com/jaas/jaas/internal/organization/services/designation_service.go:131.2,132.16 2 1
github.com/jaas/jaas/internal/organization/services/designation_service.go:132.16,134.3 1 0
github.com/jaas/jaas/internal/organization/services/designation_service.go:135.2,135.18 1 1
github.com/jaas/jaas/internal/organization/services/designation_service.go:135.18,137.3 1 1
github.com/jaas/jaas/internal/organization/services/designation_service.go:138.2,139.50 2 1
github.com/jaas/jaas/internal/organization/services/designation_service.go:139.50,141.3 1 0
github.com/jaas/jaas/internal/organization/services/designation_service.go:142.2,143.31 2 1
github.com/jaas/jaas/internal/organization/services/event_consumer.go:25.64,27.2 1 1
github.com/jaas/jaas/internal/organization/services/event_consumer.go:29.154,30.20 1 1
github.com/jaas/jaas/internal/organization/services/event_consumer.go:31.38,34.53 2 1
github.com/jaas/jaas/internal/organization/services/event_consumer.go:34.53,36.4 1 1
github.com/jaas/jaas/internal/organization/services/event_consumer.go:37.3,37.91 1 1
github.com/jaas/jaas/internal/organization/services/event_consumer.go:38.96,41.13 1 1
github.com/jaas/jaas/internal/organization/services/event_consumer.go:42.10,43.68 1 1
github.com/jaas/jaas/internal/organization/services/helpers.go:30.47,31.26 1 1
github.com/jaas/jaas/internal/organization/services/helpers.go:31.26,33.3 1 1
github.com/jaas/jaas/internal/organization/services/helpers.go:34.2,35.16 2 1
github.com/jaas/jaas/internal/organization/services/helpers.go:35.16,37.3 1 1
github.com/jaas/jaas/internal/organization/services/helpers.go:38.2,38.17 1 1
github.com/jaas/jaas/internal/organization/services/helpers.go:42.42,43.15 1 1
github.com/jaas/jaas/internal/organization/services/helpers.go:43.15,45.3 1 1
github.com/jaas/jaas/internal/organization/services/helpers.go:46.2,47.11 2 1
github.com/jaas/jaas/internal/organization/services/helpers.go:51.152,55.17 4 1
github.com/jaas/jaas/internal/organization/services/helpers.go:55.17,56.17 1 1
github.com/jaas/jaas/internal/organization/services/helpers.go:56.17,58.4 1 0
github.com/jaas/jaas/internal/organization/services/helpers.go:59.3,61.43 3 1
github.com/jaas/jaas/internal/organization/services/helpers.go:61.43,63.4 1 1
github.com/jaas/jaas/internal/organization/services/helpers.go:64.3,65.34 2 1
github.com/jaas/jaas/internal/organization/services/helpers.go:65.34,67.4 1 0
github.com/jaas/jaas/internal/organization/services/helpers.go:68.3,68.34 1 1
github.com/jaas/jaas/internal/organization/services/helpers.go:70.2,70.12 1 1
github.com/jaas/jaas/internal/organization/services/helpers.go:74.162,79.36 5 1
github.com/jaas/jaas/internal/organization/services/helpers.go:79.36,80.36 1 1
github.com/jaas/jaas/internal/organization/services/helpers.go:80.36,81.9 1 0
github.com/jaas/jaas/internal/organization/services/helpers.go:83.3,87.34 5 1
github.com/jaas/jaas/internal/organization/services/helpers.go:87.34,89.4 1 0
github.com/jaas/jaas/internal/organization/services/helpers.go:90.3,90.15 1 1
github.com/jaas/jaas/internal/organization/services/helpers.go:92.2,92.25 1 1
github.com/jaas/jaas/internal/organization/services/helpers.go:95.177,97.16 2 1
github.com/jaas/jaas/internal/organization/services/helpers.go:97.16,99.3 1 0
github.com/jaas/jaas/internal/organization/services/helpers.go:100.2,112.8 1 1
github.com/jaas/jaas/internal/organization/services/helpers.go:118.123,119.78 1 1
github.com/jaas/jaas/internal/organization/services/helpers.go:119.78,121.3 1 1
github.com/jaas/jaas/internal/organization/services/helpers.go:122.2,122.15 1 1
github.com/jaas/jaas/internal/organization/services/helpers.go:122.15,124.3 1 1
github.com/jaas/jaas/internal/organization/services/helpers.go:125.2,126.16 2 1
github.com/jaas/jaas/internal/organization/services/helpers.go:126.16,128.3 1 0
github.com/jaas/jaas/internal/organization/services/helpers.go:129.2,135.4 1 1
github.com/jaas/jaas/internal/organization/services/mapping_service.go:45.18,47.2 1 1
github.com/jaas/jaas/internal/organization/services/mapping_service.go:49.57,57.2 1 1
github.com/jaas/jaas/internal/organization/services/mapping_service.go:60.104,62.16 2 1
github.com/jaas/jaas/internal/organization/services/mapping_service.go:62.16,64.3 1 1
github.com/jaas/jaas/internal/organization/services/mapping_service.go:65.2,65.38 1 1
github.com/jaas/jaas/internal/organization/services/mapping_service.go:65.38,67.3 1 1
github.com/jaas/jaas/internal/organization/services/mapping_service.go:68.2,68.12 1 1
github.com/jaas/jaas/internal/organization/services/mapping_service.go:72.159,73.19 1 1
github.com/jaas/jaas/internal/organization/services/mapping_service.go:73.19,75.17 2 1
github.com/jaas/jaas/internal/organization/services/mapping_service.go:75.17,77.4 1 0
github.com/jaas/jaas/internal/organization/services/mapping_service.go:78.3,78.18 1 1
github.com/jaas/jaas/internal/organization/services/mapping_service.go:78.18,80.4 1 1
github.com/jaas/jaas/internal/organization/services/mapping_service.go:82.2,83.19 2 1
github.com/jaas/jaas/internal/organization/services/mapping_service.go:83.19,85.17 2 1
github.com/jaas/jaas/internal/organization/services/mapping_service.go:85.17,87.4 1 0
github.com/jaas/jaas/internal/organization/services/mapping_service.go:88.3,88.15 1 1
github.com/jaas/jaas/internal/organization/services/mapping_service.go:88.15,90.4 1 1
github.com/jaas/jaas/internal/organization/services/mapping_service.go:91.3,91.11 1 1
github.com/jaas/jaas/internal/organization/services/mapping_service.go:93.2,93.20 1 1
github.com/jaas/jaas/internal/organization/services/mapping_service.go:93.20,95.17 2 0
github.com/jaas/jaas/internal/organization/services/mapping_service.go:95.17,97.4 1 0
github.com/jaas/jaas/internal/organization/services/mapping_service.go:98.3,98.15 1 0
github.com/jaas/jaas/internal/organization/services/mapping_service.go:98.15,100.4 1 0
github.com/jaas/jaas/internal/organization/services/mapping_service.go:102.2,102.66 1 1
github.com/jaas/jaas/internal/organization/services/mapping_service.go:102.66,104.3 1 1
github.com/jaas/jaas/internal/organization/services/mapping_service.go:105.2,105.22 1 1
github.com/jaas/jaas/internal/organization/services/mapping_service.go:105.22,106.25 1 1
github.com/jaas/jaas/internal/organization/services/mapping_service.go:106.25,108.4 1 0
github.com/jaas/jaas/internal/organization/services/mapping_service.go:109.3,109.68 1 1
github.com/jaas/jaas/internal/organization/services/mapping_service.go:109.68,111.4 1 1
github.com/jaas/jaas/internal/organization/services/mapping_service.go:112.3,112.85 1 1
github.com/jaas/jaas/internal/organization/services/mapping_service.go:112.85,114.4 1 1
github.com/jaas/jaas/internal/organization/services/mapping_service.go:116.2,116.12 1 1
github.com/jaas/jaas/internal/organization/services/mapping_service.go:120.122,123.26 3 1
github.com/jaas/jaas/internal/organization/services/mapping_service.go:123.26,124.16 1 1
github.com/jaas/jaas/internal/organization/services/mapping_service.go:124.16,126.4 1 1
github.com/jaas/jaas/internal/organization/services/mapping_service.go:127.3,129.67 3 1
github.com/jaas/jaas/internal/organization/services/mapping_service.go:129.67,131.4 1 0
github.com/jaas/jaas/internal/organization/services/mapping_service.go:132.3,132.31 1 1
github.com/jaas/jaas/internal/organization/services/mapping_service.go:134.2,134.128 1 0
github.com/jaas/jaas/internal/organization/services/mapping_service.go:137.179,139.16 2 1
github.com/jaas/jaas/internal/organization/services/mapping_service.go:139.16,141.3 1 1
github.com/jaas/jaas/internal/organization/services/mapping_service.go:142.2,142.63 1 1
github.com/jaas/jaas/internal/organization/services/mapping_service.go:142.63,144.3 1 1
github.com/jaas/jaas/internal/organization/services/mapping_service.go:145.2,146.16 2 1
github.com/jaas/jaas/internal/organization/services/mapping_service.go:146.16,148.3 1 0
github.com/jaas/jaas/internal/organization/services/mapping_service.go:149.2,150.16 2 1
github.com/jaas/jaas/internal/organization/services/mapping_service.go:150.16,152.3 1 0
github.com/jaas/jaas/internal/organization/services/mapping_service.go:153.2,154.16 2 1
github.com/jaas/jaas/internal/organization/services/mapping_service.go:154.16,156.3 1 0
github.com/jaas/jaas/internal/organization/services/mapping_service.go:157.2,158.16 2 1
github.com/jaas/jaas/internal/organization/services/mapping_service.go:158.16,160.3 1 0
github.com/jaas/jaas/internal/organization/services/mapping_service.go:161.2,161.54 1 1
github.com/jaas/jaas/internal/organization/services/mapping_service.go:161.54,163.3 1 1
github.com/jaas/jaas/internal/organization/services/mapping_service.go:164.2,164.99 1 1
github.com/jaas/jaas/internal/organization/services/mapping_service.go:164.99,166.3 1 1
github.com/jaas/jaas/internal/organization/services/mapping_service.go:167.2,167.19 1 1
github.com/jaas/jaas/internal/organization/services/mapping_service.go:167.19,169.17 2 1
github.com/jaas/jaas/internal/organization/services/mapping_service.go:169.17,171.4 1 0
github.com/jaas/jaas/internal/organization/services/mapping_service.go:172.3,172.22 1 1
github.com/jaas/jaas/internal/organization/services/mapping_service.go:172.22,174.4 1 1
github.com/jaas/jaas/internal/organization/services/mapping_service.go:177.2,182.57 3 1
github.com/jaas/jaas/internal/organization/services/mapping_service.go:182.57,184.3 1 0
github.com/jaas/jaas/internal/organization/services/mapping_service.go:186.2,190.27 3 1
github.com/jaas/jaas/internal/organization/services/mapping_service.go:193.125,195.16 2 1
github.com/jaas/jaas/internal/organization/services/mapping_service.go:195.16,197.3 1 1
github.com/jaas/jaas/internal/organization/services/mapping_service.go:198.2,198.14 1 1
github.com/jaas/jaas/internal/organization/services/mapping_service.go:198.14,200.3 1 1
github.com/jaas/jaas/internal/organization/services/mapping_service.go:201.2,201.27 1 1
github.com/jaas/jaas/internal/organization/services/mapping_service.go:204.158,206.16 2 1
github.com/jaas/jaas/internal/organization/services/mapping_service.go:206.16,208.3 1 0
github.com/jaas/jaas/internal/organization/services/mapping_service.go:209.2,210.21 2 1
github.com/jaas/jaas/internal/organization/services/mapping_service.go:210.21,212.3 1 1
github.com/jaas/jaas/internal/organization/services/mapping_service.go:213.2,213.101 1 1
github.com/jaas/jaas/internal/organization/services/mapping_service.go:216.158,218.16 2 1
github.com/jaas/jaas/internal/organization/services/mapping_service.go:218.16,220.3 1 1
github.com/jaas/jaas/internal/organization/services/mapping_service.go:221.2,221.14 1 1
github.com/jaas/jaas/internal/organization/services/mapping_service.go:221.14,223.3 1 1
github.com/jaas/jaas/internal/organization/services/mapping_service.go:225.2,229.29 5 1
github.com/jaas/jaas/internal/organization/services/mapping_service.go:229.29,231.17 2 1
github.com/jaas/jaas/internal/organization/services/mapping_service.go:231.17,233.4 1 1
github.com/jaas/jaas/internal/organization/services/mapping_service.go:235.2,235.23 1 1
github.com/jaas/jaas/internal/organization/services/mapping_service.go:235.23,237.17 2 1
github.com/jaas/jaas/internal/organization/services/mapping_service.go:237.17,239.4 1 1
github.com/jaas/jaas/internal/organization/services/mapping_service.go:241.2,241.30 1 1
github.com/jaas/jaas/internal/organization/services/mapping_service.go:241.30,243.17 2 1
github.com/jaas/jaas/internal/organization/services/mapping_service.go:243.17,245.4 1 1
github.com/jaas/jaas/internal/organization/services/mapping_service.go:247.2,247.30 1 1
github.com/jaas/jaas/internal/organization/services/mapping_service.go:247.30,249.17 2 1
github.com/jaas/jaas/internal/organization/services/mapping_service.go:249.17,251.4 1 1
github.com/jaas/jaas/internal/organization/services/mapping_service.go:253.2,253.101 1 1
github.com/jaas/jaas/internal/organization/services/mapping_service.go:253.101,255.3 1 1
github.com/jaas/jaas/internal/organization/services/mapping_service.go:256.2,256.60 1 1
github.com/jaas/jaas/internal/organization/services/mapping_service.go:256.60,258.17 2 1
github.com/jaas/jaas/internal/organization/services/mapping_service.go:258.17,260.4 1 0
github.com/jaas/jaas/internal/organization/services/mapping_service.go:261.3,261.45 1 1
github.com/jaas/jaas/internal/organization/services/mapping_service.go:261.45,263.66 2 1
github.com/jaas/jaas/internal/organization/services/mapping_service.go:263.66,265.5 1 0
github.com/jaas/jaas/internal/organization/services/mapping_service.go:267.3,267.21 1 1
github.com/jaas/jaas/internal/organization/services/mapping_service.go:268.8,268.33 1 1
github.com/jaas/jaas/internal/organization/services/mapping_service.go:268.33,270.3 1 0
github.com/jaas/jaas/internal/organization/services/mapping_service.go:271.2,273.57 2 1
github.com/jaas/jaas/internal/organization/services/mapping_service.go:273.57,275.3 1 0
github.com/jaas/jaas/internal/organization/services/mapping_service.go:276.2,277.27 2 1
github.com/jaas/jaas/internal/organization/services/mapping_service.go:280.166,282.16 2 1
github.com/jaas/jaas/internal/organization/services/mapping_service.go:282.16,284.3 1 1
github.com/jaas/jaas/internal/organization/services/mapping_service.go:285.2,285.14 1 1
github.com/jaas/jaas/internal/organization/services/mapping_service.go:285.14,287.3 1 0
github.com/jaas/jaas/internal/organization/services/mapping_service.go:288.2,288.28 1 1
github.com/jaas/jaas/internal/organization/services/mapping_service.go:288.28,290.3 1 1
github.com/jaas/jaas/internal/organization/services/mapping_service.go:291.2,293.57 3 1
github.com/jaas/jaas/internal/organization/services/mapping_service.go:293.57,295.3 1 0
github.com/jaas/jaas/internal/organization/services/mapping_service.go:296.2,297.27 2 1
github.com/jaas/jaas/internal/organization/services/mapping_service.go:301.142,303.16 2 1
github.com/jaas/jaas/internal/organization/services/mapping_service.go:303.16,305.3 1 1
github.com/jaas/jaas/internal/organization/services/mapping_service.go:306.2,306.21 1 1
github.com/jaas/jaas/internal/organization/services/mapping_service.go:306.21,307.32 1 1
github.com/jaas/jaas/internal/organization/services/mapping_service.go:307.32,309.65 2 1
github.com/jaas/jaas/internal/organization/services/mapping_service.go:309.65,311.5 1 0
github.com/jaas/jaas/internal/organization/services/mapping_service.go:314.2,315.16 2 1
github.com/jaas/jaas/internal/organization/services/mapping_service.go:315.16,317.3 1 0
github.com/jaas/jaas/internal/organization/services/mapping_service.go:318.2,318.25 1 1
github.com/jaas/jaas/internal/organization/services/mapping_service.go:318.25,320.68 2 1
github.com/jaas/jaas/internal/organization/services/mapping_service.go:320.68,322.4 1 0
github.com/jaas/jaas/internal/organization/services/mapping_service.go:324.2,325.12 2 1
github.com/jaas/jaas/internal/organization/services/org_chart_service.go:35.84,36.20 1 1
github.com/jaas/jaas/internal/organization/services/org_chart_service.go:36.20,38.3 1 1
github.com/jaas/jaas/internal/organization/services/org_chart_service.go:39.2,39.82 1 1
github.com/jaas/jaas/internal/organization/services/org_chart_service.go:57.19,59.2 1 1
github.com/jaas/jaas/internal/organization/services/org_chart_service.go:61.83,63.2 1 1
github.com/jaas/jaas/internal/organization/services/org_chart_service.go:65.157,66.36 1 1
github.com/jaas/jaas/internal/organization/services/org_chart_service.go:66.36,68.3 1 0
github.com/jaas/jaas/internal/organization/services/org_chart_service.go:69.2,70.20 2 1
github.com/jaas/jaas/internal/organization/services/org_chart_service.go:70.20,71.81 1 1
github.com/jaas/jaas/internal/organization/services/org_chart_service.go:71.81,73.51 2 1
github.com/jaas/jaas/internal/organization/services/org_chart_service.go:73.51,75.5 1 1
github.com/jaas/jaas/internal/organization/services/org_chart_service.go:79.2,80.16 2 1
github.com/jaas/jaas/internal/organization/services/org_chart_service.go:80.16,82.3 1 1
github.com/jaas/jaas/internal/organization/services/org_chart_service.go:83.2,84.23 2 1
github.com/jaas/jaas/internal/organization/services/org_chart_service.go:84.23,85.54 1 1
github.com/jaas/jaas/internal/organization/services/org_chart_service.go:85.54,86.12 1 1
github.com/jaas/jaas/internal/organization/services/org_chart_service.go:88.3,89.17 2 1
github.com/jaas/jaas/internal/organization/services/org_chart_service.go:89.17,91.4 1 0
github.com/jaas/jaas/internal/organization/services/org_chart_service.go:92.3,92.31 1 1
github.com/jaas/jaas/internal/organization/services/org_chart_service.go:94.2,95.20 2 1
github.com/jaas/jaas/internal/organization/services/org_chart_service.go:95.20,96.49 1 1
github.com/jaas/jaas/internal/organization/services/org_chart_service.go:96.49,98.4 1 1
github.com/jaas/jaas/internal/organization/services/org_chart_service.go:100.2,100.18 1 1
github.com/jaas/jaas/internal/organization/services/org_chart_service.go:103.186,105.16 2 1
github.com/jaas/jaas/internal/organization/services/org_chart_service.go:105.16,107.3 1 0
github.com/jaas/jaas/internal/organization/services/org_chart_service.go:108.2,109.16 2 1
github.com/jaas/jaas/internal/organization/services/org_chart_service.go:109.16,111.3 1 0
github.com/jaas/jaas/internal/organization/services/org_chart_service.go:112.2,113.23 2 1
github.com/jaas/jaas/internal/organization/services/org_chart_service.go:113.23,114.54 1 1
github.com/jaas/jaas/internal/organization/services/org_chart_service.go:114.54,115.12 1 1
github.com/jaas/jaas/internal/organization/services/org_chart_service.go:117.3,118.17 2 1
github.com/jaas/jaas/internal/organization/services/org_chart_service.go:118.17,120.4 1 0
github.com/jaas/jaas/internal/organization/services/org_chart_service.go:121.3,127.5 1 1
github.com/jaas/jaas/internal/organization/services/org_chart_service.go:129.2,133.25 2 1
github.com/jaas/jaas/internal/organization/services/org_chart_service.go:133.25,135.3 1 1
github.com/jaas/jaas/internal/organization/services/org_chart_service.go:136.2,137.16 2 1
github.com/jaas/jaas/internal/organization/services/org_chart_service.go:137.16,139.3 1 0
github.com/jaas/jaas/internal/organization/services/org_chart_service.go:140.2,140.26 1 1
github.com/jaas/jaas/internal/organization/services/org_chart_service.go:140.26,141.57 1 1
github.com/jaas/jaas/internal/organization/services/org_chart_service.go:141.57,142.12 1 0
github.com/jaas/jaas/internal/organization/services/org_chart_service.go:144.3,145.17 2 1
github.com/jaas/jaas/internal/organization/services/org_chart_service.go:145.17,147.4 1 0
github.com/jaas/jaas/internal/organization/services/org_chart_service.go:148.3,148.48 1 1
github.com/jaas/jaas/internal/organization/services/org_chart_service.go:150.2,150.18 1 1
github.com/jaas/jaas/internal/organization/services/org_chart_service.go:153.134,155.16 2 1
github.com/jaas/jaas/internal/organization/services/org_chart_service.go:155.16,157.3 1 1
github.com/jaas/jaas/internal/organization/services/org_chart_service.go:158.2,159.20 2 1
github.com/jaas/jaas/internal/organization/services/org_chart_service.go:159.20,161.3 1 1
github.com/jaas/jaas/internal/organization/services/org_chart_service.go:162.2,163.27 2 1
github.com/jaas/jaas/internal/organization/services/org_chart_service.go:163.27,165.17 2 1
github.com/jaas/jaas/internal/organization/services/org_chart_service.go:165.17,167.4 1 0
github.com/jaas/jaas/internal/organization/services/org_chart_service.go:168.3,168.18 1 1
github.com/jaas/jaas/internal/organization/services/org_chart_service.go:168.18,170.18 2 1
github.com/jaas/jaas/internal/organization/services/org_chart_service.go:170.18,172.5 1 0
github.com/jaas/jaas/internal/organization/services/org_chart_service.go:173.4,179.5 1 1
github.com/jaas/jaas/internal/organization/services/org_chart_service.go:182.2,182.33 1 1
github.com/jaas/jaas/internal/organization/services/org_chart_service.go:182.33,184.17 2 1
github.com/jaas/jaas/internal/organization/services/org_chart_service.go:184.17,186.4 1 0
github.com/jaas/jaas/internal/organization/services/org_chart_service.go:187.3,187.18 1 1
github.com/jaas/jaas/internal/organization/services/org_chart_service.go:187.18,189.18 2 1
github.com/jaas/jaas/internal/organization/services/org_chart_service.go:189.18,191.5 1 0
github.com/jaas/jaas/internal/organization/services/org_chart_service.go:192.4,200.19 4 1
github.com/jaas/jaas/internal/organization/services/org_chart_service.go:200.19,202.36 2 1
github.com/jaas/jaas/internal/organization/services/org_chart_service.go:202.36,204.6 1 0
github.com/jaas/jaas/internal/organization/services/org_chart_service.go:205.5,206.19 2 1
github.com/jaas/jaas/internal/organization/services/org_chart_service.go:206.19,208.6 1 0
github.com/jaas/jaas/internal/organization/services/org_chart_service.go:209.5,215.36 2 1
github.com/jaas/jaas/internal/organization/services/org_chart_service.go:219.2,220.16 2 1
github.com/jaas/jaas/internal/organization/services/org_chart_service.go:220.16,222.3 1 0
github.com/jaas/jaas/internal/organization/services/org_chart_service.go:223.2,223.25 1 1
github.com/jaas/jaas/internal/organization/services/org_chart_service.go:223.25,225.3 1 1
github.com/jaas/jaas/internal/organization/services/org_chart_service.go:226.2,226.31 1 1
github.com/jaas/jaas/internal/organization/services/org_chart_service.go:226.31,228.3 1 0
github.com/jaas/jaas/internal/organization/services/org_chart_service.go:229.2,229.18 1 1
github.com/jaas/jaas/internal/organization/services/team_service.go:43.15,45.2 1 1
github.com/jaas/jaas/internal/organization/services/team_service.go:47.123,48.36 1 1
github.com/jaas/jaas/internal/organization/services/team_service.go:48.36,50.3 1 1
github.com/jaas/jaas/internal/organization/services/team_service.go:51.2,52.16 2 1
github.com/jaas/jaas/internal/organization/services/team_service.go:52.16,54.3 1 1
github.com/jaas/jaas/internal/organization/services/team_service.go:55.2,56.16 2 1
github.com/jaas/jaas/internal/organization/services/team_service.go:56.16,58.3 1 0
github.com/jaas/jaas/internal/organization/services/team_service.go:59.2,59.38 1 1
github.com/jaas/jaas/internal/organization/services/team_service.go:59.38,61.3 1 1
github.com/jaas/jaas/internal/organization/services/team_service.go:62.2,62.17 1 1
github.com/jaas/jaas/internal/organization/services/team_service.go:65.131,67.16 2 1
github.com/jaas/jaas/internal/organization/services/team_service.go:67.16,69.3 1 0
github.com/jaas/jaas/internal/organization/services/team_service.go:70.2,75.8 1 1
github.com/jaas/jaas/internal/organization/services/team_service.go:78.167,80.16 2 1
github.com/jaas/jaas/internal/organization/services/team_service.go:80.16,82.3 1 0
github.com/jaas/jaas/internal/organization/services/team_service.go:83.2,84.16 2 1
github.com/jaas/jaas/internal/organization/services/team_service.go:84.16,86.3 1 1
github.com/jaas/jaas/internal/organization/services/team_service.go:87.2,87.17 1 1
github.com/jaas/jaas/internal/organization/services/team_service.go:87.17,89.3 1 1
github.com/jaas/jaas/internal/organization/services/team_service.go:90.2,91.16 2 1
github.com/jaas/jaas/internal/organization/services/team_service.go:91.16,93.3 1 0
github.com/jaas/jaas/internal/organization/services/team_service.go:94.2,94.21 1 1
github.com/jaas/jaas/internal/organization/services/team_service.go:94.21,96.3 1 1
github.com/jaas/jaas/internal/organization/services/team_service.go:97.2,98.16 2 1
github.com/jaas/jaas/internal/organization/services/team_service.go:98.16,100.3 1 1
github.com/jaas/jaas/internal/organization/services/team_service.go:102.2,107.57 3 1
github.com/jaas/jaas/internal/organization/services/team_service.go:107.57,109.3 1 0
github.com/jaas/jaas/internal/organization/services/team_service.go:111.2,115.46 3 1
github.com/jaas/jaas/internal/organization/services/team_service.go:118.116,120.16 2 1
github.com/jaas/jaas/internal/organization/services/team_service.go:120.16,122.3 1 1
github.com/jaas/jaas/internal/organization/services/team_service.go:123.2,123.17 1 1
github.com/jaas/jaas/internal/organization/services/team_service.go:123.17,125.3 1 1
github.com/jaas/jaas/internal/organization/services/team_service.go:126.2,126.46 1 1
github.com/jaas/jaas/internal/organization/services/team_service.go:129.162,131.16 2 1
github.com/jaas/jaas/internal/organization/services/team_service.go:131.16,133.3 1 1
github.com/jaas/jaas/internal/organization/services/team_service.go:134.2,135.23 2 1
github.com/jaas/jaas/internal/organization/services/team_service.go:135.23,137.17 2 1
github.com/jaas/jaas/internal/organization/services/team_service.go:137.17,139.4 1 0
github.com/jaas/jaas/internal/organization/services/team_service.go:140.3,140.17 1 1
github.com/jaas/jaas/internal/organization/services/team_service.go:142.2,142.98 1 1
github.com/jaas/jaas/internal/organization/services/team_service.go:145.146,147.16 2 1
github.com/jaas/jaas/internal/organization/services/team_service.go:147.16,149.3 1 1
github.com/jaas/jaas/internal/organization/services/team_service.go:150.2,150.17 1 1
github.com/jaas/jaas/internal/organization/services/team_service.go:150.17,152.3 1 0
github.com/jaas/jaas/internal/organization/services/team_service.go:154.2,155.28 2 1
github.com/jaas/jaas/internal/organization/services/team_service.go:155.28,157.3 1 0
github.com/jaas/jaas/internal/organization/services/team_service.go:158.2,158.29 1 1
github.com/jaas/jaas/internal/organization/services/team_service.go:158.29,160.17 2 1
github.com/jaas/jaas/internal/organization/services/team_service.go:160.17,162.4 1 0
github.com/jaas/jaas/internal/organization/services/team_service.go:163.3,164.17 2 1
github.com/jaas/jaas/internal/organization/services/team_service.go:164.17,166.4 1 0
github.com/jaas/jaas/internal/organization/services/team_service.go:167.3,167.18 1 1
github.com/jaas/jaas/internal/organization/services/team_service.go:167.18,169.4 1 1
github.com/jaas/jaas/internal/organization/services/team_service.go:170.3,170.29 1 1
github.com/jaas/jaas/internal/organization/services/team_service.go:172.2,172.21 1 1
github.com/jaas/jaas/internal/organization/services/team_service.go:172.21,174.24 2 1
github.com/jaas/jaas/internal/organization/services/team_service.go:174.24,177.18 2 1
github.com/jaas/jaas/internal/organization/services/team_service.go:177.18,179.5 1 0
github.com/jaas/jaas/internal/organization/services/team_service.go:180.4,180.49 1 1
github.com/jaas/jaas/internal/organization/services/team_service.go:180.49,182.5 1 1
github.com/jaas/jaas/internal/organization/services/team_service.go:183.4,183.20 1 0
github.com/jaas/jaas/internal/organization/services/team_service.go:186.2,186.27 1 1
github.com/jaas/jaas/internal/organization/services/team_service.go:186.27,188.17 2 1
github.com/jaas/jaas/internal/organization/services/team_service.go:188.17,190.4 1 1
github.com/jaas/jaas/internal/organization/services/team_service.go:191.3,191.27 1 1
github.com/jaas/jaas/internal/organization/services/team_service.go:194.2,194.57 1 1
github.com/jaas/jaas/internal/organization/services/team_service.go:194.57,196.3 1 0
github.com/jaas/jaas/internal/organization/services/team_service.go:197.2,199.46 2 1
github.com/jaas/jaas/internal/organization/services/team_service.go:202.139,204.16 2 1
github.com/jaas/jaas/internal/organization/services/team_service.go:204.16,206.3 1 1
github.com/jaas/jaas/internal/organization/services/team_service.go:207.2,207.17 1 1
github.com/jaas/jaas/internal/organization/services/team_service.go:207.17,209.3 1 0
github.com/jaas/jaas/internal/organization/services/team_service.go:210.2,210.31 1 1
github.com/jaas/jaas/internal/organization/services/team_service.go:210.31,212.3 1 1
github.com/jaas/jaas/internal/organization/services/team_service.go:213.2,214.16 2 1
github.com/jaas/jaas/internal/organization/services/team_service.go:214.16,216.3 1 0
github.com/jaas/jaas/internal/organization/services/team_service.go:217.2,217.15 1 1
github.com/jaas/jaas/internal/organization/services/team_service.go:217.15,219.3 1 1
github.com/jaas/jaas/internal/organization/services/team_service.go:220.2,221.57 2 1
github.com/jaas/jaas/internal/organization/services/team_service.go:221.57,223.3 1 0
github.com/jaas/jaas/internal/organization/services/team_service.go:224.2,225.46 2 1
github.com/jaas/jaas/internal/employee/services/document_service.go:32.27,38.2 1 0
github.com/jaas/jaas/internal/employee/services/document_service.go:40.156,42.16 2 0
github.com/jaas/jaas/internal/employee/services/document_service.go:42.16,44.3 1 0
github.com/jaas/jaas/internal/employee/services/document_service.go:45.2,45.20 1 0
github.com/jaas/jaas/internal/employee/services/document_service.go:45.20,47.3 1 0
github.com/jaas/jaas/internal/employee/services/document_service.go:49.2,59.56 3 0
github.com/jaas/jaas/internal/employee/services/document_service.go:59.56,61.3 1 0
github.com/jaas/jaas/internal/employee/services/document_service.go:63.2,63.37 1 0
github.com/jaas/jaas/internal/employee/services/document_service.go:66.124,68.16 2 0
github.com/jaas/jaas/internal/employee/services/document_service.go:68.16,70.3 1 0
github.com/jaas/jaas/internal/employee/services/document_service.go:72.2,73.22 2 0
github.com/jaas/jaas/internal/employee/services/document_service.go:73.22,75.3 1 0
github.com/jaas/jaas/internal/employee/services/document_service.go:76.2,76.17 1 0
github.com/jaas/jaas/internal/employee/services/document_service.go:79.144,81.16 2 0
github.com/jaas/jaas/internal/employee/services/document_service.go:81.16,83.3 1 0
github.com/jaas/jaas/internal/employee/services/document_service.go:85.2,85.54 1 0
github.com/jaas/jaas/internal/employee/services/document_service.go:85.54,87.3 1 0
github.com/jaas/jaas/internal/employee/services/document_service.go:89.2,93.56 4 0
github.com/jaas/jaas/internal/employee/services/document_service.go:93.56,95.3 1 0
github.com/jaas/jaas/internal/employee/services/document_service.go:97.2,97.24 1 0
github.com/jaas/jaas/internal/employee/services/document_service.go:97.24,100.3 2 0
github.com/jaas/jaas/internal/employee/services/document_service.go:102.2,102.37 1 0
github.com/jaas/jaas/internal/employee/services/document_service.go:105.75,106.14 1 0
github.com/jaas/jaas/internal/employee/services/document_service.go:106.14,108.3 1 0
github.com/jaas/jaas/internal/employee/services/document_service.go:109.2,120.3 1 0
github.com/jaas/jaas/internal/employee/services/employee_service.go:49.19,58.2 1 0
github.com/jaas/jaas/internal/employee/services/employee_service.go:60.145,61.74 1 0
github.com/jaas/jaas/internal/employee/services/employee_service.go:61.74,63.3 1 0
github.com/jaas/jaas/internal/employee/services/employee_service.go:64.2,64.78 1 0
github.com/jaas/jaas/internal/employee/services/employee_service.go:64.78,66.3 1 0
github.com/jaas/jaas/internal/employee/services/employee_service.go:69.2,69.22 1 0
github.com/jaas/jaas/internal/employee/services/employee_service.go:69.22,71.32 2 0
github.com/jaas/jaas/internal/employee/services/employee_service.go:71.32,73.4 1 0
github.com/jaas/jaas/internal/employee/services/employee_service.go:77.2,78.16 2 0
github.com/jaas/jaas/internal/employee/services/employee_service.go:78.16,80.3 1 0
github.com/jaas/jaas/internal/employee/services/employee_service.go:81.2,81.21 1 0
github.com/jaas/jaas/internal/employee/services/employee_service.go:81.21,83.3 1 0
github.com/jaas/jaas/internal/employee/services/employee_service.go:86.2,87.29 2 0
github.com/jaas/jaas/internal/employee/services/employee_service.go:87.29,89.3 1 0
github.com/jaas/jaas/internal/employee/services/employee_service.go:91.2,93.75 3 0
github.com/jaas/jaas/internal/employee/services/employee_service.go:93.75,95.3 1 0
github.com/jaas/jaas/internal/employee/services/employee_service.go:97.2,114.23 5 0
github.com/jaas/jaas/internal/employee/services/employee_service.go:114.23,116.3 1 0
github.com/jaas/jaas/internal/employee/services/employee_service.go:118.2,147.17 7 0
github.com/jaas/jaas/internal/employee/services/employee_service.go:147.17,148.67 1 0
github.com/jaas/jaas/internal/employee/services/employee_service.go:148.67,150.57 2 0
github.com/jaas/jaas/internal/employee/services/employee_service.go:150.57,152.5 1 0
github.com/jaas/jaas/internal/employee/services/employee_service.go:153.4,153.54 1 0
github.com/jaas/jaas/internal/employee/services/employee_service.go:153.54,155.5 1 0
github.com/jaas/jaas/internal/employee/services/employee_service.go:156.4,156.51 1 0
github.com/jaas/jaas/internal/employee/services/employee_service.go:156.51,158.5 1 0
github.com/jaas/jaas/internal/employee/services/employee_service.go:159.4,159.52 1 0
github.com/jaas/jaas/internal/employee/services/employee_service.go:159.52,161.5 1 0
github.com/jaas/jaas/internal/employee/services/employee_service.go:164.4,178.34 4 0
github.com/jaas/jaas/internal/employee/services/employee_service.go:180.3,180.17 1 0
github.com/jaas/jaas/internal/employee/services/employee_service.go:180.17,182.4 1 0
github.com/jaas/jaas/internal/employee/services/employee_service.go:183.8,186.28 2 0
github.com/jaas/jaas/internal/employee/services/employee_service.go:186.28,188.4 1 0
github.com/jaas/jaas/internal/employee/services/employee_service.go:191.2,194.24 3 0
github.com/jaas/jaas/internal/employee/services/employee_service.go:194.24,197.3 2 0
github.com/jaas/jaas/internal/employee/services/employee_service.go:199.2,199.41 1 0
github.com/jaas/jaas/internal/employee/services/employee_service.go:202.111,204.16 2 0
github.com/jaas/jaas/internal/employee/services/employee_service.go:204.16,206.3 1 0
github.com/jaas/jaas/internal/employee/services/employee_service.go:207.2,207.20 1 0
github.com/jaas/jaas/internal/employee/services/employee_service.go:207.20,209.3 1 0
github.com/jaas/jaas/internal/employee/services/employee_service.go:210.2,210.41 1 0
github.com/jaas/jaas/internal/employee/services/employee_service.go:213.119,215.16 2 0
github.com/jaas/jaas/internal/employee/services/employee_service.go:215.16,217.3 1 0
github.com/jaas/jaas/internal/employee/services/employee_service.go:218.2,218.20 1 0
github.com/jaas/jaas/internal/employee/services/employee_service.go:218.20,220.3 1 0
github.com/jaas/jaas/internal/employee/services/employee_service.go:221.2,221.41 1 0
github.com/jaas/jaas/internal/employee/services/employee_service.go:224.139,226.16 2 0
github.com/jaas/jaas/internal/employee/services/employee_service.go:226.16,228.3 1 0
github.com/jaas/jaas/internal/employee/services/employee_service.go:230.2,231.26 2 0
github.com/jaas/jaas/internal/employee/services/employee_service.go:231.26,233.3 1 0
github.com/jaas/jaas/internal/employee/services/employee_service.go:234.2,234.24 1 0
github.com/jaas/jaas/internal/employee/services/employee_service.go:237.141,239.16 2 0
github.com/jaas/jaas/internal/employee/services/employee_service.go:239.16,241.3 1 0
github.com/jaas/jaas/internal/employee/services/employee_service.go:242.2,242.20 1 0
github.com/jaas/jaas/internal/employee/services/employee_service.go:242.20,244.3 1 0
github.com/jaas/jaas/internal/employee/services/employee_service.go:246.2,246.26 1 0
github.com/jaas/jaas/internal/employee/services/employee_service.go:246.26,248.3 1 0
github.com/jaas/jaas/internal/employee/services/employee_service.go:249.2,249.25 1 0
github.com/jaas/jaas/internal/employee/services/employee_service.go:249.25,251.3 1 0
github.com/jaas/jaas/internal/employee/services/employee_service.go:252.2,252.28 1 0
github.com/jaas/jaas/internal/employee/services/employee_service.go:252.28,254.3 1 0
github.com/jaas/jaas/internal/employee/services/employee_service.go:255.2,255.23 1 0
github.com/jaas/jaas/internal/employee/services/employee_service.go:255.23,257.3 1 0
github.com/jaas/jaas/internal/employee/services/employee_service.go:258.2,258.28 1 0
github.com/jaas/jaas/internal/employee/services/employee_service.go:258.28,260.3 1 0
github.com/jaas/jaas/internal/employee/services/employee_service.go:261.2,261.30 1 0
github.com/jaas/jaas/internal/employee/services/employee_service.go:261.30,263.3 1 0
github.com/jaas/jaas/internal/employee/services/employee_service.go:264.2,264.27 1 0
github.com/jaas/jaas/internal/employee/services/employee_service.go:264.27,266.3 1 0
github.com/jaas/jaas/internal/employee/services/employee_service.go:267.2,267.26 1 0
github.com/jaas/jaas/internal/employee/services/employee_service.go:267.26,269.3 1 0
github.com/jaas/jaas/internal/employee/services/employee_service.go:271.2,271.64 1 0
github.com/jaas/jaas/internal/employee/services/employee_service.go:271.64,273.3 1 0
github.com/jaas/jaas/internal/employee/services/employee_service.go:275.2,275.41 1 0
github.com/jaas/jaas/internal/employee/services/employee_service.go:278.159,280.16 2 0
github.com/jaas/jaas/internal/employee/services/employee_service.go:280.16,282.3 1 0
github.com/jaas/jaas/internal/employee/services/employee_service.go:283.2,283.20 1 0
github.com/jaas/jaas/internal/employee/services/employee_service.go:283.20,285.3 1 0
github.com/jaas/jaas/internal/employee/services/employee_service.go:287.2,287.28 1 0
github.com/jaas/jaas/internal/employee/services/employee_service.go:287.28,292.3 2 0
github.com/jaas/jaas/internal/employee/services/employee_service.go:294.2,294.30 1 0
github.com/jaas/jaas/internal/employee/services/employee_service.go:294.30,296.3 1 0
github.com/jaas/jaas/internal/employee/services/employee_service.go:297.2,297.31 1 0
github.com/jaas/jaas/internal/employee/services/employee_service.go:297.31,299.3 1 0
github.com/jaas/jaas/internal/employee/services/employee_service.go:300.2,300.33 1 0
github.com/jaas/jaas/internal/employee/services/employee_service.go:300.33,302.3 1 0
github.com/jaas/jaas/internal/employee/services/employee_service.go:303.2,303.34 1 0
github.com/jaas/jaas/internal/employee/services/employee_service.go:303.34,304.86 1 0
github.com/jaas/jaas/internal/employee/services/employee_service.go:304.86,306.4 1 0
github.com/jaas/jaas/internal/employee/services/employee_service.go:307.3,308.15 2 0
github.com/jaas/jaas/internal/employee/services/employee_service.go:308.15,310.4 1 0
github.com/jaas/jaas/internal/employee/services/employee_service.go:311.3,311.41 1 0
github.com/jaas/jaas/internal/employee/services/employee_service.go:314.2,314.79 1 0
github.com/jaas/jaas/internal/employee/services/employee_service.go:314.79,316.3 1 0
github.com/jaas/jaas/internal/employee/services/employee_service.go:318.2,318.41 1 0
github.com/jaas/jaas/internal/employee/services/employee_service.go:321.153,322.62 1 0
github.com/jaas/jaas/internal/employee/services/employee_service.go:322.62,324.3 1 0
github.com/jaas/jaas/internal/employee/services/employee_service.go:326.2,327.16 2 0
github.com/jaas/jaas/internal/employee/services/employee_service.go:327.16,329.3 1 0
github.com/jaas/jaas/internal/employee/services/employee_service.go:330.2,330.20 1 0
github.com/jaas/jaas/internal/employee/services/employee_service.go:330.20,332.3 1 0
github.com/jaas/jaas/internal/employee/services/employee_service.go:334.2,336.28 3 0
github.com/jaas/jaas/internal/employee/services/employee_service.go:336.28,338.3 1 0
github.com/jaas/jaas/internal/employee/services/employee_service.go:340.2,340.76 1 0
github.com/jaas/jaas/internal/employee/services/employee_service.go:340.76,342.3 1 0
github.com/jaas/jaas/internal/employee/services/employee_service.go:344.2,349.17 5 0
github.com/jaas/jaas/internal/employee/services/employee_service.go:349.17,350.67 1 0
github.com/jaas/jaas/internal/employee/services/employee_service.go:350.67,352.57 2 0
github.com/jaas/jaas/internal/employee/services/employee_service.go:352.57,354.5 1 0
github.com/jaas/jaas/internal/employee/services/employee_service.go:355.4,355.39 1 0
github.com/jaas/jaas/internal/employee/services/employee_service.go:355.39,356.91 1 0
github.com/jaas/jaas/internal/employee/services/employee_service.go:356.91,358.6 1 0
github.com/jaas/jaas/internal/employee/services/employee_service.go:362.4,362.38 1 0
github.com/jaas/jaas/internal/employee/services/employee_service.go:362.38,363.99 1 0
github.com/jaas/jaas/internal/employee/services/employee_service.go:363.99,365.64 2 0
github.com/jaas/jaas/internal/employee/services/employee_service.go:365.64,367.7 1 0
github.com/jaas/jaas/internal/employee/services/employee_service.go:372.4,380.36 3 0
github.com/jaas/jaas/internal/employee/services/employee_service.go:382.3,382.17 1 0
github.com/jaas/jaas/internal/employee/services/employee_service.go:382.17,384.4 1 0
github.com/jaas/jaas/internal/employee/services/employee_service.go:385.8,387.3 1 0
github.com/jaas/jaas/internal/employee/services/employee_service.go:389.2,389.24 1 0
github.com/jaas/jaas/internal/employee/services/employee_service.go:389.24,397.3 2 0
github.com/jaas/jaas/internal/employee/services/employee_service.go:399.2,399.41 1 0
github.com/jaas/jaas/internal/employee/services/employee_service.go:402.89,404.16 2 0
github.com/jaas/jaas/internal/employee/services/employee_service.go:404.16,406.3 1 0
github.com/jaas/jaas/internal/employee/services/employee_service.go:407.2,407.20 1 0
github.com/jaas/jaas/internal/employee/services/employee_service.go:407.20,409.3 1 0
github.com/jaas/jaas/internal/employee/services/employee_service.go:410.2,411.48 2 0
github.com/jaas/jaas/internal/employee/services/employee_service.go:414.74,415.14 1 0
github.com/jaas/jaas/internal/employee/services/employee_service.go:415.14,417.3 1 0
github.com/jaas/jaas/internal/employee/services/employee_service.go:418.2,436.31 2 0
github.com/jaas/jaas/internal/employee/services/employee_service.go:436.31,447.3 1 0
github.com/jaas/jaas/internal/employee/services/employee_service.go:449.2,449.22 1 0
github.com/jaas/jaas/internal/employee/services/employee_service.go:449.22,458.3 1 0
github.com/jaas/jaas/internal/employee/services/employee_service.go:460.2,460.12 1 0
github.com/jaas/jaas/internal/employee/services/employee_service.go:466.137,469.14 3 0
github.com/jaas/jaas/internal/employee/services/employee_service.go:469.14,470.17 1 0
github.com/jaas/jaas/internal/employee/services/employee_service.go:470.17,472.4 1 0
github.com/jaas/jaas/internal/employee/services/employee_service.go:473.3,473.19 1 0
github.com/jaas/jaas/internal/employee/services/employee_service.go:475.2,475.33 1 0
github.com/jaas/jaas/internal/employee/services/employee_service.go:475.33,477.3 1 0
github.com/jaas/jaas/internal/employee/services/employee_service.go:478.2,478.32 1 0
github.com/jaas/jaas/internal/employee/services/employee_service.go:478.32,480.3 1 0
github.com/jaas/jaas/internal/employee/services/employee_service.go:481.2,481.25 1 0
github.com/jaas/jaas/internal/employee/services/employee_service.go:481.25,483.3 1 0
github.com/jaas/jaas/internal/employee/services/employee_service.go:484.2,484.26 1 0
github.com/jaas/jaas/internal/employee/services/employee_service.go:484.26,486.3 1 0
github.com/jaas/jaas/internal/employee/services/employee_service.go:487.2,487.55 1 0
github.com/jaas/jaas/internal/employee/services/employee_service.go:487.55,488.32 1 0
github.com/jaas/jaas/internal/employee/services/employee_service.go:488.32,490.4 1 0
github.com/jaas/jaas/internal/employee/services/employee_service.go:491.3,491.26 1 0
github.com/jaas/jaas/internal/employee/services/employee_service.go:493.2,493.54 1 0
github.com/jaas/jaas/internal/employee/services/employee_service.go:493.54,494.31 1 0
github.com/jaas/jaas/internal/employee/services/employee_service.go:494.31,496.4 1 0
github.com/jaas/jaas/internal/employee/services/employee_service.go:497.3,497.24 1 0
github.com/jaas/jaas/internal/employee/services/employee_service.go:497.24,500.4 2 0
github.com/jaas/jaas/internal/employee/services/employee_service.go:502.2,502.16 1 0
github.com/jaas/jaas/internal/employee/services/employee_service.go:502.16,503.24 1 0
github.com/jaas/jaas/internal/employee/services/employee_service.go:503.24,505.4 1 0
github.com/jaas/jaas/internal/employee/services/employee_service.go:506.3,506.24 1 0
github.com/jaas/jaas/internal/employee/services/employee_service.go:508.2,508.18 1 0
github.com/jaas/jaas/internal/employee/services/event_consumer.go:21.85,26.2 1 0
github.com/jaas/jaas/internal/employee/services/event_consumer.go:28.102,30.34 2 0
github.com/jaas/jaas/internal/employee/services/event_consumer.go:30.34,31.22 1 0
github.com/jaas/jaas/internal/employee/services/event_consumer.go:31.22,33.4 1 0
github.com/jaas/jaas/internal/employee/services/event_consumer.go:34.3,34.13 1 0
github.com/jaas/jaas/internal/employee/services/event_consumer.go:39.2,39.24 1 0
github.com/jaas/jaas/internal/employee/services/event_consumer.go:40.44,41.13 1 0
github.com/jaas/jaas/internal/employee/services/event_consumer.go:44.2,51.12 3 0
github.com/jaas/jaas/internal/employee/services/statutory_service.go:26.28,31.2 1 0
github.com/jaas/jaas/internal/employee/services/statutory_service.go:33.151,35.16 2 0
github.com/jaas/jaas/internal/employee/services/statutory_service.go:35.16,37.3 1 0
github.com/jaas/jaas/internal/employee/services/statutory_service.go:38.2,38.17 1 0
github.com/jaas/jaas/internal/employee/services/statutory_service.go:38.17,40.3 1 0
github.com/jaas/jaas/internal/employee/services/statutory_service.go:42.2,49.15 2 0
github.com/jaas/jaas/internal/employee/services/statutory_service.go:49.15,53.3 3 0
github.com/jaas/jaas/internal/employee/services/statutory_service.go:53.8,57.3 3 0
github.com/jaas/jaas/internal/employee/services/statutory_service.go:59.2,59.17 1 0
github.com/jaas/jaas/internal/employee/services/statutory_service.go:62.159,65.16 2 0
github.com/jaas/jaas/internal/employee/services/statutory_service.go:65.16,67.3 1 0
github.com/jaas/jaas/internal/employee/services/statutory_service.go:68.2,68.20 1 0
github.com/jaas/jaas/internal/employee/services/statutory_service.go:68.20,70.3 1 0
github.com/jaas/jaas/internal/employee/services/statutory_service.go:72.2,82.63 3 0
github.com/jaas/jaas/internal/employee/services/statutory_service.go:82.63,84.3 1 0
github.com/jaas/jaas/internal/employee/services/statutory_service.go:86.2,94.8 1 0
github.com/jaas/jaas/internal/employee/services/statutory_service.go:97.34,98.17 1 0
github.com/jaas/jaas/internal/employee/services/statutory_service.go:98.17,100.3 1 0
github.com/jaas/jaas/internal/employee/services/statutory_service.go:101.2,101.30 1 0
github.com/jaas/jaas/internal/employee/services/timeline_service.go:25.27,30.2 1 0
github.com/jaas/jaas/internal/employee/services/timeline_service.go:32.124,34.16 2 0
github.com/jaas/jaas/internal/employee/services/timeline_service.go:34.16,36.3 1 0
github.com/jaas/jaas/internal/employee/services/timeline_service.go:37.2,37.20 1 0
github.com/jaas/jaas/internal/employee/services/timeline_service.go:37.20,39.3 1 0
github.com/jaas/jaas/internal/employee/services/timeline_service.go:41.2,42.16 2 0
github.com/jaas/jaas/internal/employee/services/timeline_service.go:42.16,44.3 1 0
github.com/jaas/jaas/internal/employee/services/timeline_service.go:46.2,47.27 2 0
github.com/jaas/jaas/internal/employee/services/timeline_service.go:47.27,49.3 1 0
github.com/jaas/jaas/internal/employee/services/timeline_service.go:50.2,50.17 1 0
github.com/jaas/jaas/internal/employee/services/timeline_service.go:53.75,54.14 1 0
github.com/jaas/jaas/internal/employee/services/timeline_service.go:54.14,56.3 1 0
github.com/jaas/jaas/internal/employee/services/timeline_service.go:57.2,65.3 1 0
github.com/jaas/jaas/internal/organization/services/department_service.go:41.21,43.2 1 0
github.com/jaas/jaas/internal/organization/services/department_service.go:45.191,47.16 2 0
github.com/jaas/jaas/internal/organization/services/department_service.go:47.16,49.3 1 0
github.com/jaas/jaas/internal/organization/services/department_service.go:50.2,50.21 1 0
github.com/jaas/jaas/internal/organization/services/department_service.go:50.21,52.3 1 0
github.com/jaas/jaas/internal/organization/services/department_service.go:54.2,55.16 2 0
github.com/jaas/jaas/internal/organization/services/department_service.go:55.16,57.3 1 0
github.com/jaas/jaas/internal/organization/services/department_service.go:58.2,58.21 1 0
github.com/jaas/jaas/internal/organization/services/department_service.go:58.21,60.17 2 0
github.com/jaas/jaas/internal/organization/services/department_service.go:60.17,62.4 1 0
github.com/jaas/jaas/internal/organization/services/department_service.go:63.3,63.20 1 0
github.com/jaas/jaas/internal/organization/services/department_service.go:63.20,65.4 1 0
github.com/jaas/jaas/internal/organization/services/department_service.go:66.3,66.84 1 0
github.com/jaas/jaas/internal/organization/services/department_service.go:66.84,68.4 1 0
github.com/jaas/jaas/internal/organization/services/department_service.go:71.2,79.57 3 0
github.com/jaas/jaas/internal/organization/services/department_service.go:79.57,81.3 1 0
github.com/jaas/jaas/internal/organization/services/department_service.go:83.2,88.63 3 0
github.com/jaas/jaas/internal/organization/services/department_service.go:91.134,93.16 2 0
github.com/jaas/jaas/internal/organization/services/department_service.go:93.16,95.3 1 0
github.com/jaas/jaas/internal/organization/services/department_service.go:96.2,96.17 1 0
github.com/jaas/jaas/internal/organization/services/department_service.go:96.17,98.3 1 0
github.com/jaas/jaas/internal/organization/services/department_service.go:99.2,99.63 1 0
github.com/jaas/jaas/internal/organization/services/department_service.go:102.155,104.16 2 0
github.com/jaas/jaas/internal/organization/services/department_service.go:104.16,106.3 1 0
github.com/jaas/jaas/internal/organization/services/department_service.go:107.2,108.23 2 0
github.com/jaas/jaas/internal/organization/services/department_service.go:108.23,110.17 2 0
github.com/jaas/jaas/internal/organization/services/department_service.go:110.17,112.4 1 0
github.com/jaas/jaas/internal/organization/services/department_service.go:113.3,113.17 1 0
github.com/jaas/jaas/internal/organization/services/department_service.go:115.2,115.104 1 0
github.com/jaas/jaas/internal/organization/services/department_service.go:118.170,120.16 2 0
github.com/jaas/jaas/internal/organization/services/department_service.go:120.16,122.3 1 0
github.com/jaas/jaas/internal/organization/services/department_service.go:123.2,123.17 1 0
github.com/jaas/jaas/internal/organization/services/department_service.go:123.17,125.3 1 0
github.com/jaas/jaas/internal/organization/services/department_service.go:127.2,127.66 1 0
github.com/jaas/jaas/internal/organization/services/department_service.go:127.66,129.17 2 0
github.com/jaas/jaas/internal/organization/services/department_service.go:129.17,131.4 1 0
github.com/jaas/jaas/internal/organization/services/department_service.go:132.3,132.48 1 0
github.com/jaas/jaas/internal/organization/services/department_service.go:132.48,134.4 1 0
github.com/jaas/jaas/internal/organization/services/department_service.go:135.3,135.43 1 0
github.com/jaas/jaas/internal/organization/services/department_service.go:137.2,137.28 1 0
github.com/jaas/jaas/internal/organization/services/department_service.go:137.28,139.3 1 0
github.com/jaas/jaas/internal/organization/services/department_service.go:140.2,140.35 1 0
github.com/jaas/jaas/internal/organization/services/department_service.go:140.35,142.17 2 0
github.com/jaas/jaas/internal/organization/services/department_service.go:142.17,144.4 1 0
github.com/jaas/jaas/internal/organization/services/department_service.go:145.3,145.46 1 0
github.com/jaas/jaas/internal/organization/services/department_service.go:145.46,147.4 1 0
github.com/jaas/jaas/internal/organization/services/department_service.go:148.3,148.22 1 0
github.com/jaas/jaas/internal/organization/services/department_service.go:148.22,150.18 2 0
github.com/jaas/jaas/internal/organization/services/department_service.go:150.18,152.5 1 0
github.com/jaas/jaas/internal/organization/services/department_service.go:153.4,153.21 1 0
github.com/jaas/jaas/internal/organization/services/department_service.go:153.21,155.5 1 0
github.com/jaas/jaas/internal/organization/services/department_service.go:158.4,158.84 1 0
github.com/jaas/jaas/internal/organization/services/department_service.go:158.84,160.5 1 0
github.com/jaas/jaas/internal/organization/services/department_service.go:162.3,162.37 1 0
github.com/jaas/jaas/internal/organization/services/department_service.go:165.2,165.57 1 0
github.com/jaas/jaas/internal/organization/services/department_service.go:165.57,167.3 1 0
github.com/jaas/jaas/internal/organization/services/department_service.go:168.2,169.63 2 0
github.com/jaas/jaas/internal/organization/services/department_service.go:173.139,174.84 1 0
github.com/jaas/jaas/internal/organization/services/department_service.go:174.84,176.3 1 0
github.com/jaas/jaas/internal/organization/services/department_service.go:177.2,178.17 2 0
github.com/jaas/jaas/internal/organization/services/department_service.go:178.17,179.23 1 0
github.com/jaas/jaas/internal/organization/services/department_service.go:179.23,181.4 1 0
github.com/jaas/jaas/internal/organization/services/department_service.go:182.3,183.34 2 0
github.com/jaas/jaas/internal/organization/services/department_service.go:183.34,185.4 1 0
github.com/jaas/jaas/internal/organization/services/department_service.go:186.3,186.34 1 0
github.com/jaas/jaas/internal/organization/services/department_service.go:188.2,188.12 1 0
github.com/jaas/jaas/internal/organization/services/department_service.go:191.169,193.16 2 0
github.com/jaas/jaas/internal/organization/services/department_service.go:193.16,195.3 1 0
github.com/jaas/jaas/internal/organization/services/department_service.go:196.2,196.17 1 0
github.com/jaas/jaas/internal/organization/services/department_service.go:196.17,198.3 1 0
github.com/jaas/jaas/internal/organization/services/department_service.go:199.2,199.31 1 0
github.com/jaas/jaas/internal/organization/services/department_service.go:199.31,201.3 1 0
github.com/jaas/jaas/internal/organization/services/department_service.go:203.2,204.16 2 0
github.com/jaas/jaas/internal/organization/services/department_service.go:204.16,206.3 1 0
github.com/jaas/jaas/internal/organization/services/department_service.go:207.2,208.16 2 0
github.com/jaas/jaas/internal/organization/services/department_service.go:208.16,210.3 1 0
github.com/jaas/jaas/internal/organization/services/department_service.go:211.2,211.47 1 0
github.com/jaas/jaas/internal/organization/services/department_service.go:211.47,213.3 1 0
github.com/jaas/jaas/internal/organization/services/department_service.go:214.2,214.11 1 0
github.com/jaas/jaas/internal/organization/services/department_service.go:214.11,216.17 2 0
github.com/jaas/jaas/internal/organization/services/department_service.go:216.17,218.4 1 0
github.com/jaas/jaas/internal/organization/services/department_service.go:219.3,219.27 1 0
github.com/jaas/jaas/internal/organization/services/department_service.go:219.27,220.38 1 0
github.com/jaas/jaas/internal/organization/services/department_service.go:220.38,222.68 2 0
github.com/jaas/jaas/internal/organization/services/department_service.go:222.68,224.6 1 0
github.com/jaas/jaas/internal/organization/services/department_service.go:229.2,230.57 2 0
github.com/jaas/jaas/internal/organization/services/department_service.go:230.57,232.3 1 0
github.com/jaas/jaas/internal/organization/services/department_service.go:233.2,234.63 2 0
github.com/jaas/jaas/internal/organization/services/designation_service.go:33.183,35.2 1 0
github.com/jaas/jaas/internal/organization/services/designation_service.go:37.69,43.2 1 0
github.com/jaas/jaas/internal/organization/services/designation_service.go:45.195,47.16 2 0
github.com/jaas/jaas/internal/organization/services/designation_service.go:47.16,49.3 1 0
github.com/jaas/jaas/internal/organization/services/designation_service.go:50.2,50.21 1 0
github.com/jaas/jaas/internal/organization/services/designation_service.go:50.21,52.3 1 0
github.com/jaas/jaas/internal/organization/services/designation_service.go:53.2,58.50 3 0
github.com/jaas/jaas/internal/organization/services/designation_service.go:58.50,60.3 1 0
github.com/jaas/jaas/internal/organization/services/designation_service.go:61.2,62.31 2 0
github.com/jaas/jaas/internal/organization/services/designation_service.go:65.137,67.16 2 0
github.com/jaas/jaas/internal/organization/services/designation_service.go:67.16,69.3 1 0
github.com/jaas/jaas/internal/organization/services/designation_service.go:70.2,70.14 1 0
github.com/jaas/jaas/internal/organization/services/designation_service.go:70.14,72.3 1 0
github.com/jaas/jaas/internal/organization/services/designation_service.go:73.2,73.31 1 0
github.com/jaas/jaas/internal/organization/services/designation_service.go:76.158,78.16 2 0
github.com/jaas/jaas/internal/organization/services/designation_service.go:78.16,80.3 1 0
github.com/jaas/jaas/internal/organization/services/designation_service.go:81.2,82.21 2 0
github.com/jaas/jaas/internal/organization/services/designation_service.go:82.21,84.3 1 0
github.com/jaas/jaas/internal/organization/services/designation_service.go:85.2,85.105 1 0
github.com/jaas/jaas/internal/organization/services/designation_service.go:88.174,90.16 2 0
github.com/jaas/jaas/internal/organization/services/designation_service.go:90.16,92.3 1 0
github.com/jaas/jaas/internal/organization/services/designation_service.go:93.2,93.14 1 0
github.com/jaas/jaas/internal/organization/services/designation_service.go:93.14,95.3 1 0
github.com/jaas/jaas/internal/organization/services/designation_service.go:96.2,96.66 1 0
github.com/jaas/jaas/internal/organization/services/designation_service.go:96.66,98.17 2 0
github.com/jaas/jaas/internal/organization/services/designation_service.go:98.17,100.4 1 0
github.com/jaas/jaas/internal/organization/services/designation_service.go:101.3,101.45 1 0
github.com/jaas/jaas/internal/organization/services/designation_service.go:101.45,103.4 1 0
github.com/jaas/jaas/internal/organization/services/designation_service.go:104.3,104.42 1 0
github.com/jaas/jaas/internal/organization/services/designation_service.go:106.2,106.22 1 0
github.com/jaas/jaas/internal/organization/services/designation_service.go:106.22,108.3 1 0
github.com/jaas/jaas/internal/organization/services/designation_service.go:109.2,109.28 1 0
github.com/jaas/jaas/internal/organization/services/designation_service.go:109.28,111.3 1 0
github.com/jaas/jaas/internal/organization/services/designation_service.go:112.2,112.50 1 0
github.com/jaas/jaas/internal/organization/services/designation_service.go:112.50,114.3 1 0
github.com/jaas/jaas/internal/organization/services/designation_service.go:115.2,116.31 2 0
github.com/jaas/jaas/internal/organization/services/designation_service.go:119.160,121.16 2 0
github.com/jaas/jaas/internal/organization/services/designation_service.go:121.16,123.3 1 0
github.com/jaas/jaas/internal/organization/services/designation_service.go:124.2,124.14 1 0
github.com/jaas/jaas/internal/organization/services/designation_service.go:124.14,126.3 1 0
github.com/jaas/jaas/internal/organization/services/designation_service.go:127.2,127.28 1 0
github.com/jaas/jaas/internal/organization/services/designation_service.go:127.28,129.3 1 0
github.com/jaas/jaas/internal/organization/services/designation_service.go:131.2,132.16 2 0
github.com/jaas/jaas/internal/organization/services/designation_service.go:132.16,134.3 1 0
github.com/jaas/jaas/internal/organization/services/designation_service.go:135.2,135.18 1 0
github.com/jaas/jaas/internal/organization/services/designation_service.go:135.18,137.3 1 0
github.com/jaas/jaas/internal/organization/services/designation_service.go:138.2,139.50 2 0
github.com/jaas/jaas/internal/organization/services/designation_service.go:139.50,141.3 1 0
github.com/jaas/jaas/internal/organization/services/designation_service.go:142.2,143.31 2 0
github.com/jaas/jaas/internal/organization/services/event_consumer.go:25.64,27.2 1 0
github.com/jaas/jaas/internal/organization/services/event_consumer.go:29.154,30.20 1 0
github.com/jaas/jaas/internal/organization/services/event_consumer.go:31.38,34.53 2 0
github.com/jaas/jaas/internal/organization/services/event_consumer.go:34.53,36.4 1 0
github.com/jaas/jaas/internal/organization/services/event_consumer.go:37.3,37.91 1 0
github.com/jaas/jaas/internal/organization/services/event_consumer.go:38.96,41.13 1 0
github.com/jaas/jaas/internal/organization/services/event_consumer.go:42.10,43.68 1 0
github.com/jaas/jaas/internal/organization/services/helpers.go:30.47,31.26 1 0
github.com/jaas/jaas/internal/organization/services/helpers.go:31.26,33.3 1 0
github.com/jaas/jaas/internal/organization/services/helpers.go:34.2,35.16 2 0
github.com/jaas/jaas/internal/organization/services/helpers.go:35.16,37.3 1 0
github.com/jaas/jaas/internal/organization/services/helpers.go:38.2,38.17 1 0
github.com/jaas/jaas/internal/organization/services/helpers.go:42.42,43.15 1 0
github.com/jaas/jaas/internal/organization/services/helpers.go:43.15,45.3 1 0
github.com/jaas/jaas/internal/organization/services/helpers.go:46.2,47.11 2 0
github.com/jaas/jaas/internal/organization/services/helpers.go:51.152,55.17 4 0
github.com/jaas/jaas/internal/organization/services/helpers.go:55.17,56.17 1 0
github.com/jaas/jaas/internal/organization/services/helpers.go:56.17,58.4 1 0
github.com/jaas/jaas/internal/organization/services/helpers.go:59.3,61.43 3 0
github.com/jaas/jaas/internal/organization/services/helpers.go:61.43,63.4 1 0
github.com/jaas/jaas/internal/organization/services/helpers.go:64.3,65.34 2 0
github.com/jaas/jaas/internal/organization/services/helpers.go:65.34,67.4 1 0
github.com/jaas/jaas/internal/organization/services/helpers.go:68.3,68.34 1 0
github.com/jaas/jaas/internal/organization/services/helpers.go:70.2,70.12 1 0
github.com/jaas/jaas/internal/organization/services/helpers.go:74.162,79.36 5 0
github.com/jaas/jaas/internal/organization/services/helpers.go:79.36,80.36 1 0
github.com/jaas/jaas/internal/organization/services/helpers.go:80.36,81.9 1 0
github.com/jaas/jaas/internal/organization/services/helpers.go:83.3,87.34 5 0
github.com/jaas/jaas/internal/organization/services/helpers.go:87.34,89.4 1 0
github.com/jaas/jaas/internal/organization/services/helpers.go:90.3,90.15 1 0
github.com/jaas/jaas/internal/organization/services/helpers.go:92.2,92.25 1 0
github.com/jaas/jaas/internal/organization/services/helpers.go:95.177,97.16 2 0
github.com/jaas/jaas/internal/organization/services/helpers.go:97.16,99.3 1 0
github.com/jaas/jaas/internal/organization/services/helpers.go:100.2,112.8 1 0
github.com/jaas/jaas/internal/organization/services/helpers.go:118.123,119.78 1 0
github.com/jaas/jaas/internal/organization/services/helpers.go:119.78,121.3 1 0
github.com/jaas/jaas/internal/organization/services/helpers.go:122.2,122.15 1 0
github.com/jaas/jaas/internal/organization/services/helpers.go:122.15,124.3 1 0
github.com/jaas/jaas/internal/organization/services/helpers.go:125.2,126.16 2 0
github.com/jaas/jaas/internal/organization/services/helpers.go:126.16,128.3 1 0
github.com/jaas/jaas/internal/organization/services/helpers.go:129.2,135.4 1 0
github.com/jaas/jaas/internal/organization/services/mapping_service.go:45.18,47.2 1 0
github.com/jaas/jaas/internal/organization/services/mapping_service.go:49.57,57.2 1 0
github.com/jaas/jaas/internal/organization/services/mapping_service.go:60.104,62.16 2 0
github.com/jaas/jaas/internal/organization/services/mapping_service.go:62.16,64.3 1 0
github.com/jaas/jaas/internal/organization/services/mapping_service.go:65.2,65.38 1 0
github.com/jaas/jaas/internal/organization/services/mapping_service.go:65.38,67.3 1 0
github.com/jaas/jaas/internal/organization/services/mapping_service.go:68.2,68.12 1 0
github.com/jaas/jaas/internal/organization/services/mapping_service.go:72.159,73.19 1 0
github.com/jaas/jaas/internal/organization/services/mapping_service.go:73.19,75.17 2 0
github.com/jaas/jaas/internal/organization/services/mapping_service.go:75.17,77.4 1 0
github.com/jaas/jaas/internal/organization/services/mapping_service.go:78.3,78.18 1 0
github.com/jaas/jaas/internal/organization/services/mapping_service.go:78.18,80.4 1 0
github.com/jaas/jaas/internal/organization/services/mapping_service.go:82.2,83.19 2 0
github.com/jaas/jaas/internal/organization/services/mapping_service.go:83.19,85.17 2 0
github.com/jaas/jaas/internal/organization/services/mapping_service.go:85.17,87.4 1 0
github.com/jaas/jaas/internal/organization/services/mapping_service.go:88.3,88.15 1 0
github.com/jaas/jaas/internal/organization/services/mapping_service.go:88.15,90.4 1 0
github.com/jaas/jaas/internal/organization/services/mapping_service.go:91.3,91.11 1 0
github.com/jaas/jaas/internal/organization/services/mapping_service.go:93.2,93.20 1 0
github.com/jaas/jaas/internal/organization/services/mapping_service.go:93.20,95.17 2 0
github.com/jaas/jaas/internal/organization/services/mapping_service.go:95.17,97.4 1 0
github.com/jaas/jaas/internal/organization/services/mapping_service.go:98.3,98.15 1 0
github.com/jaas/jaas/internal/organization/services/mapping_service.go:98.15,100.4 1 0
github.com/jaas/jaas/internal/organization/services/mapping_service.go:102.2,102.66 1 0
github.com/jaas/jaas/internal/organization/services/mapping_service.go:102.66,104.3 1 0
github.com/jaas/jaas/internal/organization/services/mapping_service.go:105.2,105.22 1 0
github.com/jaas/jaas/internal/organization/services/mapping_service.go:105.22,106.25 1 0
github.com/jaas/jaas/internal/organization/services/mapping_service.go:106.25,108.4 1 0
github.com/jaas/jaas/internal/organization/services/mapping_service.go:109.3,109.68 1 0
github.com/jaas/jaas/internal/organization/services/mapping_service.go:109.68,111.4 1 0
github.com/jaas/jaas/internal/organization/services/mapping_service.go:112.3,112.85 1 0
github.com/jaas/jaas/internal/organization/services/mapping_service.go:112.85,114.4 1 0
github.com/jaas/jaas/internal/organization/services/mapping_service.go:116.2,116.12 1 0
github.com/jaas/jaas/internal/organization/services/mapping_service.go:120.122,123.26 3 0
github.com/jaas/jaas/internal/organization/services/mapping_service.go:123.26,124.16 1 0
github.com/jaas/jaas/internal/organization/services/mapping_service.go:124.16,126.4 1 0
github.com/jaas/jaas/internal/organization/services/mapping_service.go:127.3,129.67 3 0
github.com/jaas/jaas/internal/organization/services/mapping_service.go:129.67,131.4 1 0
github.com/jaas/jaas/internal/organization/services/mapping_service.go:132.3,132.31 1 0
github.com/jaas/jaas/internal/organization/services/mapping_service.go:134.2,134.128 1 0
github.com/jaas/jaas/internal/organization/services/mapping_service.go:137.179,139.16 2 0
github.com/jaas/jaas/internal/organization/services/mapping_service.go:139.16,141.3 1 0
github.com/jaas/jaas/internal/organization/services/mapping_service.go:142.2,142.63 1 0
github.com/jaas/jaas/internal/organization/services/mapping_service.go:142.63,144.3 1 0
github.com/jaas/jaas/internal/organization/services/mapping_service.go:145.2,146.16 2 0
github.com/jaas/jaas/internal/organization/services/mapping_service.go:146.16,148.3 1 0
github.com/jaas/jaas/internal/organization/services/mapping_service.go:149.2,150.16 2 0
github.com/jaas/jaas/internal/organization/services/mapping_service.go:150.16,152.3 1 0
github.com/jaas/jaas/internal/organization/services/mapping_service.go:153.2,154.16 2 0
github.com/jaas/jaas/internal/organization/services/mapping_service.go:154.16,156.3 1 0
github.com/jaas/jaas/internal/organization/services/mapping_service.go:157.2,158.16 2 0
github.com/jaas/jaas/internal/organization/services/mapping_service.go:158.16,160.3 1 0
github.com/jaas/jaas/internal/organization/services/mapping_service.go:161.2,161.54 1 0
github.com/jaas/jaas/internal/organization/services/mapping_service.go:161.54,163.3 1 0
github.com/jaas/jaas/internal/organization/services/mapping_service.go:164.2,164.99 1 0
github.com/jaas/jaas/internal/organization/services/mapping_service.go:164.99,166.3 1 0
github.com/jaas/jaas/internal/organization/services/mapping_service.go:167.2,167.19 1 0
github.com/jaas/jaas/internal/organization/services/mapping_service.go:167.19,169.17 2 0
github.com/jaas/jaas/internal/organization/services/mapping_service.go:169.17,171.4 1 0
github.com/jaas/jaas/internal/organization/services/mapping_service.go:172.3,172.22 1 0
github.com/jaas/jaas/internal/organization/services/mapping_service.go:172.22,174.4 1 0
github.com/jaas/jaas/internal/organization/services/mapping_service.go:177.2,182.57 3 0
github.com/jaas/jaas/internal/organization/services/mapping_service.go:182.57,184.3 1 0
github.com/jaas/jaas/internal/organization/services/mapping_service.go:186.2,190.27 3 0
github.com/jaas/jaas/internal/organization/services/mapping_service.go:193.125,195.16 2 0
github.com/jaas/jaas/internal/organization/services/mapping_service.go:195.16,197.3 1 0
github.com/jaas/jaas/internal/organization/services/mapping_service.go:198.2,198.14 1 0
github.com/jaas/jaas/internal/organization/services/mapping_service.go:198.14,200.3 1 0
github.com/jaas/jaas/internal/organization/services/mapping_service.go:201.2,201.27 1 0
github.com/jaas/jaas/internal/organization/services/mapping_service.go:204.158,206.16 2 0
github.com/jaas/jaas/internal/organization/services/mapping_service.go:206.16,208.3 1 0
github.com/jaas/jaas/internal/organization/services/mapping_service.go:209.2,210.21 2 0
github.com/jaas/jaas/internal/organization/services/mapping_service.go:210.21,212.3 1 0
github.com/jaas/jaas/internal/organization/services/mapping_service.go:213.2,213.101 1 0
github.com/jaas/jaas/internal/organization/services/mapping_service.go:216.158,218.16 2 0
github.com/jaas/jaas/internal/organization/services/mapping_service.go:218.16,220.3 1 0
github.com/jaas/jaas/internal/organization/services/mapping_service.go:221.2,221.14 1 0
github.com/jaas/jaas/internal/organization/services/mapping_service.go:221.14,223.3 1 0
github.com/jaas/jaas/internal/organization/services/mapping_service.go:225.2,229.29 5 0
github.com/jaas/jaas/internal/organization/services/mapping_service.go:229.29,231.17 2 0
github.com/jaas/jaas/internal/organization/services/mapping_service.go:231.17,233.4 1 0
github.com/jaas/jaas/internal/organization/services/mapping_service.go:235.2,235.23 1 0
github.com/jaas/jaas/internal/organization/services/mapping_service.go:235.23,237.17 2 0
github.com/jaas/jaas/internal/organization/services/mapping_service.go:237.17,239.4 1 0
github.com/jaas/jaas/internal/organization/services/mapping_service.go:241.2,241.30 1 0
github.com/jaas/jaas/internal/organization/services/mapping_service.go:241.30,243.17 2 0
github.com/jaas/jaas/internal/organization/services/mapping_service.go:243.17,245.4 1 0
github.com/jaas/jaas/internal/organization/services/mapping_service.go:247.2,247.30 1 0
github.com/jaas/jaas/internal/organization/services/mapping_service.go:247.30,249.17 2 0
github.com/jaas/jaas/internal/organization/services/mapping_service.go:249.17,251.4 1 0
github.com/jaas/jaas/internal/organization/services/mapping_service.go:253.2,253.101 1 0
github.com/jaas/jaas/internal/organization/services/mapping_service.go:253.101,255.3 1 0
github.com/jaas/jaas/internal/organization/services/mapping_service.go:256.2,256.60 1 0
github.com/jaas/jaas/internal/organization/services/mapping_service.go:256.60,258.17 2 0
github.com/jaas/jaas/internal/organization/services/mapping_service.go:258.17,260.4 1 0
github.com/jaas/jaas/internal/organization/services/mapping_service.go:261.3,261.45 1 0
github.com/jaas/jaas/internal/organization/services/mapping_service.go:261.45,263.66 2 0
github.com/jaas/jaas/internal/organization/services/mapping_service.go:263.66,265.5 1 0
github.com/jaas/jaas/internal/organization/services/mapping_service.go:267.3,267.21 1 0
github.com/jaas/jaas/internal/organization/services/mapping_service.go:268.8,268.33 1 0
github.com/jaas/jaas/internal/organization/services/mapping_service.go:268.33,270.3 1 0
github.com/jaas/jaas/internal/organization/services/mapping_service.go:271.2,273.57 2 0
github.com/jaas/jaas/internal/organization/services/mapping_service.go:273.57,275.3 1 0
github.com/jaas/jaas/internal/organization/services/mapping_service.go:276.2,277.27 2 0
github.com/jaas/jaas/internal/organization/services/mapping_service.go:280.166,282.16 2 0
github.com/jaas/jaas/internal/organization/services/mapping_service.go:282.16,284.3 1 0
github.com/jaas/jaas/internal/organization/services/mapping_service.go:285.2,285.14 1 0
github.com/jaas/jaas/internal/organization/services/mapping_service.go:285.14,287.3 1 0
github.com/jaas/jaas/internal/organization/services/mapping_service.go:288.2,288.28 1 0
github.com/jaas/jaas/internal/organization/services/mapping_service.go:288.28,290.3 1 0
github.com/jaas/jaas/internal/organization/services/mapping_service.go:291.2,293.57 3 0
github.com/jaas/jaas/internal/organization/services/mapping_service.go:293.57,295.3 1 0
github.com/jaas/jaas/internal/organization/services/mapping_service.go:296.2,297.27 2 0
github.com/jaas/jaas/internal/organization/services/mapping_service.go:301.142,303.16 2 0
github.com/jaas/jaas/internal/organization/services/mapping_service.go:303.16,305.3 1 0
github.com/jaas/jaas/internal/organization/services/mapping_service.go:306.2,306.21 1 0
github.com/jaas/jaas/internal/organization/services/mapping_service.go:306.21,307.32 1 0
github.com/jaas/jaas/internal/organization/services/mapping_service.go:307.32,309.65 2 0
github.com/jaas/jaas/internal/organization/services/mapping_service.go:309.65,311.5 1 0
github.com/jaas/jaas/internal/organization/services/mapping_service.go:314.2,315.16 2 0
github.com/jaas/jaas/internal/organization/services/mapping_service.go:315.16,317.3 1 0
github.com/jaas/jaas/internal/organization/services/mapping_service.go:318.2,318.25 1 0
github.com/jaas/jaas/internal/organization/services/mapping_service.go:318.25,320.68 2 0
github.com/jaas/jaas/internal/organization/services/mapping_service.go:320.68,322.4 1 0
github.com/jaas/jaas/internal/organization/services/mapping_service.go:324.2,325.12 2 0
github.com/jaas/jaas/internal/organization/services/org_chart_service.go:35.84,36.20 1 0
github.com/jaas/jaas/internal/organization/services/org_chart_service.go:36.20,38.3 1 0
github.com/jaas/jaas/internal/organization/services/org_chart_service.go:39.2,39.82 1 0
github.com/jaas/jaas/internal/organization/services/org_chart_service.go:57.19,59.2 1 0
github.com/jaas/jaas/internal/organization/services/org_chart_service.go:61.83,63.2 1 0
github.com/jaas/jaas/internal/organization/services/org_chart_service.go:65.157,66.36 1 0
github.com/jaas/jaas/internal/organization/services/org_chart_service.go:66.36,68.3 1 0
github.com/jaas/jaas/internal/organization/services/org_chart_service.go:69.2,70.20 2 0
github.com/jaas/jaas/internal/organization/services/org_chart_service.go:70.20,71.81 1 0
github.com/jaas/jaas/internal/organization/services/org_chart_service.go:71.81,73.51 2 0
github.com/jaas/jaas/internal/organization/services/org_chart_service.go:73.51,75.5 1 0
github.com/jaas/jaas/internal/organization/services/org_chart_service.go:79.2,80.16 2 0
github.com/jaas/jaas/internal/organization/services/org_chart_service.go:80.16,82.3 1 0
github.com/jaas/jaas/internal/organization/services/org_chart_service.go:83.2,84.23 2 0
github.com/jaas/jaas/internal/organization/services/org_chart_service.go:84.23,85.54 1 0
github.com/jaas/jaas/internal/organization/services/org_chart_service.go:85.54,86.12 1 0
github.com/jaas/jaas/internal/organization/services/org_chart_service.go:88.3,89.17 2 0
github.com/jaas/jaas/internal/organization/services/org_chart_service.go:89.17,91.4 1 0
github.com/jaas/jaas/internal/organization/services/org_chart_service.go:92.3,92.31 1 0
github.com/jaas/jaas/internal/organization/services/org_chart_service.go:94.2,95.20 2 0
github.com/jaas/jaas/internal/organization/services/org_chart_service.go:95.20,96.49 1 0
github.com/jaas/jaas/internal/organization/services/org_chart_service.go:96.49,98.4 1 0
github.com/jaas/jaas/internal/organization/services/org_chart_service.go:100.2,100.18 1 0
github.com/jaas/jaas/internal/organization/services/org_chart_service.go:103.186,105.16 2 0
github.com/jaas/jaas/internal/organization/services/org_chart_service.go:105.16,107.3 1 0
github.com/jaas/jaas/internal/organization/services/org_chart_service.go:108.2,109.16 2 0
github.com/jaas/jaas/internal/organization/services/org_chart_service.go:109.16,111.3 1 0
github.com/jaas/jaas/internal/organization/services/org_chart_service.go:112.2,113.23 2 0
github.com/jaas/jaas/internal/organization/services/org_chart_service.go:113.23,114.54 1 0
github.com/jaas/jaas/internal/organization/services/org_chart_service.go:114.54,115.12 1 0
github.com/jaas/jaas/internal/organization/services/org_chart_service.go:117.3,118.17 2 0
github.com/jaas/jaas/internal/organization/services/org_chart_service.go:118.17,120.4 1 0
github.com/jaas/jaas/internal/organization/services/org_chart_service.go:121.3,127.5 1 0
github.com/jaas/jaas/internal/organization/services/org_chart_service.go:129.2,133.25 2 0
github.com/jaas/jaas/internal/organization/services/org_chart_service.go:133.25,135.3 1 0
github.com/jaas/jaas/internal/organization/services/org_chart_service.go:136.2,137.16 2 0
github.com/jaas/jaas/internal/organization/services/org_chart_service.go:137.16,139.3 1 0
github.com/jaas/jaas/internal/organization/services/org_chart_service.go:140.2,140.26 1 0
github.com/jaas/jaas/internal/organization/services/org_chart_service.go:140.26,141.57 1 0
github.com/jaas/jaas/internal/organization/services/org_chart_service.go:141.57,142.12 1 0
github.com/jaas/jaas/internal/organization/services/org_chart_service.go:144.3,145.17 2 0
github.com/jaas/jaas/internal/organization/services/org_chart_service.go:145.17,147.4 1 0
github.com/jaas/jaas/internal/organization/services/org_chart_service.go:148.3,148.48 1 0
github.com/jaas/jaas/internal/organization/services/org_chart_service.go:150.2,150.18 1 0
github.com/jaas/jaas/internal/organization/services/org_chart_service.go:153.134,155.16 2 0
github.com/jaas/jaas/internal/organization/services/org_chart_service.go:155.16,157.3 1 0
github.com/jaas/jaas/internal/organization/services/org_chart_service.go:158.2,159.20 2 0
github.com/jaas/jaas/internal/organization/services/org_chart_service.go:159.20,161.3 1 0
github.com/jaas/jaas/internal/organization/services/org_chart_service.go:162.2,163.27 2 0
github.com/jaas/jaas/internal/organization/services/org_chart_service.go:163.27,165.17 2 0
github.com/jaas/jaas/internal/organization/services/org_chart_service.go:165.17,167.4 1 0
github.com/jaas/jaas/internal/organization/services/org_chart_service.go:168.3,168.18 1 0
github.com/jaas/jaas/internal/organization/services/org_chart_service.go:168.18,170.18 2 0
github.com/jaas/jaas/internal/organization/services/org_chart_service.go:170.18,172.5 1 0
github.com/jaas/jaas/internal/organization/services/org_chart_service.go:173.4,179.5 1 0
github.com/jaas/jaas/internal/organization/services/org_chart_service.go:182.2,182.33 1 0
github.com/jaas/jaas/internal/organization/services/org_chart_service.go:182.33,184.17 2 0
github.com/jaas/jaas/internal/organization/services/org_chart_service.go:184.17,186.4 1 0
github.com/jaas/jaas/internal/organization/services/org_chart_service.go:187.3,187.18 1 0
github.com/jaas/jaas/internal/organization/services/org_chart_service.go:187.18,189.18 2 0
github.com/jaas/jaas/internal/organization/services/org_chart_service.go:189.18,191.5 1 0
github.com/jaas/jaas/internal/organization/services/org_chart_service.go:192.4,200.19 4 0
github.com/jaas/jaas/internal/organization/services/org_chart_service.go:200.19,202.36 2 0
github.com/jaas/jaas/internal/organization/services/org_chart_service.go:202.36,204.6 1 0
github.com/jaas/jaas/internal/organization/services/org_chart_service.go:205.5,206.19 2 0
github.com/jaas/jaas/internal/organization/services/org_chart_service.go:206.19,208.6 1 0
github.com/jaas/jaas/internal/organization/services/org_chart_service.go:209.5,215.36 2 0
github.com/jaas/jaas/internal/organization/services/org_chart_service.go:219.2,220.16 2 0
github.com/jaas/jaas/internal/organization/services/org_chart_service.go:220.16,222.3 1 0
github.com/jaas/jaas/internal/organization/services/org_chart_service.go:223.2,223.25 1 0
github.com/jaas/jaas/internal/organization/services/org_chart_service.go:223.25,225.3 1 0
github.com/jaas/jaas/internal/organization/services/org_chart_service.go:226.2,226.31 1 0
github.com/jaas/jaas/internal/organization/services/org_chart_service.go:226.31,228.3 1 0
github.com/jaas/jaas/internal/organization/services/org_chart_service.go:229.2,229.18 1 0
github.com/jaas/jaas/internal/organization/services/team_service.go:43.15,45.2 1 0
github.com/jaas/jaas/internal/organization/services/team_service.go:47.123,48.36 1 0
github.com/jaas/jaas/internal/organization/services/team_service.go:48.36,50.3 1 0
github.com/jaas/jaas/internal/organization/services/team_service.go:51.2,52.16 2 0
github.com/jaas/jaas/internal/organization/services/team_service.go:52.16,54.3 1 0
github.com/jaas/jaas/internal/organization/services/team_service.go:55.2,56.16 2 0
github.com/jaas/jaas/internal/organization/services/team_service.go:56.16,58.3 1 0
github.com/jaas/jaas/internal/organization/services/team_service.go:59.2,59.38 1 0
github.com/jaas/jaas/internal/organization/services/team_service.go:59.38,61.3 1 0
github.com/jaas/jaas/internal/organization/services/team_service.go:62.2,62.17 1 0
github.com/jaas/jaas/internal/organization/services/team_service.go:65.131,67.16 2 0
github.com/jaas/jaas/internal/organization/services/team_service.go:67.16,69.3 1 0
github.com/jaas/jaas/internal/organization/services/team_service.go:70.2,75.8 1 0
github.com/jaas/jaas/internal/organization/services/team_service.go:78.167,80.16 2 0
github.com/jaas/jaas/internal/organization/services/team_service.go:80.16,82.3 1 0
github.com/jaas/jaas/internal/organization/services/team_service.go:83.2,84.16 2 0
github.com/jaas/jaas/internal/organization/services/team_service.go:84.16,86.3 1 0
github.com/jaas/jaas/internal/organization/services/team_service.go:87.2,87.17 1 0
github.com/jaas/jaas/internal/organization/services/team_service.go:87.17,89.3 1 0
github.com/jaas/jaas/internal/organization/services/team_service.go:90.2,91.16 2 0
github.com/jaas/jaas/internal/organization/services/team_service.go:91.16,93.3 1 0
github.com/jaas/jaas/internal/organization/services/team_service.go:94.2,94.21 1 0
github.com/jaas/jaas/internal/organization/services/team_service.go:94.21,96.3 1 0
github.com/jaas/jaas/internal/organization/services/team_service.go:97.2,98.16 2 0
github.com/jaas/jaas/internal/organization/services/team_service.go:98.16,100.3 1 0
github.com/jaas/jaas/internal/organization/services/team_service.go:102.2,107.57 3 0
github.com/jaas/jaas/internal/organization/services/team_service.go:107.57,109.3 1 0
github.com/jaas/jaas/internal/organization/services/team_service.go:111.2,115.46 3 0
github.com/jaas/jaas/internal/organization/services/team_service.go:118.116,120.16 2 0
github.com/jaas/jaas/internal/organization/services/team_service.go:120.16,122.3 1 0
github.com/jaas/jaas/internal/organization/services/team_service.go:123.2,123.17 1 0
github.com/jaas/jaas/internal/organization/services/team_service.go:123.17,125.3 1 0
github.com/jaas/jaas/internal/organization/services/team_service.go:126.2,126.46 1 0
github.com/jaas/jaas/internal/organization/services/team_service.go:129.162,131.16 2 0
github.com/jaas/jaas/internal/organization/services/team_service.go:131.16,133.3 1 0
github.com/jaas/jaas/internal/organization/services/team_service.go:134.2,135.23 2 0
github.com/jaas/jaas/internal/organization/services/team_service.go:135.23,137.17 2 0
github.com/jaas/jaas/internal/organization/services/team_service.go:137.17,139.4 1 0
github.com/jaas/jaas/internal/organization/services/team_service.go:140.3,140.17 1 0
github.com/jaas/jaas/internal/organization/services/team_service.go:142.2,142.98 1 0
github.com/jaas/jaas/internal/organization/services/team_service.go:145.146,147.16 2 0
github.com/jaas/jaas/internal/organization/services/team_service.go:147.16,149.3 1 0
github.com/jaas/jaas/internal/organization/services/team_service.go:150.2,150.17 1 0
github.com/jaas/jaas/internal/organization/services/team_service.go:150.17,152.3 1 0
github.com/jaas/jaas/internal/organization/services/team_service.go:154.2,155.28 2 0
github.com/jaas/jaas/internal/organization/services/team_service.go:155.28,157.3 1 0
github.com/jaas/jaas/internal/organization/services/team_service.go:158.2,158.29 1 0
github.com/jaas/jaas/internal/organization/services/team_service.go:158.29,160.17 2 0
github.com/jaas/jaas/internal/organization/services/team_service.go:160.17,162.4 1 0
github.com/jaas/jaas/internal/organization/services/team_service.go:163.3,164.17 2 0
github.com/jaas/jaas/internal/organization/services/team_service.go:164.17,166.4 1 0
github.com/jaas/jaas/internal/organization/services/team_service.go:167.3,167.18 1 0
github.com/jaas/jaas/internal/organization/services/team_service.go:167.18,169.4 1 0
github.com/jaas/jaas/internal/organization/services/team_service.go:170.3,170.29 1 0
github.com/jaas/jaas/internal/organization/services/team_service.go:172.2,172.21 1 0
github.com/jaas/jaas/internal/organization/services/team_service.go:172.21,174.24 2 0
github.com/jaas/jaas/internal/organization/services/team_service.go:174.24,177.18 2 0
github.com/jaas/jaas/internal/organization/services/team_service.go:177.18,179.5 1 0
github.com/jaas/jaas/internal/organization/services/team_service.go:180.4,180.49 1 0
github.com/jaas/jaas/internal/organization/services/team_service.go:180.49,182.5 1 0
github.com/jaas/jaas/internal/organization/services/team_service.go:183.4,183.20 1 0
github.com/jaas/jaas/internal/organization/services/team_service.go:186.2,186.27 1 0
github.com/jaas/jaas/internal/organization/services/team_service.go:186.27,188.17 2 0
github.com/jaas/jaas/internal/organization/services/team_service.go:188.17,190.4 1 0
github.com/jaas/jaas/internal/organization/services/team_service.go:191.3,191.27 1 0
github.com/jaas/jaas/internal/organization/services/team_service.go:194.2,194.57 1 0
github.com/jaas/jaas/internal/organization/services/team_service.go:194.57,196.3 1 0
github.com/jaas/jaas/internal/organization/services/team_service.go:197.2,199.46 2 0
github.com/jaas/jaas/internal/organization/services/team_service.go:202.139,204.16 2 0
github.com/jaas/jaas/internal/organization/services/team_service.go:204.16,206.3 1 0
github.com/jaas/jaas/internal/organization/services/team_service.go:207.2,207.17 1 0
github.com/jaas/jaas/internal/organization/services/team_service.go:207.17,209.3 1 0
github.com/jaas/jaas/internal/organization/services/team_service.go:210.2,210.31 1 0
github.com/jaas/jaas/internal/organization/services/team_service.go:210.31,212.3 1 0
github.com/jaas/jaas/internal/organization/services/team_service.go:213.2,214.16 2 0
github.com/jaas/jaas/internal/organization/services/team_service.go:214.16,216.3 1 0
github.com/jaas/jaas/internal/organization/services/team_service.go:217.2,217.15 1 0
github.com/jaas/jaas/internal/organization/services/team_service.go:217.15,219.3 1 0
github.com/jaas/jaas/internal/organization/services/team_service.go:220.2,221.57 2 0
github.com/jaas/jaas/internal/organization/services/team_service.go:221.57,223.3 1 0
github.com/jaas/jaas/internal/organization/services/team_service.go:224.2,225.46 2 0
github.com/jaas/jaas/internal/employee/services/document_service.go:32.27,38.2 1 0
github.com/jaas/jaas/internal/employee/services/document_service.go:40.156,42.16 2 0
github.com/jaas/jaas/internal/employee/services/document_service.go:42.16,44.3 1 0
github.com/jaas/jaas/internal/employee/services/document_service.go:45.2,45.20 1 0
github.com/jaas/jaas/internal/employee/services/document_service.go:45.20,47.3 1 0
github.com/jaas/jaas/internal/employee/services/document_service.go:49.2,59.56 3 0
github.com/jaas/jaas/internal/employee/services/document_service.go:59.56,61.3 1 0
github.com/jaas/jaas/internal/employee/services/document_service.go:63.2,63.37 1 0
github.com/jaas/jaas/internal/employee/services/document_service.go:66.124,68.16 2 0
github.com/jaas/jaas/internal/employee/services/document_service.go:68.16,70.3 1 0
github.com/jaas/jaas/internal/employee/services/document_service.go:72.2,73.22 2 0
github.com/jaas/jaas/internal/employee/services/document_service.go:73.22,75.3 1 0
github.com/jaas/jaas/internal/employee/services/document_service.go:76.2,76.17 1 0
github.com/jaas/jaas/internal/employee/services/document_service.go:79.144,81.16 2 0
github.com/jaas/jaas/internal/employee/services/document_service.go:81.16,83.3 1 0
github.com/jaas/jaas/internal/employee/services/document_service.go:85.2,85.54 1 0
github.com/jaas/jaas/internal/employee/services/document_service.go:85.54,87.3 1 0
github.com/jaas/jaas/internal/employee/services/document_service.go:89.2,93.56 4 0
github.com/jaas/jaas/internal/employee/services/document_service.go:93.56,95.3 1 0
github.com/jaas/jaas/internal/employee/services/document_service.go:97.2,97.24 1 0
github.com/jaas/jaas/internal/employee/services/document_service.go:97.24,100.3 2 0
github.com/jaas/jaas/internal/employee/services/document_service.go:102.2,102.37 1 0
github.com/jaas/jaas/internal/employee/services/document_service.go:105.75,106.14 1 0
github.com/jaas/jaas/internal/employee/services/document_service.go:106.14,108.3 1 0
github.com/jaas/jaas/internal/employee/services/document_service.go:109.2,120.3 1 0
github.com/jaas/jaas/internal/employee/services/employee_service.go:49.19,58.2 1 0
github.com/jaas/jaas/internal/employee/services/employee_service.go:60.145,61.74 1 0
github.com/jaas/jaas/internal/employee/services/employee_service.go:61.74,63.3 1 0
github.com/jaas/jaas/internal/employee/services/employee_service.go:64.2,64.78 1 0
github.com/jaas/jaas/internal/employee/services/employee_service.go:64.78,66.3 1 0
github.com/jaas/jaas/internal/employee/services/employee_service.go:69.2,69.22 1 0
github.com/jaas/jaas/internal/employee/services/employee_service.go:69.22,71.32 2 0
github.com/jaas/jaas/internal/employee/services/employee_service.go:71.32,73.4 1 0
github.com/jaas/jaas/internal/employee/services/employee_service.go:77.2,78.16 2 0
github.com/jaas/jaas/internal/employee/services/employee_service.go:78.16,80.3 1 0
github.com/jaas/jaas/internal/employee/services/employee_service.go:81.2,81.21 1 0
github.com/jaas/jaas/internal/employee/services/employee_service.go:81.21,83.3 1 0
github.com/jaas/jaas/internal/employee/services/employee_service.go:86.2,87.29 2 0
github.com/jaas/jaas/internal/employee/services/employee_service.go:87.29,89.3 1 0
github.com/jaas/jaas/internal/employee/services/employee_service.go:91.2,93.75 3 0
github.com/jaas/jaas/internal/employee/services/employee_service.go:93.75,95.3 1 0
github.com/jaas/jaas/internal/employee/services/employee_service.go:97.2,114.23 5 0
github.com/jaas/jaas/internal/employee/services/employee_service.go:114.23,116.3 1 0
github.com/jaas/jaas/internal/employee/services/employee_service.go:118.2,147.17 7 0
github.com/jaas/jaas/internal/employee/services/employee_service.go:147.17,148.67 1 0
github.com/jaas/jaas/internal/employee/services/employee_service.go:148.67,150.57 2 0
github.com/jaas/jaas/internal/employee/services/employee_service.go:150.57,152.5 1 0
github.com/jaas/jaas/internal/employee/services/employee_service.go:153.4,153.54 1 0
github.com/jaas/jaas/internal/employee/services/employee_service.go:153.54,155.5 1 0
github.com/jaas/jaas/internal/employee/services/employee_service.go:156.4,156.51 1 0
github.com/jaas/jaas/internal/employee/services/employee_service.go:156.51,158.5 1 0
github.com/jaas/jaas/internal/employee/services/employee_service.go:159.4,159.52 1 0
github.com/jaas/jaas/internal/employee/services/employee_service.go:159.52,161.5 1 0
github.com/jaas/jaas/internal/employee/services/employee_service.go:164.4,178.34 4 0
github.com/jaas/jaas/internal/employee/services/employee_service.go:180.3,180.17 1 0
github.com/jaas/jaas/internal/employee/services/employee_service.go:180.17,182.4 1 0
github.com/jaas/jaas/internal/employee/services/employee_service.go:183.8,186.28 2 0
github.com/jaas/jaas/internal/employee/services/employee_service.go:186.28,188.4 1 0
github.com/jaas/jaas/internal/employee/services/employee_service.go:191.2,194.24 3 0
github.com/jaas/jaas/internal/employee/services/employee_service.go:194.24,197.3 2 0
github.com/jaas/jaas/internal/employee/services/employee_service.go:199.2,199.41 1 0
github.com/jaas/jaas/internal/employee/services/employee_service.go:202.111,204.16 2 0
github.com/jaas/jaas/internal/employee/services/employee_service.go:204.16,206.3 1 0
github.com/jaas/jaas/internal/employee/services/employee_service.go:207.2,207.20 1 0
github.com/jaas/jaas/internal/employee/services/employee_service.go:207.20,209.3 1 0
github.com/jaas/jaas/internal/employee/services/employee_service.go:210.2,210.41 1 0
github.com/jaas/jaas/internal/employee/services/employee_service.go:213.119,215.16 2 0
github.com/jaas/jaas/internal/employee/services/employee_service.go:215.16,217.3 1 0
github.com/jaas/jaas/internal/employee/services/employee_service.go:218.2,218.20 1 0
github.com/jaas/jaas/internal/employee/services/employee_service.go:218.20,220.3 1 0
github.com/jaas/jaas/internal/employee/services/employee_service.go:221.2,221.41 1 0
github.com/jaas/jaas/internal/employee/services/employee_service.go:224.139,226.16 2 0
github.com/jaas/jaas/internal/employee/services/employee_service.go:226.16,228.3 1 0
github.com/jaas/jaas/internal/employee/services/employee_service.go:230.2,231.26 2 0
github.com/jaas/jaas/internal/employee/services/employee_service.go:231.26,233.3 1 0
github.com/jaas/jaas/internal/employee/services/employee_service.go:234.2,234.24 1 0
github.com/jaas/jaas/internal/employee/services/employee_service.go:237.141,239.16 2 0
github.com/jaas/jaas/internal/employee/services/employee_service.go:239.16,241.3 1 0
github.com/jaas/jaas/internal/employee/services/employee_service.go:242.2,242.20 1 0
github.com/jaas/jaas/internal/employee/services/employee_service.go:242.20,244.3 1 0
github.com/jaas/jaas/internal/employee/services/employee_service.go:246.2,246.26 1 0
github.com/jaas/jaas/internal/employee/services/employee_service.go:246.26,248.3 1 0
github.com/jaas/jaas/internal/employee/services/employee_service.go:249.2,249.25 1 0
github.com/jaas/jaas/internal/employee/services/employee_service.go:249.25,251.3 1 0
github.com/jaas/jaas/internal/employee/services/employee_service.go:252.2,252.28 1 0
github.com/jaas/jaas/internal/employee/services/employee_service.go:252.28,254.3 1 0
github.com/jaas/jaas/internal/employee/services/employee_service.go:255.2,255.23 1 0
github.com/jaas/jaas/internal/employee/services/employee_service.go:255.23,257.3 1 0
github.com/jaas/jaas/internal/employee/services/employee_service.go:258.2,258.28 1 0
github.com/jaas/jaas/internal/employee/services/employee_service.go:258.28,260.3 1 0
github.com/jaas/jaas/internal/employee/services/employee_service.go:261.2,261.30 1 0
github.com/jaas/jaas/internal/employee/services/employee_service.go:261.30,263.3 1 0
github.com/jaas/jaas/internal/employee/services/employee_service.go:264.2,264.27 1 0
github.com/jaas/jaas/internal/employee/services/employee_service.go:264.27,266.3 1 0
github.com/jaas/jaas/internal/employee/services/employee_service.go:267.2,267.26 1 0
github.com/jaas/jaas/internal/employee/services/employee_service.go:267.26,269.3 1 0
github.com/jaas/jaas/internal/employee/services/employee_service.go:271.2,271.64 1 0
github.com/jaas/jaas/internal/employee/services/employee_service.go:271.64,273.3 1 0
github.com/jaas/jaas/internal/employee/services/employee_service.go:275.2,275.41 1 0
github.com/jaas/jaas/internal/employee/services/employee_service.go:278.159,280.16 2 0
github.com/jaas/jaas/internal/employee/services/employee_service.go:280.16,282.3 1 0
github.com/jaas/jaas/internal/employee/services/employee_service.go:283.2,283.20 1 0
github.com/jaas/jaas/internal/employee/services/employee_service.go:283.20,285.3 1 0
github.com/jaas/jaas/internal/employee/services/employee_service.go:287.2,287.28 1 0
github.com/jaas/jaas/internal/employee/services/employee_service.go:287.28,292.3 2 0
github.com/jaas/jaas/internal/employee/services/employee_service.go:294.2,294.30 1 0
github.com/jaas/jaas/internal/employee/services/employee_service.go:294.30,296.3 1 0
github.com/jaas/jaas/internal/employee/services/employee_service.go:297.2,297.31 1 0
github.com/jaas/jaas/internal/employee/services/employee_service.go:297.31,299.3 1 0
github.com/jaas/jaas/internal/employee/services/employee_service.go:300.2,300.33 1 0
github.com/jaas/jaas/internal/employee/services/employee_service.go:300.33,302.3 1 0
github.com/jaas/jaas/internal/employee/services/employee_service.go:303.2,303.34 1 0
github.com/jaas/jaas/internal/employee/services/employee_service.go:303.34,304.86 1 0
github.com/jaas/jaas/internal/employee/services/employee_service.go:304.86,306.4 1 0
github.com/jaas/jaas/internal/employee/services/employee_service.go:307.3,308.15 2 0
github.com/jaas/jaas/internal/employee/services/employee_service.go:308.15,310.4 1 0
github.com/jaas/jaas/internal/employee/services/employee_service.go:311.3,311.41 1 0
github.com/jaas/jaas/internal/employee/services/employee_service.go:314.2,314.79 1 0
github.com/jaas/jaas/internal/employee/services/employee_service.go:314.79,316.3 1 0
github.com/jaas/jaas/internal/employee/services/employee_service.go:318.2,318.41 1 0
github.com/jaas/jaas/internal/employee/services/employee_service.go:321.153,322.62 1 0
github.com/jaas/jaas/internal/employee/services/employee_service.go:322.62,324.3 1 0
github.com/jaas/jaas/internal/employee/services/employee_service.go:326.2,327.16 2 0
github.com/jaas/jaas/internal/employee/services/employee_service.go:327.16,329.3 1 0
github.com/jaas/jaas/internal/employee/services/employee_service.go:330.2,330.20 1 0
github.com/jaas/jaas/internal/employee/services/employee_service.go:330.20,332.3 1 0
github.com/jaas/jaas/internal/employee/services/employee_service.go:334.2,336.28 3 0
github.com/jaas/jaas/internal/employee/services/employee_service.go:336.28,338.3 1 0
github.com/jaas/jaas/internal/employee/services/employee_service.go:340.2,340.76 1 0
github.com/jaas/jaas/internal/employee/services/employee_service.go:340.76,342.3 1 0
github.com/jaas/jaas/internal/employee/services/employee_service.go:344.2,349.17 5 0
github.com/jaas/jaas/internal/employee/services/employee_service.go:349.17,350.67 1 0
github.com/jaas/jaas/internal/employee/services/employee_service.go:350.67,352.57 2 0
github.com/jaas/jaas/internal/employee/services/employee_service.go:352.57,354.5 1 0
github.com/jaas/jaas/internal/employee/services/employee_service.go:355.4,355.39 1 0
github.com/jaas/jaas/internal/employee/services/employee_service.go:355.39,356.91 1 0
github.com/jaas/jaas/internal/employee/services/employee_service.go:356.91,358.6 1 0
github.com/jaas/jaas/internal/employee/services/employee_service.go:362.4,362.38 1 0
github.com/jaas/jaas/internal/employee/services/employee_service.go:362.38,363.99 1 0
github.com/jaas/jaas/internal/employee/services/employee_service.go:363.99,365.64 2 0
github.com/jaas/jaas/internal/employee/services/employee_service.go:365.64,367.7 1 0
github.com/jaas/jaas/internal/employee/services/employee_service.go:372.4,380.36 3 0
github.com/jaas/jaas/internal/employee/services/employee_service.go:382.3,382.17 1 0
github.com/jaas/jaas/internal/employee/services/employee_service.go:382.17,384.4 1 0
github.com/jaas/jaas/internal/employee/services/employee_service.go:385.8,387.3 1 0
github.com/jaas/jaas/internal/employee/services/employee_service.go:389.2,389.24 1 0
github.com/jaas/jaas/internal/employee/services/employee_service.go:389.24,397.3 2 0
github.com/jaas/jaas/internal/employee/services/employee_service.go:399.2,399.41 1 0
github.com/jaas/jaas/internal/employee/services/employee_service.go:402.89,404.16 2 0
github.com/jaas/jaas/internal/employee/services/employee_service.go:404.16,406.3 1 0
github.com/jaas/jaas/internal/employee/services/employee_service.go:407.2,407.20 1 0
github.com/jaas/jaas/internal/employee/services/employee_service.go:407.20,409.3 1 0
github.com/jaas/jaas/internal/employee/services/employee_service.go:410.2,411.48 2 0
github.com/jaas/jaas/internal/employee/services/employee_service.go:414.74,415.14 1 0
github.com/jaas/jaas/internal/employee/services/employee_service.go:415.14,417.3 1 0
github.com/jaas/jaas/internal/employee/services/employee_service.go:418.2,436.31 2 0
github.com/jaas/jaas/internal/employee/services/employee_service.go:436.31,447.3 1 0
github.com/jaas/jaas/internal/employee/services/employee_service.go:449.2,449.22 1 0
github.com/jaas/jaas/internal/employee/services/employee_service.go:449.22,458.3 1 0
github.com/jaas/jaas/internal/employee/services/employee_service.go:460.2,460.12 1 0
github.com/jaas/jaas/internal/employee/services/employee_service.go:466.137,469.14 3 0
github.com/jaas/jaas/internal/employee/services/employee_service.go:469.14,470.17 1 0
github.com/jaas/jaas/internal/employee/services/employee_service.go:470.17,472.4 1 0
github.com/jaas/jaas/internal/employee/services/employee_service.go:473.3,473.19 1 0
github.com/jaas/jaas/internal/employee/services/employee_service.go:475.2,475.33 1 0
github.com/jaas/jaas/internal/employee/services/employee_service.go:475.33,477.3 1 0
github.com/jaas/jaas/internal/employee/services/employee_service.go:478.2,478.32 1 0
github.com/jaas/jaas/internal/employee/services/employee_service.go:478.32,480.3 1 0
github.com/jaas/jaas/internal/employee/services/employee_service.go:481.2,481.25 1 0
github.com/jaas/jaas/internal/employee/services/employee_service.go:481.25,483.3 1 0
github.com/jaas/jaas/internal/employee/services/employee_service.go:484.2,484.26 1 0
github.com/jaas/jaas/internal/employee/services/employee_service.go:484.26,486.3 1 0
github.com/jaas/jaas/internal/employee/services/employee_service.go:487.2,487.55 1 0
github.com/jaas/jaas/internal/employee/services/employee_service.go:487.55,488.32 1 0
github.com/jaas/jaas/internal/employee/services/employee_service.go:488.32,490.4 1 0
github.com/jaas/jaas/internal/employee/services/employee_service.go:491.3,491.26 1 0
github.com/jaas/jaas/internal/employee/services/employee_service.go:493.2,493.54 1 0
github.com/jaas/jaas/internal/employee/services/employee_service.go:493.54,494.31 1 0
github.com/jaas/jaas/internal/employee/services/employee_service.go:494.31,496.4 1 0
github.com/jaas/jaas/internal/employee/services/employee_service.go:497.3,497.24 1 0
github.com/jaas/jaas/internal/employee/services/employee_service.go:497.24,500.4 2 0
github.com/jaas/jaas/internal/employee/services/employee_service.go:502.2,502.16 1 0
github.com/jaas/jaas/internal/employee/services/employee_service.go:502.16,503.24 1 0
github.com/jaas/jaas/internal/employee/services/employee_service.go:503.24,505.4 1 0
github.com/jaas/jaas/internal/employee/services/employee_service.go:506.3,506.24 1 0
github.com/jaas/jaas/internal/employee/services/employee_service.go:508.2,508.18 1 0
github.com/jaas/jaas/internal/employee/services/event_consumer.go:21.85,26.2 1 0
github.com/jaas/jaas/internal/employee/services/event_consumer.go:28.102,30.34 2 0
github.com/jaas/jaas/internal/employee/services/event_consumer.go:30.34,31.22 1 0
github.com/jaas/jaas/internal/employee/services/event_consumer.go:31.22,33.4 1 0
github.com/jaas/jaas/internal/employee/services/event_consumer.go:34.3,34.13 1 0
github.com/jaas/jaas/internal/employee/services/event_consumer.go:39.2,39.24 1 0
github.com/jaas/jaas/internal/employee/services/event_consumer.go:40.44,41.13 1 0
github.com/jaas/jaas/internal/employee/services/event_consumer.go:44.2,51.12 3 0
github.com/jaas/jaas/internal/employee/services/statutory_service.go:26.28,31.2 1 0
github.com/jaas/jaas/internal/employee/services/statutory_service.go:33.151,35.16 2 0
github.com/jaas/jaas/internal/employee/services/statutory_service.go:35.16,37.3 1 0
github.com/jaas/jaas/internal/employee/services/statutory_service.go:38.2,38.17 1 0
github.com/jaas/jaas/internal/employee/services/statutory_service.go:38.17,40.3 1 0
github.com/jaas/jaas/internal/employee/services/statutory_service.go:42.2,49.15 2 0
github.com/jaas/jaas/internal/employee/services/statutory_service.go:49.15,53.3 3 0
github.com/jaas/jaas/internal/employee/services/statutory_service.go:53.8,57.3 3 0
github.com/jaas/jaas/internal/employee/services/statutory_service.go:59.2,59.17 1 0
github.com/jaas/jaas/internal/employee/services/statutory_service.go:62.159,65.16 2 0
github.com/jaas/jaas/internal/employee/services/statutory_service.go:65.16,67.3 1 0
github.com/jaas/jaas/internal/employee/services/statutory_service.go:68.2,68.20 1 0
github.com/jaas/jaas/internal/employee/services/statutory_service.go:68.20,70.3 1 0
github.com/jaas/jaas/internal/employee/services/statutory_service.go:72.2,82.63 3 0
github.com/jaas/jaas/internal/employee/services/statutory_service.go:82.63,84.3 1 0
github.com/jaas/jaas/internal/employee/services/statutory_service.go:86.2,94.8 1 0
github.com/jaas/jaas/internal/employee/services/statutory_service.go:97.34,98.17 1 0
github.com/jaas/jaas/internal/employee/services/statutory_service.go:98.17,100.3 1 0
github.com/jaas/jaas/internal/employee/services/statutory_service.go:101.2,101.30 1 0
github.com/jaas/jaas/internal/employee/services/timeline_service.go:25.27,30.2 1 0
github.com/jaas/jaas/internal/employee/services/timeline_service.go:32.124,34.16 2 0
github.com/jaas/jaas/internal/employee/services/timeline_service.go:34.16,36.3 1 0
github.com/jaas/jaas/internal/employee/services/timeline_service.go:37.2,37.20 1 0
github.com/jaas/jaas/internal/employee/services/timeline_service.go:37.20,39.3 1 0
github.com/jaas/jaas/internal/employee/services/timeline_service.go:41.2,42.16 2 0
github.com/jaas/jaas/internal/employee/services/timeline_service.go:42.16,44.3 1 0
github.com/jaas/jaas/internal/employee/services/timeline_service.go:46.2,47.27 2 0
github.com/jaas/jaas/internal/employee/services/timeline_service.go:47.27,49.3 1 0
github.com/jaas/jaas/internal/employee/services/timeline_service.go:50.2,50.17 1 0
github.com/jaas/jaas/internal/employee/services/timeline_service.go:53.75,54.14 1 0
github.com/jaas/jaas/internal/employee/services/timeline_service.go:54.14,56.3 1 0
github.com/jaas/jaas/internal/employee/services/timeline_service.go:57.2,65.3 1 0
github.com/jaas/jaas/internal/organization/services/department_service.go:41.21,43.2 1 0
github.com/jaas/jaas/internal/organization/services/department_service.go:45.191,47.16 2 0
github.com/jaas/jaas/internal/organization/services/department_service.go:47.16,49.3 1 0
github.com/jaas/jaas/internal/organization/services/department_service.go:50.2,50.21 1 0
github.com/jaas/jaas/internal/organization/services/department_service.go:50.21,52.3 1 0
github.com/jaas/jaas/internal/organization/services/department_service.go:54.2,55.16 2 0
github.com/jaas/jaas/internal/organization/services/department_service.go:55.16,57.3 1 0
github.com/jaas/jaas/internal/organization/services/department_service.go:58.2,58.21 1 0
github.com/jaas/jaas/internal/organization/services/department_service.go:58.21,60.17 2 0
github.com/jaas/jaas/internal/organization/services/department_service.go:60.17,62.4 1 0
github.com/jaas/jaas/internal/organization/services/department_service.go:63.3,63.20 1 0
github.com/jaas/jaas/internal/organization/services/department_service.go:63.20,65.4 1 0
github.com/jaas/jaas/internal/organization/services/department_service.go:66.3,66.84 1 0
github.com/jaas/jaas/internal/organization/services/department_service.go:66.84,68.4 1 0
github.com/jaas/jaas/internal/organization/services/department_service.go:71.2,79.57 3 0
github.com/jaas/jaas/internal/organization/services/department_service.go:79.57,81.3 1 0
github.com/jaas/jaas/internal/organization/services/department_service.go:83.2,88.63 3 0
github.com/jaas/jaas/internal/organization/services/department_service.go:91.134,93.16 2 0
github.com/jaas/jaas/internal/organization/services/department_service.go:93.16,95.3 1 0
github.com/jaas/jaas/internal/organization/services/department_service.go:96.2,96.17 1 0
github.com/jaas/jaas/internal/organization/services/department_service.go:96.17,98.3 1 0
github.com/jaas/jaas/internal/organization/services/department_service.go:99.2,99.63 1 0
github.com/jaas/jaas/internal/organization/services/department_service.go:102.155,104.16 2 0
github.com/jaas/jaas/internal/organization/services/department_service.go:104.16,106.3 1 0
github.com/jaas/jaas/internal/organization/services/department_service.go:107.2,108.23 2 0
github.com/jaas/jaas/internal/organization/services/department_service.go:108.23,110.17 2 0
github.com/jaas/jaas/internal/organization/services/department_service.go:110.17,112.4 1 0
github.com/jaas/jaas/internal/organization/services/department_service.go:113.3,113.17 1 0
github.com/jaas/jaas/internal/organization/services/department_service.go:115.2,115.104 1 0
github.com/jaas/jaas/internal/organization/services/department_service.go:118.170,120.16 2 0
github.com/jaas/jaas/internal/organization/services/department_service.go:120.16,122.3 1 0
github.com/jaas/jaas/internal/organization/services/department_service.go:123.2,123.17 1 0
github.com/jaas/jaas/internal/organization/services/department_service.go:123.17,125.3 1 0
github.com/jaas/jaas/internal/organization/services/department_service.go:127.2,127.66 1 0
github.com/jaas/jaas/internal/organization/services/department_service.go:127.66,129.17 2 0
github.com/jaas/jaas/internal/organization/services/department_service.go:129.17,131.4 1 0
github.com/jaas/jaas/internal/organization/services/department_service.go:132.3,132.48 1 0
github.com/jaas/jaas/internal/organization/services/department_service.go:132.48,134.4 1 0
github.com/jaas/jaas/internal/organization/services/department_service.go:135.3,135.43 1 0
github.com/jaas/jaas/internal/organization/services/department_service.go:137.2,137.28 1 0
github.com/jaas/jaas/internal/organization/services/department_service.go:137.28,139.3 1 0
github.com/jaas/jaas/internal/organization/services/department_service.go:140.2,140.35 1 0
github.com/jaas/jaas/internal/organization/services/department_service.go:140.35,142.17 2 0
github.com/jaas/jaas/internal/organization/services/department_service.go:142.17,144.4 1 0
github.com/jaas/jaas/internal/organization/services/department_service.go:145.3,145.46 1 0
github.com/jaas/jaas/internal/organization/services/department_service.go:145.46,147.4 1 0
github.com/jaas/jaas/internal/organization/services/department_service.go:148.3,148.22 1 0
github.com/jaas/jaas/internal/organization/services/department_service.go:148.22,150.18 2 0
github.com/jaas/jaas/internal/organization/services/department_service.go:150.18,152.5 1 0
github.com/jaas/jaas/internal/organization/services/department_service.go:153.4,153.21 1 0
github.com/jaas/jaas/internal/organization/services/department_service.go:153.21,155.5 1 0
github.com/jaas/jaas/internal/organization/services/department_service.go:158.4,158.84 1 0
github.com/jaas/jaas/internal/organization/services/department_service.go:158.84,160.5 1 0
github.com/jaas/jaas/internal/organization/services/department_service.go:162.3,162.37 1 0
github.com/jaas/jaas/internal/organization/services/department_service.go:165.2,165.57 1 0
github.com/jaas/jaas/internal/organization/services/department_service.go:165.57,167.3 1 0
github.com/jaas/jaas/internal/organization/services/department_service.go:168.2,169.63 2 0
github.com/jaas/jaas/internal/organization/services/department_service.go:173.139,174.84 1 0
github.com/jaas/jaas/internal/organization/services/department_service.go:174.84,176.3 1 0
github.com/jaas/jaas/internal/organization/services/department_service.go:177.2,178.17 2 0
github.com/jaas/jaas/internal/organization/services/department_service.go:178.17,179.23 1 0
github.com/jaas/jaas/internal/organization/services/department_service.go:179.23,181.4 1 0
github.com/jaas/jaas/internal/organization/services/department_service.go:182.3,183.34 2 0
github.com/jaas/jaas/internal/organization/services/department_service.go:183.34,185.4 1 0
github.com/jaas/jaas/internal/organization/services/department_service.go:186.3,186.34 1 0
github.com/jaas/jaas/internal/organization/services/department_service.go:188.2,188.12 1 0
github.com/jaas/jaas/internal/organization/services/department_service.go:191.169,193.16 2 0
github.com/jaas/jaas/internal/organization/services/department_service.go:193.16,195.3 1 0
github.com/jaas/jaas/internal/organization/services/department_service.go:196.2,196.17 1 0
github.com/jaas/jaas/internal/organization/services/department_service.go:196.17,198.3 1 0
github.com/jaas/jaas/internal/organization/services/department_service.go:199.2,199.31 1 0
github.com/jaas/jaas/internal/organization/services/department_service.go:199.31,201.3 1 0
github.com/jaas/jaas/internal/organization/services/department_service.go:203.2,204.16 2 0
github.com/jaas/jaas/internal/organization/services/department_service.go:204.16,206.3 1 0
github.com/jaas/jaas/internal/organization/services/department_service.go:207.2,208.16 2 0
github.com/jaas/jaas/internal/organization/services/department_service.go:208.16,210.3 1 0
github.com/jaas/jaas/internal/organization/services/department_service.go:211.2,211.47 1 0
github.com/jaas/jaas/internal/organization/services/department_service.go:211.47,213.3 1 0
github.com/jaas/jaas/internal/organization/services/department_service.go:214.2,214.11 1 0
github.com/jaas/jaas/internal/organization/services/department_service.go:214.11,216.17 2 0
github.com/jaas/jaas/internal/organization/services/department_service.go:216.17,218.4 1 0
github.com/jaas/jaas/internal/organization/services/department_service.go:219.3,219.27 1 0
github.com/jaas/jaas/internal/organization/services/department_service.go:219.27,220.38 1 0
github.com/jaas/jaas/internal/organization/services/department_service.go:220.38,222.68 2 0
github.com/jaas/jaas/internal/organization/services/department_service.go:222.68,224.6 1 0
github.com/jaas/jaas/internal/organization/services/department_service.go:229.2,230.57 2 0
github.com/jaas/jaas/internal/organization/services/department_service.go:230.57,232.3 1 0
github.com/jaas/jaas/internal/organization/services/department_service.go:233.2,234.63 2 0
github.com/jaas/jaas/internal/organization/services/designation_service.go:33.183,35.2 1 0
github.com/jaas/jaas/internal/organization/services/designation_service.go:37.69,43.2 1 0
github.com/jaas/jaas/internal/organization/services/designation_service.go:45.195,47.16 2 0
github.com/jaas/jaas/internal/organization/services/designation_service.go:47.16,49.3 1 0
github.com/jaas/jaas/internal/organization/services/designation_service.go:50.2,50.21 1 0
github.com/jaas/jaas/internal/organization/services/designation_service.go:50.21,52.3 1 0
github.com/jaas/jaas/internal/organization/services/designation_service.go:53.2,58.50 3 0
github.com/jaas/jaas/internal/organization/services/designation_service.go:58.50,60.3 1 0
github.com/jaas/jaas/internal/organization/services/designation_service.go:61.2,62.31 2 0
github.com/jaas/jaas/internal/organization/services/designation_service.go:65.137,67.16 2 0
github.com/jaas/jaas/internal/organization/services/designation_service.go:67.16,69.3 1 0
github.com/jaas/jaas/internal/organization/services/designation_service.go:70.2,70.14 1 0
github.com/jaas/jaas/internal/organization/services/designation_service.go:70.14,72.3 1 0
github.com/jaas/jaas/internal/organization/services/designation_service.go:73.2,73.31 1 0
github.com/jaas/jaas/internal/organization/services/designation_service.go:76.158,78.16 2 0
github.com/jaas/jaas/internal/organization/services/designation_service.go:78.16,80.3 1 0
github.com/jaas/jaas/internal/organization/services/designation_service.go:81.2,82.21 2 0
github.com/jaas/jaas/internal/organization/services/designation_service.go:82.21,84.3 1 0
github.com/jaas/jaas/internal/organization/services/designation_service.go:85.2,85.105 1 0
github.com/jaas/jaas/internal/organization/services/designation_service.go:88.174,90.16 2 0
github.com/jaas/jaas/internal/organization/services/designation_service.go:90.16,92.3 1 0
github.com/jaas/jaas/internal/organization/services/designation_service.go:93.2,93.14 1 0
github.com/jaas/jaas/internal/organization/services/designation_service.go:93.14,95.3 1 0
github.com/jaas/jaas/internal/organization/services/designation_service.go:96.2,96.66 1 0
github.com/jaas/jaas/internal/organization/services/designation_service.go:96.66,98.17 2 0
github.com/jaas/jaas/internal/organization/services/designation_service.go:98.17,100.4 1 0
github.com/jaas/jaas/internal/organization/services/designation_service.go:101.3,101.45 1 0
github.com/jaas/jaas/internal/organization/services/designation_service.go:101.45,103.4 1 0
github.com/jaas/jaas/internal/organization/services/designation_service.go:104.3,104.42 1 0
github.com/jaas/jaas/internal/organization/services/designation_service.go:106.2,106.22 1 0
github.com/jaas/jaas/internal/organization/services/designation_service.go:106.22,108.3 1 0
github.com/jaas/jaas/internal/organization/services/designation_service.go:109.2,109.28 1 0
github.com/jaas/jaas/internal/organization/services/designation_service.go:109.28,111.3 1 0
github.com/jaas/jaas/internal/organization/services/designation_service.go:112.2,112.50 1 0
github.com/jaas/jaas/internal/organization/services/designation_service.go:112.50,114.3 1 0
github.com/jaas/jaas/internal/organization/services/designation_service.go:115.2,116.31 2 0
github.com/jaas/jaas/internal/organization/services/designation_service.go:119.160,121.16 2 0
github.com/jaas/jaas/internal/organization/services/designation_service.go:121.16,123.3 1 0
github.com/jaas/jaas/internal/organization/services/designation_service.go:124.2,124.14 1 0
github.com/jaas/jaas/internal/organization/services/designation_service.go:124.14,126.3 1 0
github.com/jaas/jaas/internal/organization/services/designation_service.go:127.2,127.28 1 0
github.com/jaas/jaas/internal/organization/services/designation_service.go:127.28,129.3 1 0
github.com/jaas/jaas/internal/organization/services/designation_service.go:131.2,132.16 2 0
github.com/jaas/jaas/internal/organization/services/designation_service.go:132.16,134.3 1 0
github.com/jaas/jaas/internal/organization/services/designation_service.go:135.2,135.18 1 0
github.com/jaas/jaas/internal/organization/services/designation_service.go:135.18,137.3 1 0
github.com/jaas/jaas/internal/organization/services/designation_service.go:138.2,139.50 2 0
github.com/jaas/jaas/internal/organization/services/designation_service.go:139.50,141.3 1 0
github.com/jaas/jaas/internal/organization/services/designation_service.go:142.2,143.31 2 0
github.com/jaas/jaas/internal/organization/services/event_consumer.go:25.64,27.2 1 0
github.com/jaas/jaas/internal/organization/services/event_consumer.go:29.154,30.20 1 0
github.com/jaas/jaas/internal/organization/services/event_consumer.go:31.38,34.53 2 0
github.com/jaas/jaas/internal/organization/services/event_consumer.go:34.53,36.4 1 0
github.com/jaas/jaas/internal/organization/services/event_consumer.go:37.3,37.91 1 0
github.com/jaas/jaas/internal/organization/services/event_consumer.go:38.96,41.13 1 0
github.com/jaas/jaas/internal/organization/services/event_consumer.go:42.10,43.68 1 0
github.com/jaas/jaas/internal/organization/services/helpers.go:30.47,31.26 1 0
github.com/jaas/jaas/internal/organization/services/helpers.go:31.26,33.3 1 0
github.com/jaas/jaas/internal/organization/services/helpers.go:34.2,35.16 2 0
github.com/jaas/jaas/internal/organization/services/helpers.go:35.16,37.3 1 0
github.com/jaas/jaas/internal/organization/services/helpers.go:38.2,38.17 1 0
github.com/jaas/jaas/internal/organization/services/helpers.go:42.42,43.15 1 0
github.com/jaas/jaas/internal/organization/services/helpers.go:43.15,45.3 1 0
github.com/jaas/jaas/internal/organization/services/helpers.go:46.2,47.11 2 0
github.com/jaas/jaas/internal/organization/services/helpers.go:51.152,55.17 4 0
github.com/jaas/jaas/internal/organization/services/helpers.go:55.17,56.17 1 0
github.com/jaas/jaas/internal/organization/services/helpers.go:56.17,58.4 1 0
github.com/jaas/jaas/internal/organization/services/helpers.go:59.3,61.43 3 0
github.com/jaas/jaas/internal/organization/services/helpers.go:61.43,63.4 1 0
github.com/jaas/jaas/internal/organization/services/helpers.go:64.3,65.34 2 0
github.com/jaas/jaas/internal/organization/services/helpers.go:65.34,67.4 1 0
github.com/jaas/jaas/internal/organization/services/helpers.go:68.3,68.34 1 0
github.com/jaas/jaas/internal/organization/services/helpers.go:70.2,70.12 1 0
github.com/jaas/jaas/internal/organization/services/helpers.go:74.162,79.36 5 0
github.com/jaas/jaas/internal/organization/services/helpers.go:79.36,80.36 1 0
github.com/jaas/jaas/internal/organization/services/helpers.go:80.36,81.9 1 0
github.com/jaas/jaas/internal/organization/services/helpers.go:83.3,87.34 5 0
github.com/jaas/jaas/internal/organization/services/helpers.go:87.34,89.4 1 0
github.com/jaas/jaas/internal/organization/services/helpers.go:90.3,90.15 1 0
github.com/jaas/jaas/internal/organization/services/helpers.go:92.2,92.25 1 0
github.com/jaas/jaas/internal/organization/services/helpers.go:95.177,97.16 2 0
github.com/jaas/jaas/internal/organization/services/helpers.go:97.16,99.3 1 0
github.com/jaas/jaas/internal/organization/services/helpers.go:100.2,112.8 1 0
github.com/jaas/jaas/internal/organization/services/helpers.go:118.123,119.78 1 0
github.com/jaas/jaas/internal/organization/services/helpers.go:119.78,121.3 1 0
github.com/jaas/jaas/internal/organization/services/helpers.go:122.2,122.15 1 0
github.com/jaas/jaas/internal/organization/services/helpers.go:122.15,124.3 1 0
github.com/jaas/jaas/internal/organization/services/helpers.go:125.2,126.16 2 0
github.com/jaas/jaas/internal/organization/services/helpers.go:126.16,128.3 1 0
github.com/jaas/jaas/internal/organization/services/helpers.go:129.2,135.4 1 0
github.com/jaas/jaas/internal/organization/services/mapping_service.go:45.18,47.2 1 0
github.com/jaas/jaas/internal/organization/services/mapping_service.go:49.57,57.2 1 0
github.com/jaas/jaas/internal/organization/services/mapping_service.go:60.104,62.16 2 0
github.com/jaas/jaas/internal/organization/services/mapping_service.go:62.16,64.3 1 0
github.com/jaas/jaas/internal/organization/services/mapping_service.go:65.2,65.38 1 0
github.com/jaas/jaas/internal/organization/services/mapping_service.go:65.38,67.3 1 0
github.com/jaas/jaas/internal/organization/services/mapping_service.go:68.2,68.12 1 0
github.com/jaas/jaas/internal/organization/services/mapping_service.go:72.159,73.19 1 0
github.com/jaas/jaas/internal/organization/services/mapping_service.go:73.19,75.17 2 0
github.com/jaas/jaas/internal/organization/services/mapping_service.go:75.17,77.4 1 0
github.com/jaas/jaas/internal/organization/services/mapping_service.go:78.3,78.18 1 0
github.com/jaas/jaas/internal/organization/services/mapping_service.go:78.18,80.4 1 0
github.com/jaas/jaas/internal/organization/services/mapping_service.go:82.2,83.19 2 0
github.com/jaas/jaas/internal/organization/services/mapping_service.go:83.19,85.17 2 0
github.com/jaas/jaas/internal/organization/services/mapping_service.go:85.17,87.4 1 0
github.com/jaas/jaas/internal/organization/services/mapping_service.go:88.3,88.15 1 0
github.com/jaas/jaas/internal/organization/services/mapping_service.go:88.15,90.4 1 0
github.com/jaas/jaas/internal/organization/services/mapping_service.go:91.3,91.11 1 0
github.com/jaas/jaas/internal/organization/services/mapping_service.go:93.2,93.20 1 0
github.com/jaas/jaas/internal/organization/services/mapping_service.go:93.20,95.17 2 0
github.com/jaas/jaas/internal/organization/services/mapping_service.go:95.17,97.4 1 0
github.com/jaas/jaas/internal/organization/services/mapping_service.go:98.3,98.15 1 0
github.com/jaas/jaas/internal/organization/services/mapping_service.go:98.15,100.4 1 0
github.com/jaas/jaas/internal/organization/services/mapping_service.go:102.2,102.66 1 0
github.com/jaas/jaas/internal/organization/services/mapping_service.go:102.66,104.3 1 0
github.com/jaas/jaas/internal/organization/services/mapping_service.go:105.2,105.22 1 0
github.com/jaas/jaas/internal/organization/services/mapping_service.go:105.22,106.25 1 0
github.com/jaas/jaas/internal/organization/services/mapping_service.go:106.25,108.4 1 0
github.com/jaas/jaas/internal/organization/services/mapping_service.go:109.3,109.68 1 0
github.com/jaas/jaas/internal/organization/services/mapping_service.go:109.68,111.4 1 0
github.com/jaas/jaas/internal/organization/services/mapping_service.go:112.3,112.85 1 0
github.com/jaas/jaas/internal/organization/services/mapping_service.go:112.85,114.4 1 0
github.com/jaas/jaas/internal/organization/services/mapping_service.go:116.2,116.12 1 0
github.com/jaas/jaas/internal/organization/services/mapping_service.go:120.122,123.26 3 0
github.com/jaas/jaas/internal/organization/services/mapping_service.go:123.26,124.16 1 0
github.com/jaas/jaas/internal/organization/services/mapping_service.go:124.16,126.4 1 0
github.com/jaas/jaas/internal/organization/services/mapping_service.go:127.3,129.67 3 0
github.com/jaas/jaas/internal/organization/services/mapping_service.go:129.67,131.4 1 0
github.com/jaas/jaas/internal/organization/services/mapping_service.go:132.3,132.31 1 0
github.com/jaas/jaas/internal/organization/services/mapping_service.go:134.2,134.128 1 0
github.com/jaas/jaas/internal/organization/services/mapping_service.go:137.179,139.16 2 0
github.com/jaas/jaas/internal/organization/services/mapping_service.go:139.16,141.3 1 0
github.com/jaas/jaas/internal/organization/services/mapping_service.go:142.2,142.63 1 0
github.com/jaas/jaas/internal/organization/services/mapping_service.go:142.63,144.3 1 0
github.com/jaas/jaas/internal/organization/services/mapping_service.go:145.2,146.16 2 0
github.com/jaas/jaas/internal/organization/services/mapping_service.go:146.16,148.3 1 0
github.com/jaas/jaas/internal/organization/services/mapping_service.go:149.2,150.16 2 0
github.com/jaas/jaas/internal/organization/services/mapping_service.go:150.16,152.3 1 0
github.com/jaas/jaas/internal/organization/services/mapping_service.go:153.2,154.16 2 0
github.com/jaas/jaas/internal/organization/services/mapping_service.go:154.16,156.3 1 0
github.com/jaas/jaas/internal/organization/services/mapping_service.go:157.2,158.16 2 0
github.com/jaas/jaas/internal/organization/services/mapping_service.go:158.16,160.3 1 0
github.com/jaas/jaas/internal/organization/services/mapping_service.go:161.2,161.54 1 0
github.com/jaas/jaas/internal/organization/services/mapping_service.go:161.54,163.3 1 0
github.com/jaas/jaas/internal/organization/services/mapping_service.go:164.2,164.99 1 0
github.com/jaas/jaas/internal/organization/services/mapping_service.go:164.99,166.3 1 0
github.com/jaas/jaas/internal/organization/services/mapping_service.go:167.2,167.19 1 0
github.com/jaas/jaas/internal/organization/services/mapping_service.go:167.19,169.17 2 0
github.com/jaas/jaas/internal/organization/services/mapping_service.go:169.17,171.4 1 0
github.com/jaas/jaas/internal/organization/services/mapping_service.go:172.3,172.22 1 0
github.com/jaas/jaas/internal/organization/services/mapping_service.go:172.22,174.4 1 0
github.com/jaas/jaas/internal/organization/services/mapping_service.go:177.2,182.57 3 0
github.com/jaas/jaas/internal/organization/services/mapping_service.go:182.57,184.3 1 0
github.com/jaas/jaas/internal/organization/services/mapping_service.go:186.2,190.27 3 0
github.com/jaas/jaas/internal/organization/services/mapping_service.go:193.125,195.16 2 0
github.com/jaas/jaas/internal/organization/services/mapping_service.go:195.16,197.3 1 0
github.com/jaas/jaas/internal/organization/services/mapping_service.go:198.2,198.14 1 0
github.com/jaas/jaas/internal/organization/services/mapping_service.go:198.14,200.3 1 0
github.com/jaas/jaas/internal/organization/services/mapping_service.go:201.2,201.27 1 0
github.com/jaas/jaas/internal/organization/services/mapping_service.go:204.158,206.16 2 0
github.com/jaas/jaas/internal/organization/services/mapping_service.go:206.16,208.3 1 0
github.com/jaas/jaas/internal/organization/services/mapping_service.go:209.2,210.21 2 0
github.com/jaas/jaas/internal/organization/services/mapping_service.go:210.21,212.3 1 0
github.com/jaas/jaas/internal/organization/services/mapping_service.go:213.2,213.101 1 0
github.com/jaas/jaas/internal/organization/services/mapping_service.go:216.158,218.16 2 0
github.com/jaas/jaas/internal/organization/services/mapping_service.go:218.16,220.3 1 0
github.com/jaas/jaas/internal/organization/services/mapping_service.go:221.2,221.14 1 0
github.com/jaas/jaas/internal/organization/services/mapping_service.go:221.14,223.3 1 0
github.com/jaas/jaas/internal/organization/services/mapping_service.go:225.2,229.29 5 0
github.com/jaas/jaas/internal/organization/services/mapping_service.go:229.29,231.17 2 0
github.com/jaas/jaas/internal/organization/services/mapping_service.go:231.17,233.4 1 0
github.com/jaas/jaas/internal/organization/services/mapping_service.go:235.2,235.23 1 0
github.com/jaas/jaas/internal/organization/services/mapping_service.go:235.23,237.17 2 0
github.com/jaas/jaas/internal/organization/services/mapping_service.go:237.17,239.4 1 0
github.com/jaas/jaas/internal/organization/services/mapping_service.go:241.2,241.30 1 0
github.com/jaas/jaas/internal/organization/services/mapping_service.go:241.30,243.17 2 0
github.com/jaas/jaas/internal/organization/services/mapping_service.go:243.17,245.4 1 0
github.com/jaas/jaas/internal/organization/services/mapping_service.go:247.2,247.30 1 0
github.com/jaas/jaas/internal/organization/services/mapping_service.go:247.30,249.17 2 0
github.com/jaas/jaas/internal/organization/services/mapping_service.go:249.17,251.4 1 0
github.com/jaas/jaas/internal/organization/services/mapping_service.go:253.2,253.101 1 0
github.com/jaas/jaas/internal/organization/services/mapping_service.go:253.101,255.3 1 0
github.com/jaas/jaas/internal/organization/services/mapping_service.go:256.2,256.60 1 0
github.com/jaas/jaas/internal/organization/services/mapping_service.go:256.60,258.17 2 0
github.com/jaas/jaas/internal/organization/services/mapping_service.go:258.17,260.4 1 0
github.com/jaas/jaas/internal/organization/services/mapping_service.go:261.3,261.45 1 0
github.com/jaas/jaas/internal/organization/services/mapping_service.go:261.45,263.66 2 0
github.com/jaas/jaas/internal/organization/services/mapping_service.go:263.66,265.5 1 0
github.com/jaas/jaas/internal/organization/services/mapping_service.go:267.3,267.21 1 0
github.com/jaas/jaas/internal/organization/services/mapping_service.go:268.8,268.33 1 0
github.com/jaas/jaas/internal/organization/services/mapping_service.go:268.33,270.3 1 0
github.com/jaas/jaas/internal/organization/services/mapping_service.go:271.2,273.57 2 0
github.com/jaas/jaas/internal/organization/services/mapping_service.go:273.57,275.3 1 0
github.com/jaas/jaas/internal/organization/services/mapping_service.go:276.2,277.27 2 0
github.com/jaas/jaas/internal/organization/services/mapping_service.go:280.166,282.16 2 0
github.com/jaas/jaas/internal/organization/services/mapping_service.go:282.16,284.3 1 0
github.com/jaas/jaas/internal/organization/services/mapping_service.go:285.2,285.14 1 0
github.com/jaas/jaas/internal/organization/services/mapping_service.go:285.14,287.3 1 0
github.com/jaas/jaas/internal/organization/services/mapping_service.go:288.2,288.28 1 0
github.com/jaas/jaas/internal/organization/services/mapping_service.go:288.28,290.3 1 0
github.com/jaas/jaas/internal/organization/services/mapping_service.go:291.2,293.57 3 0
github.com/jaas/jaas/internal/organization/services/mapping_service.go:293.57,295.3 1 0
github.com/jaas/jaas/internal/organization/services/mapping_service.go:296.2,297.27 2 0
github.com/jaas/jaas/internal/organization/services/mapping_service.go:301.142,303.16 2 0
github.com/jaas/jaas/internal/organization/services/mapping_service.go:303.16,305.3 1 0
github.com/jaas/jaas/internal/organization/services/mapping_service.go:306.2,306.21 1 0
github.com/jaas/jaas/internal/organization/services/mapping_service.go:306.21,307.32 1 0
github.com/jaas/jaas/internal/organization/services/mapping_service.go:307.32,309.65 2 0
github.com/jaas/jaas/internal/organization/services/mapping_service.go:309.65,311.5 1 0
github.com/jaas/jaas/internal/organization/services/mapping_service.go:314.2,315.16 2 0
github.com/jaas/jaas/internal/organization/services/mapping_service.go:315.16,317.3 1 0
github.com/jaas/jaas/internal/organization/services/mapping_service.go:318.2,318.25 1 0
github.com/jaas/jaas/internal/organization/services/mapping_service.go:318.25,320.68 2 0
github.com/jaas/jaas/internal/organization/services/mapping_service.go:320.68,322.4 1 0
github.com/jaas/jaas/internal/organization/services/mapping_service.go:324.2,325.12 2 0
github.com/jaas/jaas/internal/organization/services/org_chart_service.go:35.84,36.20 1 0
github.com/jaas/jaas/internal/organization/services/org_chart_service.go:36.20,38.3 1 0
github.com/jaas/jaas/internal/organization/services/org_chart_service.go:39.2,39.82 1 0
github.com/jaas/jaas/internal/organization/services/org_chart_service.go:57.19,59.2 1 0
github.com/jaas/jaas/internal/organization/services/org_chart_service.go:61.83,63.2 1 0
github.com/jaas/jaas/internal/organization/services/org_chart_service.go:65.157,66.36 1 0
github.com/jaas/jaas/internal/organization/services/org_chart_service.go:66.36,68.3 1 0
github.com/jaas/jaas/internal/organization/services/org_chart_service.go:69.2,70.20 2 0
github.com/jaas/jaas/internal/organization/services/org_chart_service.go:70.20,71.81 1 0
github.com/jaas/jaas/internal/organization/services/org_chart_service.go:71.81,73.51 2 0
github.com/jaas/jaas/internal/organization/services/org_chart_service.go:73.51,75.5 1 0
github.com/jaas/jaas/internal/organization/services/org_chart_service.go:79.2,80.16 2 0
github.com/jaas/jaas/internal/organization/services/org_chart_service.go:80.16,82.3 1 0
github.com/jaas/jaas/internal/organization/services/org_chart_service.go:83.2,84.23 2 0
github.com/jaas/jaas/internal/organization/services/org_chart_service.go:84.23,85.54 1 0
github.com/jaas/jaas/internal/organization/services/org_chart_service.go:85.54,86.12 1 0
github.com/jaas/jaas/internal/organization/services/org_chart_service.go:88.3,89.17 2 0
github.com/jaas/jaas/internal/organization/services/org_chart_service.go:89.17,91.4 1 0
github.com/jaas/jaas/internal/organization/services/org_chart_service.go:92.3,92.31 1 0
github.com/jaas/jaas/internal/organization/services/org_chart_service.go:94.2,95.20 2 0
github.com/jaas/jaas/internal/organization/services/org_chart_service.go:95.20,96.49 1 0
github.com/jaas/jaas/internal/organization/services/org_chart_service.go:96.49,98.4 1 0
github.com/jaas/jaas/internal/organization/services/org_chart_service.go:100.2,100.18 1 0
github.com/jaas/jaas/internal/organization/services/org_chart_service.go:103.186,105.16 2 0
github.com/jaas/jaas/internal/organization/services/org_chart_service.go:105.16,107.3 1 0
github.com/jaas/jaas/internal/organization/services/org_chart_service.go:108.2,109.16 2 0
github.com/jaas/jaas/internal/organization/services/org_chart_service.go:109.16,111.3 1 0
github.com/jaas/jaas/internal/organization/services/org_chart_service.go:112.2,113.23 2 0
github.com/jaas/jaas/internal/organization/services/org_chart_service.go:113.23,114.54 1 0
github.com/jaas/jaas/internal/organization/services/org_chart_service.go:114.54,115.12 1 0
github.com/jaas/jaas/internal/organization/services/org_chart_service.go:117.3,118.17 2 0
github.com/jaas/jaas/internal/organization/services/org_chart_service.go:118.17,120.4 1 0
github.com/jaas/jaas/internal/organization/services/org_chart_service.go:121.3,127.5 1 0
github.com/jaas/jaas/internal/organization/services/org_chart_service.go:129.2,133.25 2 0
github.com/jaas/jaas/internal/organization/services/org_chart_service.go:133.25,135.3 1 0
github.com/jaas/jaas/internal/organization/services/org_chart_service.go:136.2,137.16 2 0
github.com/jaas/jaas/internal/organization/services/org_chart_service.go:137.16,139.3 1 0
github.com/jaas/jaas/internal/organization/services/org_chart_service.go:140.2,140.26 1 0
github.com/jaas/jaas/internal/organization/services/org_chart_service.go:140.26,141.57 1 0
github.com/jaas/jaas/internal/organization/services/org_chart_service.go:141.57,142.12 1 0
github.com/jaas/jaas/internal/organization/services/org_chart_service.go:144.3,145.17 2 0
github.com/jaas/jaas/internal/organization/services/org_chart_service.go:145.17,147.4 1 0
github.com/jaas/jaas/internal/organization/services/org_chart_service.go:148.3,148.48 1 0
github.com/jaas/jaas/internal/organization/services/org_chart_service.go:150.2,150.18 1 0
github.com/jaas/jaas/internal/organization/services/org_chart_service.go:153.134,155.16 2 0
github.com/jaas/jaas/internal/organization/services/org_chart_service.go:155.16,157.3 1 0
github.com/jaas/jaas/internal/organization/services/org_chart_service.go:158.2,159.20 2 0
github.com/jaas/jaas/internal/organization/services/org_chart_service.go:159.20,161.3 1 0
github.com/jaas/jaas/internal/organization/services/org_chart_service.go:162.2,163.27 2 0
github.com/jaas/jaas/internal/organization/services/org_chart_service.go:163.27,165.17 2 0
github.com/jaas/jaas/internal/organization/services/org_chart_service.go:165.17,167.4 1 0
github.com/jaas/jaas/internal/organization/services/org_chart_service.go:168.3,168.18 1 0
github.com/jaas/jaas/internal/organization/services/org_chart_service.go:168.18,170.18 2 0
github.com/jaas/jaas/internal/organization/services/org_chart_service.go:170.18,172.5 1 0
github.com/jaas/jaas/internal/organization/services/org_chart_service.go:173.4,179.5 1 0
github.com/jaas/jaas/internal/organization/services/org_chart_service.go:182.2,182.33 1 0
github.com/jaas/jaas/internal/organization/services/org_chart_service.go:182.33,184.17 2 0
github.com/jaas/jaas/internal/organization/services/org_chart_service.go:184.17,186.4 1 0
github.com/jaas/jaas/internal/organization/services/org_chart_service.go:187.3,187.18 1 0
github.com/jaas/jaas/internal/organization/services/org_chart_service.go:187.18,189.18 2 0
github.com/jaas/jaas/internal/organization/services/org_chart_service.go:189.18,191.5 1 0
github.com/jaas/jaas/internal/organization/services/org_chart_service.go:192.4,200.19 4 0
github.com/jaas/jaas/internal/organization/services/org_chart_service.go:200.19,202.36 2 0
github.com/jaas/jaas/internal/organization/services/org_chart_service.go:202.36,204.6 1 0
github.com/jaas/jaas/internal/organization/services/org_chart_service.go:205.5,206.19 2 0
github.com/jaas/jaas/internal/organization/services/org_chart_service.go:206.19,208.6 1 0
github.com/jaas/jaas/internal/organization/services/org_chart_service.go:209.5,215.36 2 0
github.com/jaas/jaas/internal/organization/services/org_chart_service.go:219.2,220.16 2 0
github.com/jaas/jaas/internal/organization/services/org_chart_service.go:220.16,222.3 1 0
github.com/jaas/jaas/internal/organization/services/org_chart_service.go:223.2,223.25 1 0
github.com/jaas/jaas/internal/organization/services/org_chart_service.go:223.25,225.3 1 0
github.com/jaas/jaas/internal/organization/services/org_chart_service.go:226.2,226.31 1 0
github.com/jaas/jaas/internal/organization/services/org_chart_service.go:226.31,228.3 1 0
github.com/jaas/jaas/internal/organization/services/org_chart_service.go:229.2,229.18 1 0
github.com/jaas/jaas/internal/organization/services/team_service.go:43.15,45.2 1 0
github.com/jaas/jaas/internal/organization/services/team_service.go:47.123,48.36 1 0
github.com/jaas/jaas/internal/organization/services/team_service.go:48.36,50.3 1 0
github.com/jaas/jaas/internal/organization/services/team_service.go:51.2,52.16 2 0
github.com/jaas/jaas/internal/organization/services/team_service.go:52.16,54.3 1 0
github.com/jaas/jaas/internal/organization/services/team_service.go:55.2,56.16 2 0
github.com/jaas/jaas/internal/organization/services/team_service.go:56.16,58.3 1 0
github.com/jaas/jaas/internal/organization/services/team_service.go:59.2,59.38 1 0
github.com/jaas/jaas/internal/organization/services/team_service.go:59.38,61.3 1 0
github.com/jaas/jaas/internal/organization/services/team_service.go:62.2,62.17 1 0
github.com/jaas/jaas/internal/organization/services/team_service.go:65.131,67.16 2 0
github.com/jaas/jaas/internal/organization/services/team_service.go:67.16,69.3 1 0
github.com/jaas/jaas/internal/organization/services/team_service.go:70.2,75.8 1 0
github.com/jaas/jaas/internal/organization/services/team_service.go:78.167,80.16 2 0
github.com/jaas/jaas/internal/organization/services/team_service.go:80.16,82.3 1 0
github.com/jaas/jaas/internal/organization/services/team_service.go:83.2,84.16 2 0
github.com/jaas/jaas/internal/organization/services/team_service.go:84.16,86.3 1 0
github.com/jaas/jaas/internal/organization/services/team_service.go:87.2,87.17 1 0
github.com/jaas/jaas/internal/organization/services/team_service.go:87.17,89.3 1 0
github.com/jaas/jaas/internal/organization/services/team_service.go:90.2,91.16 2 0
github.com/jaas/jaas/internal/organization/services/team_service.go:91.16,93.3 1 0
github.com/jaas/jaas/internal/organization/services/team_service.go:94.2,94.21 1 0
github.com/jaas/jaas/internal/organization/services/team_service.go:94.21,96.3 1 0
github.com/jaas/jaas/internal/organization/services/team_service.go:97.2,98.16 2 0
github.com/jaas/jaas/internal/organization/services/team_service.go:98.16,100.3 1 0
github.com/jaas/jaas/internal/organization/services/team_service.go:102.2,107.57 3 0
github.com/jaas/jaas/internal/organization/services/team_service.go:107.57,109.3 1 0
github.com/jaas/jaas/internal/organization/services/team_service.go:111.2,115.46 3 0
github.com/jaas/jaas/internal/organization/services/team_service.go:118.116,120.16 2 0
github.com/jaas/jaas/internal/organization/services/team_service.go:120.16,122.3 1 0
github.com/jaas/jaas/internal/organization/services/team_service.go:123.2,123.17 1 0
github.com/jaas/jaas/internal/organization/services/team_service.go:123.17,125.3 1 0
github.com/jaas/jaas/internal/organization/services/team_service.go:126.2,126.46 1 0
github.com/jaas/jaas/internal/organization/services/team_service.go:129.162,131.16 2 0
github.com/jaas/jaas/internal/organization/services/team_service.go:131.16,133.3 1 0
github.com/jaas/jaas/internal/organization/services/team_service.go:134.2,135.23 2 0
github.com/jaas/jaas/internal/organization/services/team_service.go:135.23,137.17 2 0
github.com/jaas/jaas/internal/organization/services/team_service.go:137.17,139.4 1 0
github.com/jaas/jaas/internal/organization/services/team_service.go:140.3,140.17 1 0
github.com/jaas/jaas/internal/organization/services/team_service.go:142.2,142.98 1 0
github.com/jaas/jaas/internal/organization/services/team_service.go:145.146,147.16 2 0
github.com/jaas/jaas/internal/organization/services/team_service.go:147.16,149.3 1 0
github.com/jaas/jaas/internal/organization/services/team_service.go:150.2,150.17 1 0
github.com/jaas/jaas/internal/organization/services/team_service.go:150.17,152.3 1 0
github.com/jaas/jaas/internal/organization/services/team_service.go:154.2,155.28 2 0
github.com/jaas/jaas/internal/organization/services/team_service.go:155.28,157.3 1 0
github.com/jaas/jaas/internal/organization/services/team_service.go:158.2,158.29 1 0
github.com/jaas/jaas/internal/organization/services/team_service.go:158.29,160.17 2 0
github.com/jaas/jaas/internal/organization/services/team_service.go:160.17,162.4 1 0
github.com/jaas/jaas/internal/organization/services/team_service.go:163.3,164.17 2 0
github.com/jaas/jaas/internal/organization/services/team_service.go:164.17,166.4 1 0
github.com/jaas/jaas/internal/organization/services/team_service.go:167.3,167.18 1 0
github.com/jaas/jaas/internal/organization/services/team_service.go:167.18,169.4 1 0
github.com/jaas/jaas/internal/organization/services/team_service.go:170.3,170.29 1 0
github.com/jaas/jaas/internal/organization/services/team_service.go:172.2,172.21 1 0
github.com/jaas/jaas/internal/organization/services/team_service.go:172.21,174.24 2 0
github.com/jaas/jaas/internal/organization/services/team_service.go:174.24,177.18 2 0
github.com/jaas/jaas/internal/organization/services/team_service.go:177.18,179.5 1 0
github.com/jaas/jaas/internal/organization/services/team_service.go:180.4,180.49 1 0
github.com/jaas/jaas/internal/organization/services/team_service.go:180.49,182.5 1 0
github.com/jaas/jaas/internal/organization/services/team_service.go:183.4,183.20 1 0
github.com/jaas/jaas/internal/organization/services/team_service.go:186.2,186.27 1 0
github.com/jaas/jaas/internal/organization/services/team_service.go:186.27,188.17 2 0
github.com/jaas/jaas/internal/organization/services/team_service.go:188.17,190.4 1 0
github.com/jaas/jaas/internal/organization/services/team_service.go:191.3,191.27 1 0
github.com/jaas/jaas/internal/organization/services/team_service.go:194.2,194.57 1 0
github.com/jaas/jaas/internal/organization/services/team_service.go:194.57,196.3 1 0
github.com/jaas/jaas/internal/organization/services/team_service.go:197.2,199.46 2 0
github.com/jaas/jaas/internal/organization/services/team_service.go:202.139,204.16 2 0
github.com/jaas/jaas/internal/organization/services/team_service.go:204.16,206.3 1 0
github.com/jaas/jaas/internal/organization/services/team_service.go:207.2,207.17 1 0
github.com/jaas/jaas/internal/organization/services/team_service.go:207.17,209.3 1 0
github.com/jaas/jaas/internal/organization/services/team_service.go:210.2,210.31 1 0
github.com/jaas/jaas/internal/organization/services/team_service.go:210.31,212.3 1 0
github.com/jaas/jaas/internal/organization/services/team_service.go:213.2,214.16 2 0
github.com/jaas/jaas/internal/organization/services/team_service.go:214.16,216.3 1 0
github.com/jaas/jaas/internal/organization/services/team_service.go:217.2,217.15 1 0
github.com/jaas/jaas/internal/organization/services/team_service.go:217.15,219.3 1 0
github.com/jaas/jaas/internal/organization/services/team_service.go:220.2,221.57 2 0
github.com/jaas/jaas/internal/organization/services/team_service.go:221.57,223.3 1 0
github.com/jaas/jaas/internal/organization/services/team_service.go:224.2,225.46 2 0
github.com/jaas/jaas/internal/employee/services/document_service.go:32.27,38.2 1 1
github.com/jaas/jaas/internal/employee/services/document_service.go:40.156,42.16 2 1
github.com/jaas/jaas/internal/employee/services/document_service.go:42.16,44.3 1 1
github.com/jaas/jaas/internal/employee/services/document_service.go:45.2,45.20 1 1
github.com/jaas/jaas/internal/employee/services/document_service.go:45.20,47.3 1 1
github.com/jaas/jaas/internal/employee/services/document_service.go:49.2,59.56 3 1
github.com/jaas/jaas/internal/employee/services/document_service.go:59.56,61.3 1 1
github.com/jaas/jaas/internal/employee/services/document_service.go:63.2,63.37 1 1
github.com/jaas/jaas/internal/employee/services/document_service.go:66.124,68.16 2 1
github.com/jaas/jaas/internal/employee/services/document_service.go:68.16,70.3 1 1
github.com/jaas/jaas/internal/employee/services/document_service.go:72.2,73.22 2 1
github.com/jaas/jaas/internal/employee/services/document_service.go:73.22,75.3 1 1
github.com/jaas/jaas/internal/employee/services/document_service.go:76.2,76.17 1 1
github.com/jaas/jaas/internal/employee/services/document_service.go:79.144,81.16 2 1
github.com/jaas/jaas/internal/employee/services/document_service.go:81.16,83.3 1 1
github.com/jaas/jaas/internal/employee/services/document_service.go:85.2,85.54 1 1
github.com/jaas/jaas/internal/employee/services/document_service.go:85.54,87.3 1 1
github.com/jaas/jaas/internal/employee/services/document_service.go:89.2,93.56 4 1
github.com/jaas/jaas/internal/employee/services/document_service.go:93.56,95.3 1 1
github.com/jaas/jaas/internal/employee/services/document_service.go:97.2,97.24 1 1
github.com/jaas/jaas/internal/employee/services/document_service.go:97.24,100.3 2 1
github.com/jaas/jaas/internal/employee/services/document_service.go:102.2,102.37 1 1
github.com/jaas/jaas/internal/employee/services/document_service.go:105.75,106.14 1 1
github.com/jaas/jaas/internal/employee/services/document_service.go:106.14,108.3 1 0
github.com/jaas/jaas/internal/employee/services/document_service.go:109.2,120.3 1 1
github.com/jaas/jaas/internal/employee/services/employee_service.go:49.19,58.2 1 1
github.com/jaas/jaas/internal/employee/services/employee_service.go:60.145,61.74 1 1
github.com/jaas/jaas/internal/employee/services/employee_service.go:61.74,63.3 1 1
github.com/jaas/jaas/internal/employee/services/employee_service.go:64.2,64.78 1 1
github.com/jaas/jaas/internal/employee/services/employee_service.go:64.78,66.3 1 1
github.com/jaas/jaas/internal/employee/services/employee_service.go:69.2,69.22 1 1
github.com/jaas/jaas/internal/employee/services/employee_service.go:69.22,71.32 2 1
github.com/jaas/jaas/internal/employee/services/employee_service.go:71.32,73.4 1 1
github.com/jaas/jaas/internal/employee/services/employee_service.go:77.2,78.16 2 1
github.com/jaas/jaas/internal/employee/services/employee_service.go:78.16,80.3 1 1
github.com/jaas/jaas/internal/employee/services/employee_service.go:81.2,81.21 1 1
github.com/jaas/jaas/internal/employee/services/employee_service.go:81.21,83.3 1 1
github.com/jaas/jaas/internal/employee/services/employee_service.go:86.2,87.29 2 1
github.com/jaas/jaas/internal/employee/services/employee_service.go:87.29,89.3 1 1
github.com/jaas/jaas/internal/employee/services/employee_service.go:91.2,93.75 3 1
github.com/jaas/jaas/internal/employee/services/employee_service.go:93.75,95.3 1 1
github.com/jaas/jaas/internal/employee/services/employee_service.go:97.2,114.23 5 1
github.com/jaas/jaas/internal/employee/services/employee_service.go:114.23,116.3 1 1
github.com/jaas/jaas/internal/employee/services/employee_service.go:118.2,147.17 7 1
github.com/jaas/jaas/internal/employee/services/employee_service.go:147.17,148.67 1 0
github.com/jaas/jaas/internal/employee/services/employee_service.go:148.67,150.57 2 0
github.com/jaas/jaas/internal/employee/services/employee_service.go:150.57,152.5 1 0
github.com/jaas/jaas/internal/employee/services/employee_service.go:153.4,153.54 1 0
github.com/jaas/jaas/internal/employee/services/employee_service.go:153.54,155.5 1 0
github.com/jaas/jaas/internal/employee/services/employee_service.go:156.4,156.51 1 0
github.com/jaas/jaas/internal/employee/services/employee_service.go:156.51,158.5 1 0
github.com/jaas/jaas/internal/employee/services/employee_service.go:159.4,159.52 1 0
github.com/jaas/jaas/internal/employee/services/employee_service.go:159.52,161.5 1 0
github.com/jaas/jaas/internal/employee/services/employee_service.go:164.4,178.34 4 0
github.com/jaas/jaas/internal/employee/services/employee_service.go:180.3,180.17 1 0
github.com/jaas/jaas/internal/employee/services/employee_service.go:180.17,182.4 1 0
github.com/jaas/jaas/internal/employee/services/employee_service.go:183.8,186.28 2 1
github.com/jaas/jaas/internal/employee/services/employee_service.go:186.28,188.4 1 1
github.com/jaas/jaas/internal/employee/services/employee_service.go:191.2,194.24 3 1
github.com/jaas/jaas/internal/employee/services/employee_service.go:194.24,197.3 2 1
github.com/jaas/jaas/internal/employee/services/employee_service.go:199.2,199.41 1 1
github.com/jaas/jaas/internal/employee/services/employee_service.go:202.111,204.16 2 1
github.com/jaas/jaas/internal/employee/services/employee_service.go:204.16,206.3 1 1
github.com/jaas/jaas/internal/employee/services/employee_service.go:207.2,207.20 1 1
github.com/jaas/jaas/internal/employee/services/employee_service.go:207.20,209.3 1 1
github.com/jaas/jaas/internal/employee/services/employee_service.go:210.2,210.41 1 1
github.com/jaas/jaas/internal/employee/services/employee_service.go:213.119,215.16 2 1
github.com/jaas/jaas/internal/employee/services/employee_service.go:215.16,217.3 1 1
github.com/jaas/jaas/internal/employee/services/employee_service.go:218.2,218.20 1 1
github.com/jaas/jaas/internal/employee/services/employee_service.go:218.20,220.3 1 1
github.com/jaas/jaas/internal/employee/services/employee_service.go:221.2,221.41 1 1
github.com/jaas/jaas/internal/employee/services/employee_service.go:224.139,226.16 2 1
github.com/jaas/jaas/internal/employee/services/employee_service.go:226.16,228.3 1 1
github.com/jaas/jaas/internal/employee/services/employee_service.go:230.2,231.26 2 1
github.com/jaas/jaas/internal/employee/services/employee_service.go:231.26,233.3 1 1
github.com/jaas/jaas/internal/employee/services/employee_service.go:234.2,234.24 1 1
github.com/jaas/jaas/internal/employee/services/employee_service.go:237.141,239.16 2 1
github.com/jaas/jaas/internal/employee/services/employee_service.go:239.16,241.3 1 1
github.com/jaas/jaas/internal/employee/services/employee_service.go:242.2,242.20 1 1
github.com/jaas/jaas/internal/employee/services/employee_service.go:242.20,244.3 1 1
github.com/jaas/jaas/internal/employee/services/employee_service.go:246.2,246.26 1 1
github.com/jaas/jaas/internal/employee/services/employee_service.go:246.26,248.3 1 1
github.com/jaas/jaas/internal/employee/services/employee_service.go:249.2,249.25 1 1
github.com/jaas/jaas/internal/employee/services/employee_service.go:249.25,251.3 1 1
github.com/jaas/jaas/internal/employee/services/employee_service.go:252.2,252.28 1 1
github.com/jaas/jaas/internal/employee/services/employee_service.go:252.28,254.3 1 1
github.com/jaas/jaas/internal/employee/services/employee_service.go:255.2,255.23 1 1
github.com/jaas/jaas/internal/employee/services/employee_service.go:255.23,257.3 1 1
github.com/jaas/jaas/internal/employee/services/employee_service.go:258.2,258.28 1 1
github.com/jaas/jaas/internal/employee/services/employee_service.go:258.28,260.3 1 1
github.com/jaas/jaas/internal/employee/services/employee_service.go:261.2,261.30 1 1
github.com/jaas/jaas/internal/employee/services/employee_service.go:261.30,263.3 1 1
github.com/jaas/jaas/internal/employee/services/employee_service.go:264.2,264.27 1 1
github.com/jaas/jaas/internal/employee/services/employee_service.go:264.27,266.3 1 1
github.com/jaas/jaas/internal/employee/services/employee_service.go:267.2,267.26 1 1
github.com/jaas/jaas/internal/employee/services/employee_service.go:267.26,269.3 1 1
github.com/jaas/jaas/internal/employee/services/employee_service.go:271.2,271.64 1 1
github.com/jaas/jaas/internal/employee/services/employee_service.go:271.64,273.3 1 1
github.com/jaas/jaas/internal/employee/services/employee_service.go:275.2,275.41 1 1
github.com/jaas/jaas/internal/employee/services/employee_service.go:278.159,280.16 2 1
github.com/jaas/jaas/internal/employee/services/employee_service.go:280.16,282.3 1 1
github.com/jaas/jaas/internal/employee/services/employee_service.go:283.2,283.20 1 1
github.com/jaas/jaas/internal/employee/services/employee_service.go:283.20,285.3 1 1
github.com/jaas/jaas/internal/employee/services/employee_service.go:287.2,287.28 1 1
github.com/jaas/jaas/internal/employee/services/employee_service.go:287.28,292.3 2 1
github.com/jaas/jaas/internal/employee/services/employee_service.go:294.2,294.30 1 1
github.com/jaas/jaas/internal/employee/services/employee_service.go:294.30,296.3 1 1
github.com/jaas/jaas/internal/employee/services/employee_service.go:297.2,297.31 1 1
github.com/jaas/jaas/internal/employee/services/employee_service.go:297.31,299.3 1 1
github.com/jaas/jaas/internal/employee/services/employee_service.go:300.2,300.33 1 1
github.com/jaas/jaas/internal/employee/services/employee_service.go:300.33,302.3 1 1
github.com/jaas/jaas/internal/employee/services/employee_service.go:303.2,303.34 1 1
github.com/jaas/jaas/internal/employee/services/employee_service.go:303.34,304.86 1 1
github.com/jaas/jaas/internal/employee/services/employee_service.go:304.86,306.4 1 0
github.com/jaas/jaas/internal/employee/services/employee_service.go:307.3,308.15 2 1
github.com/jaas/jaas/internal/employee/services/employee_service.go:308.15,310.4 1 1
github.com/jaas/jaas/internal/employee/services/employee_service.go:311.3,311.41 1 1
github.com/jaas/jaas/internal/employee/services/employee_service.go:314.2,314.79 1 1
github.com/jaas/jaas/internal/employee/services/employee_service.go:314.79,316.3 1 1
github.com/jaas/jaas/internal/employee/services/employee_service.go:318.2,318.41 1 1
github.com/jaas/jaas/internal/employee/services/employee_service.go:321.153,322.62 1 1
github.com/jaas/jaas/internal/employee/services/employee_service.go:322.62,324.3 1 1
github.com/jaas/jaas/internal/employee/services/employee_service.go:326.2,327.16 2 1
github.com/jaas/jaas/internal/employee/services/employee_service.go:327.16,329.3 1 1
github.com/jaas/jaas/internal/employee/services/employee_service.go:330.2,330.20 1 1
github.com/jaas/jaas/internal/employee/services/employee_service.go:330.20,332.3 1 1
github.com/jaas/jaas/internal/employee/services/employee_service.go:334.2,336.28 3 1
github.com/jaas/jaas/internal/employee/services/employee_service.go:336.28,338.3 1 1
github.com/jaas/jaas/internal/employee/services/employee_service.go:340.2,340.76 1 1
github.com/jaas/jaas/internal/employee/services/employee_service.go:340.76,342.3 1 1
github.com/jaas/jaas/internal/employee/services/employee_service.go:344.2,349.17 5 1
github.com/jaas/jaas/internal/employee/services/employee_service.go:349.17,350.67 1 0
github.com/jaas/jaas/internal/employee/services/employee_service.go:350.67,352.57 2 0
github.com/jaas/jaas/internal/employee/services/employee_service.go:352.57,354.5 1 0
github.com/jaas/jaas/internal/employee/services/employee_service.go:355.4,355.39 1 0
github.com/jaas/jaas/internal/employee/services/employee_service.go:355.39,356.91 1 0
github.com/jaas/jaas/internal/employee/services/employee_service.go:356.91,358.6 1 0
github.com/jaas/jaas/internal/employee/services/employee_service.go:362.4,362.38 1 0
github.com/jaas/jaas/internal/employee/services/employee_service.go:362.38,363.99 1 0
github.com/jaas/jaas/internal/employee/services/employee_service.go:363.99,365.64 2 0
github.com/jaas/jaas/internal/employee/services/employee_service.go:365.64,367.7 1 0
github.com/jaas/jaas/internal/employee/services/employee_service.go:372.4,380.36 3 0
github.com/jaas/jaas/internal/employee/services/employee_service.go:382.3,382.17 1 0
github.com/jaas/jaas/internal/employee/services/employee_service.go:382.17,384.4 1 0
github.com/jaas/jaas/internal/employee/services/employee_service.go:385.8,387.3 1 1
github.com/jaas/jaas/internal/employee/services/employee_service.go:389.2,389.24 1 1
github.com/jaas/jaas/internal/employee/services/employee_service.go:389.24,397.3 2 1
github.com/jaas/jaas/internal/employee/services/employee_service.go:399.2,399.41 1 1
github.com/jaas/jaas/internal/employee/services/employee_service.go:402.89,404.16 2 1
github.com/jaas/jaas/internal/employee/services/employee_service.go:404.16,406.3 1 1
github.com/jaas/jaas/internal/employee/services/employee_service.go:407.2,407.20 1 1
github.com/jaas/jaas/internal/employee/services/employee_service.go:407.20,409.3 1 1
github.com/jaas/jaas/internal/employee/services/employee_service.go:410.2,411.48 2 1
github.com/jaas/jaas/internal/employee/services/employee_service.go:414.74,415.14 1 1
github.com/jaas/jaas/internal/employee/services/employee_service.go:415.14,417.3 1 0
github.com/jaas/jaas/internal/employee/services/employee_service.go:418.2,436.31 2 1
github.com/jaas/jaas/internal/employee/services/employee_service.go:436.31,447.3 1 1
github.com/jaas/jaas/internal/employee/services/employee_service.go:449.2,449.22 1 1
github.com/jaas/jaas/internal/employee/services/employee_service.go:449.22,458.3 1 1
github.com/jaas/jaas/internal/employee/services/employee_service.go:460.2,460.12 1 1
github.com/jaas/jaas/internal/employee/services/employee_service.go:466.137,469.14 3 1
github.com/jaas/jaas/internal/employee/services/employee_service.go:469.14,470.17 1 1
github.com/jaas/jaas/internal/employee/services/employee_service.go:470.17,472.4 1 1
github.com/jaas/jaas/internal/employee/services/employee_service.go:473.3,473.19 1 1
github.com/jaas/jaas/internal/employee/services/employee_service.go:475.2,475.33 1 1
github.com/jaas/jaas/internal/employee/services/employee_service.go:475.33,477.3 1 1
github.com/jaas/jaas/internal/employee/services/employee_service.go:478.2,478.32 1 1
github.com/jaas/jaas/internal/employee/services/employee_service.go:478.32,480.3 1 1
github.com/jaas/jaas/internal/employee/services/employee_service.go:481.2,481.25 1 1
github.com/jaas/jaas/internal/employee/services/employee_service.go:481.25,483.3 1 1
github.com/jaas/jaas/internal/employee/services/employee_service.go:484.2,484.26 1 1
github.com/jaas/jaas/internal/employee/services/employee_service.go:484.26,486.3 1 1
github.com/jaas/jaas/internal/employee/services/employee_service.go:487.2,487.55 1 1
github.com/jaas/jaas/internal/employee/services/employee_service.go:487.55,488.32 1 1
github.com/jaas/jaas/internal/employee/services/employee_service.go:488.32,490.4 1 1
github.com/jaas/jaas/internal/employee/services/employee_service.go:491.3,491.26 1 1
github.com/jaas/jaas/internal/employee/services/employee_service.go:493.2,493.54 1 1
github.com/jaas/jaas/internal/employee/services/employee_service.go:493.54,494.31 1 1
github.com/jaas/jaas/internal/employee/services/employee_service.go:494.31,496.4 1 1
github.com/jaas/jaas/internal/employee/services/employee_service.go:497.3,497.24 1 1
github.com/jaas/jaas/internal/employee/services/employee_service.go:497.24,500.4 2 1
github.com/jaas/jaas/internal/employee/services/employee_service.go:502.2,502.16 1 1
github.com/jaas/jaas/internal/employee/services/employee_service.go:502.16,503.24 1 1
github.com/jaas/jaas/internal/employee/services/employee_service.go:503.24,505.4 1 1
github.com/jaas/jaas/internal/employee/services/employee_service.go:506.3,506.24 1 1
github.com/jaas/jaas/internal/employee/services/employee_service.go:508.2,508.18 1 1
github.com/jaas/jaas/internal/employee/services/event_consumer.go:21.85,26.2 1 1
github.com/jaas/jaas/internal/employee/services/event_consumer.go:28.102,30.34 2 1
github.com/jaas/jaas/internal/employee/services/event_consumer.go:30.34,31.22 1 1
github.com/jaas/jaas/internal/employee/services/event_consumer.go:31.22,33.4 1 0
github.com/jaas/jaas/internal/employee/services/event_consumer.go:34.3,34.13 1 1
github.com/jaas/jaas/internal/employee/services/event_consumer.go:39.2,39.24 1 1
github.com/jaas/jaas/internal/employee/services/event_consumer.go:40.44,41.13 1 1
github.com/jaas/jaas/internal/employee/services/event_consumer.go:44.2,51.12 3 1
github.com/jaas/jaas/internal/employee/services/statutory_service.go:26.28,31.2 1 1
github.com/jaas/jaas/internal/employee/services/statutory_service.go:33.151,35.16 2 1
github.com/jaas/jaas/internal/employee/services/statutory_service.go:35.16,37.3 1 1
github.com/jaas/jaas/internal/employee/services/statutory_service.go:38.2,38.17 1 1
github.com/jaas/jaas/internal/employee/services/statutory_service.go:38.17,40.3 1 1
github.com/jaas/jaas/internal/employee/services/statutory_service.go:42.2,49.15 2 1
github.com/jaas/jaas/internal/employee/services/statutory_service.go:49.15,53.3 3 1
github.com/jaas/jaas/internal/employee/services/statutory_service.go:53.8,57.3 3 1
github.com/jaas/jaas/internal/employee/services/statutory_service.go:59.2,59.17 1 1
github.com/jaas/jaas/internal/employee/services/statutory_service.go:62.159,65.16 2 1
github.com/jaas/jaas/internal/employee/services/statutory_service.go:65.16,67.3 1 1
github.com/jaas/jaas/internal/employee/services/statutory_service.go:68.2,68.20 1 1
github.com/jaas/jaas/internal/employee/services/statutory_service.go:68.20,70.3 1 1
github.com/jaas/jaas/internal/employee/services/statutory_service.go:72.2,82.63 3 1
github.com/jaas/jaas/internal/employee/services/statutory_service.go:82.63,84.3 1 1
github.com/jaas/jaas/internal/employee/services/statutory_service.go:86.2,94.8 1 1
github.com/jaas/jaas/internal/employee/services/statutory_service.go:97.34,98.17 1 1
github.com/jaas/jaas/internal/employee/services/statutory_service.go:98.17,100.3 1 0
github.com/jaas/jaas/internal/employee/services/statutory_service.go:101.2,101.30 1 1
github.com/jaas/jaas/internal/employee/services/timeline_service.go:25.27,30.2 1 1
github.com/jaas/jaas/internal/employee/services/timeline_service.go:32.124,34.16 2 1
github.com/jaas/jaas/internal/employee/services/timeline_service.go:34.16,36.3 1 1
github.com/jaas/jaas/internal/employee/services/timeline_service.go:37.2,37.20 1 1
github.com/jaas/jaas/internal/employee/services/timeline_service.go:37.20,39.3 1 1
github.com/jaas/jaas/internal/employee/services/timeline_service.go:41.2,42.16 2 1
github.com/jaas/jaas/internal/employee/services/timeline_service.go:42.16,44.3 1 1
github.com/jaas/jaas/internal/employee/services/timeline_service.go:46.2,47.27 2 1
github.com/jaas/jaas/internal/employee/services/timeline_service.go:47.27,49.3 1 1
github.com/jaas/jaas/internal/employee/services/timeline_service.go:50.2,50.17 1 1
github.com/jaas/jaas/internal/employee/services/timeline_service.go:53.75,54.14 1 1
github.com/jaas/jaas/internal/employee/services/timeline_service.go:54.14,56.3 1 0
github.com/jaas/jaas/internal/employee/services/timeline_service.go:57.2,65.3 1 1
github.com/jaas/jaas/internal/organization/services/department_service.go:41.21,43.2 1 0
github.com/jaas/jaas/internal/organization/services/department_service.go:45.191,47.16 2 0
github.com/jaas/jaas/internal/organization/services/department_service.go:47.16,49.3 1 0
github.com/jaas/jaas/internal/organization/services/department_service.go:50.2,50.21 1 0
github.com/jaas/jaas/internal/organization/services/department_service.go:50.21,52.3 1 0
github.com/jaas/jaas/internal/organization/services/department_service.go:54.2,55.16 2 0
github.com/jaas/jaas/internal/organization/services/department_service.go:55.16,57.3 1 0
github.com/jaas/jaas/internal/organization/services/department_service.go:58.2,58.21 1 0
github.com/jaas/jaas/internal/organization/services/department_service.go:58.21,60.17 2 0
github.com/jaas/jaas/internal/organization/services/department_service.go:60.17,62.4 1 0
github.com/jaas/jaas/internal/organization/services/department_service.go:63.3,63.20 1 0
github.com/jaas/jaas/internal/organization/services/department_service.go:63.20,65.4 1 0
github.com/jaas/jaas/internal/organization/services/department_service.go:66.3,66.84 1 0
github.com/jaas/jaas/internal/organization/services/department_service.go:66.84,68.4 1 0
github.com/jaas/jaas/internal/organization/services/department_service.go:71.2,79.57 3 0
github.com/jaas/jaas/internal/organization/services/department_service.go:79.57,81.3 1 0
github.com/jaas/jaas/internal/organization/services/department_service.go:83.2,88.63 3 0
github.com/jaas/jaas/internal/organization/services/department_service.go:91.134,93.16 2 0
github.com/jaas/jaas/internal/organization/services/department_service.go:93.16,95.3 1 0
github.com/jaas/jaas/internal/organization/services/department_service.go:96.2,96.17 1 0
github.com/jaas/jaas/internal/organization/services/department_service.go:96.17,98.3 1 0
github.com/jaas/jaas/internal/organization/services/department_service.go:99.2,99.63 1 0
github.com/jaas/jaas/internal/organization/services/department_service.go:102.155,104.16 2 0
github.com/jaas/jaas/internal/organization/services/department_service.go:104.16,106.3 1 0
github.com/jaas/jaas/internal/organization/services/department_service.go:107.2,108.23 2 0
github.com/jaas/jaas/internal/organization/services/department_service.go:108.23,110.17 2 0
github.com/jaas/jaas/internal/organization/services/department_service.go:110.17,112.4 1 0
github.com/jaas/jaas/internal/organization/services/department_service.go:113.3,113.17 1 0
github.com/jaas/jaas/internal/organization/services/department_service.go:115.2,115.104 1 0
github.com/jaas/jaas/internal/organization/services/department_service.go:118.170,120.16 2 0
github.com/jaas/jaas/internal/organization/services/department_service.go:120.16,122.3 1 0
github.com/jaas/jaas/internal/organization/services/department_service.go:123.2,123.17 1 0
github.com/jaas/jaas/internal/organization/services/department_service.go:123.17,125.3 1 0
github.com/jaas/jaas/internal/organization/services/department_service.go:127.2,127.66 1 0
github.com/jaas/jaas/internal/organization/services/department_service.go:127.66,129.17 2 0
github.com/jaas/jaas/internal/organization/services/department_service.go:129.17,131.4 1 0
github.com/jaas/jaas/internal/organization/services/department_service.go:132.3,132.48 1 0
github.com/jaas/jaas/internal/organization/services/department_service.go:132.48,134.4 1 0
github.com/jaas/jaas/internal/organization/services/department_service.go:135.3,135.43 1 0
github.com/jaas/jaas/internal/organization/services/department_service.go:137.2,137.28 1 0
github.com/jaas/jaas/internal/organization/services/department_service.go:137.28,139.3 1 0
github.com/jaas/jaas/internal/organization/services/department_service.go:140.2,140.35 1 0
github.com/jaas/jaas/internal/organization/services/department_service.go:140.35,142.17 2 0
github.com/jaas/jaas/internal/organization/services/department_service.go:142.17,144.4 1 0
github.com/jaas/jaas/internal/organization/services/department_service.go:145.3,145.46 1 0
github.com/jaas/jaas/internal/organization/services/department_service.go:145.46,147.4 1 0
github.com/jaas/jaas/internal/organization/services/department_service.go:148.3,148.22 1 0
github.com/jaas/jaas/internal/organization/services/department_service.go:148.22,150.18 2 0
github.com/jaas/jaas/internal/organization/services/department_service.go:150.18,152.5 1 0
github.com/jaas/jaas/internal/organization/services/department_service.go:153.4,153.21 1 0
github.com/jaas/jaas/internal/organization/services/department_service.go:153.21,155.5 1 0
github.com/jaas/jaas/internal/organization/services/department_service.go:158.4,158.84 1 0
github.com/jaas/jaas/internal/organization/services/department_service.go:158.84,160.5 1 0
github.com/jaas/jaas/internal/organization/services/department_service.go:162.3,162.37 1 0
github.com/jaas/jaas/internal/organization/services/department_service.go:165.2,165.57 1 0
github.com/jaas/jaas/internal/organization/services/department_service.go:165.57,167.3 1 0
github.com/jaas/jaas/internal/organization/services/department_service.go:168.2,169.63 2 0
github.com/jaas/jaas/internal/organization/services/department_service.go:173.139,174.84 1 0
github.com/jaas/jaas/internal/organization/services/department_service.go:174.84,176.3 1 0
github.com/jaas/jaas/internal/organization/services/department_service.go:177.2,178.17 2 0
github.com/jaas/jaas/internal/organization/services/department_service.go:178.17,179.23 1 0
github.com/jaas/jaas/internal/organization/services/department_service.go:179.23,181.4 1 0
github.com/jaas/jaas/internal/organization/services/department_service.go:182.3,183.34 2 0
github.com/jaas/jaas/internal/organization/services/department_service.go:183.34,185.4 1 0
github.com/jaas/jaas/internal/organization/services/department_service.go:186.3,186.34 1 0
github.com/jaas/jaas/internal/organization/services/department_service.go:188.2,188.12 1 0
github.com/jaas/jaas/internal/organization/services/department_service.go:191.169,193.16 2 0
github.com/jaas/jaas/internal/organization/services/department_service.go:193.16,195.3 1 0
github.com/jaas/jaas/internal/organization/services/department_service.go:196.2,196.17 1 0
github.com/jaas/jaas/internal/organization/services/department_service.go:196.17,198.3 1 0
github.com/jaas/jaas/internal/organization/services/department_service.go:199.2,199.31 1 0
github.com/jaas/jaas/internal/organization/services/department_service.go:199.31,201.3 1 0
github.com/jaas/jaas/internal/organization/services/department_service.go:203.2,204.16 2 0
github.com/jaas/jaas/internal/organization/services/department_service.go:204.16,206.3 1 0
github.com/jaas/jaas/internal/organization/services/department_service.go:207.2,208.16 2 0
github.com/jaas/jaas/internal/organization/services/department_service.go:208.16,210.3 1 0
github.com/jaas/jaas/internal/organization/services/department_service.go:211.2,211.47 1 0
github.com/jaas/jaas/internal/organization/services/department_service.go:211.47,213.3 1 0
github.com/jaas/jaas/internal/organization/services/department_service.go:214.2,214.11 1 0
github.com/jaas/jaas/internal/organization/services/department_service.go:214.11,216.17 2 0
github.com/jaas/jaas/internal/organization/services/department_service.go:216.17,218.4 1 0
github.com/jaas/jaas/internal/organization/services/department_service.go:219.3,219.27 1 0
github.com/jaas/jaas/internal/organization/services/department_service.go:219.27,220.38 1 0
github.com/jaas/jaas/internal/organization/services/department_service.go:220.38,222.68 2 0
github.com/jaas/jaas/internal/organization/services/department_service.go:222.68,224.6 1 0
github.com/jaas/jaas/internal/organization/services/department_service.go:229.2,230.57 2 0
github.com/jaas/jaas/internal/organization/services/department_service.go:230.57,232.3 1 0
github.com/jaas/jaas/internal/organization/services/department_service.go:233.2,234.63 2 0
github.com/jaas/jaas/internal/organization/services/designation_service.go:33.183,35.2 1 0
github.com/jaas/jaas/internal/organization/services/designation_service.go:37.69,43.2 1 0
github.com/jaas/jaas/internal/organization/services/designation_service.go:45.195,47.16 2 0
github.com/jaas/jaas/internal/organization/services/designation_service.go:47.16,49.3 1 0
github.com/jaas/jaas/internal/organization/services/designation_service.go:50.2,50.21 1 0
github.com/jaas/jaas/internal/organization/services/designation_service.go:50.21,52.3 1 0
github.com/jaas/jaas/internal/organization/services/designation_service.go:53.2,58.50 3 0
github.com/jaas/jaas/internal/organization/services/designation_service.go:58.50,60.3 1 0
github.com/jaas/jaas/internal/organization/services/designation_service.go:61.2,62.31 2 0
github.com/jaas/jaas/internal/organization/services/designation_service.go:65.137,67.16 2 0
github.com/jaas/jaas/internal/organization/services/designation_service.go:67.16,69.3 1 0
github.com/jaas/jaas/internal/organization/services/designation_service.go:70.2,70.14 1 0
github.com/jaas/jaas/internal/organization/services/designation_service.go:70.14,72.3 1 0
github.com/jaas/jaas/internal/organization/services/designation_service.go:73.2,73.31 1 0
github.com/jaas/jaas/internal/organization/services/designation_service.go:76.158,78.16 2 0
github.com/jaas/jaas/internal/organization/services/designation_service.go:78.16,80.3 1 0
github.com/jaas/jaas/internal/organization/services/designation_service.go:81.2,82.21 2 0
github.com/jaas/jaas/internal/organization/services/designation_service.go:82.21,84.3 1 0
github.com/jaas/jaas/internal/organization/services/designation_service.go:85.2,85.105 1 0
github.com/jaas/jaas/internal/organization/services/designation_service.go:88.174,90.16 2 0
github.com/jaas/jaas/internal/organization/services/designation_service.go:90.16,92.3 1 0
github.com/jaas/jaas/internal/organization/services/designation_service.go:93.2,93.14 1 0
github.com/jaas/jaas/internal/organization/services/designation_service.go:93.14,95.3 1 0
github.com/jaas/jaas/internal/organization/services/designation_service.go:96.2,96.66 1 0
github.com/jaas/jaas/internal/organization/services/designation_service.go:96.66,98.17 2 0
github.com/jaas/jaas/internal/organization/services/designation_service.go:98.17,100.4 1 0
github.com/jaas/jaas/internal/organization/services/designation_service.go:101.3,101.45 1 0
github.com/jaas/jaas/internal/organization/services/designation_service.go:101.45,103.4 1 0
github.com/jaas/jaas/internal/organization/services/designation_service.go:104.3,104.42 1 0
github.com/jaas/jaas/internal/organization/services/designation_service.go:106.2,106.22 1 0
github.com/jaas/jaas/internal/organization/services/designation_service.go:106.22,108.3 1 0
github.com/jaas/jaas/internal/organization/services/designation_service.go:109.2,109.28 1 0
github.com/jaas/jaas/internal/organization/services/designation_service.go:109.28,111.3 1 0
github.com/jaas/jaas/internal/organization/services/designation_service.go:112.2,112.50 1 0
github.com/jaas/jaas/internal/organization/services/designation_service.go:112.50,114.3 1 0
github.com/jaas/jaas/internal/organization/services/designation_service.go:115.2,116.31 2 0
github.com/jaas/jaas/internal/organization/services/designation_service.go:119.160,121.16 2 0
github.com/jaas/jaas/internal/organization/services/designation_service.go:121.16,123.3 1 0
github.com/jaas/jaas/internal/organization/services/designation_service.go:124.2,124.14 1 0
github.com/jaas/jaas/internal/organization/services/designation_service.go:124.14,126.3 1 0
github.com/jaas/jaas/internal/organization/services/designation_service.go:127.2,127.28 1 0
github.com/jaas/jaas/internal/organization/services/designation_service.go:127.28,129.3 1 0
github.com/jaas/jaas/internal/organization/services/designation_service.go:131.2,132.16 2 0
github.com/jaas/jaas/internal/organization/services/designation_service.go:132.16,134.3 1 0
github.com/jaas/jaas/internal/organization/services/designation_service.go:135.2,135.18 1 0
github.com/jaas/jaas/internal/organization/services/designation_service.go:135.18,137.3 1 0
github.com/jaas/jaas/internal/organization/services/designation_service.go:138.2,139.50 2 0
github.com/jaas/jaas/internal/organization/services/designation_service.go:139.50,141.3 1 0
github.com/jaas/jaas/internal/organization/services/designation_service.go:142.2,143.31 2 0
github.com/jaas/jaas/internal/organization/services/event_consumer.go:25.64,27.2 1 0
github.com/jaas/jaas/internal/organization/services/event_consumer.go:29.154,30.20 1 0
github.com/jaas/jaas/internal/organization/services/event_consumer.go:31.38,34.53 2 0
github.com/jaas/jaas/internal/organization/services/event_consumer.go:34.53,36.4 1 0
github.com/jaas/jaas/internal/organization/services/event_consumer.go:37.3,37.91 1 0
github.com/jaas/jaas/internal/organization/services/event_consumer.go:38.96,41.13 1 0
github.com/jaas/jaas/internal/organization/services/event_consumer.go:42.10,43.68 1 0
github.com/jaas/jaas/internal/organization/services/helpers.go:30.47,31.26 1 0
github.com/jaas/jaas/internal/organization/services/helpers.go:31.26,33.3 1 0
github.com/jaas/jaas/internal/organization/services/helpers.go:34.2,35.16 2 0
github.com/jaas/jaas/internal/organization/services/helpers.go:35.16,37.3 1 0
github.com/jaas/jaas/internal/organization/services/helpers.go:38.2,38.17 1 0
github.com/jaas/jaas/internal/organization/services/helpers.go:42.42,43.15 1 0
github.com/jaas/jaas/internal/organization/services/helpers.go:43.15,45.3 1 0
github.com/jaas/jaas/internal/organization/services/helpers.go:46.2,47.11 2 0
github.com/jaas/jaas/internal/organization/services/helpers.go:51.152,55.17 4 0
github.com/jaas/jaas/internal/organization/services/helpers.go:55.17,56.17 1 0
github.com/jaas/jaas/internal/organization/services/helpers.go:56.17,58.4 1 0
github.com/jaas/jaas/internal/organization/services/helpers.go:59.3,61.43 3 0
github.com/jaas/jaas/internal/organization/services/helpers.go:61.43,63.4 1 0
github.com/jaas/jaas/internal/organization/services/helpers.go:64.3,65.34 2 0
github.com/jaas/jaas/internal/organization/services/helpers.go:65.34,67.4 1 0
github.com/jaas/jaas/internal/organization/services/helpers.go:68.3,68.34 1 0
github.com/jaas/jaas/internal/organization/services/helpers.go:70.2,70.12 1 0
github.com/jaas/jaas/internal/organization/services/helpers.go:74.162,79.36 5 0
github.com/jaas/jaas/internal/organization/services/helpers.go:79.36,80.36 1 0
github.com/jaas/jaas/internal/organization/services/helpers.go:80.36,81.9 1 0
github.com/jaas/jaas/internal/organization/services/helpers.go:83.3,87.34 5 0
github.com/jaas/jaas/internal/organization/services/helpers.go:87.34,89.4 1 0
github.com/jaas/jaas/internal/organization/services/helpers.go:90.3,90.15 1 0
github.com/jaas/jaas/internal/organization/services/helpers.go:92.2,92.25 1 0
github.com/jaas/jaas/internal/organization/services/helpers.go:95.177,97.16 2 0
github.com/jaas/jaas/internal/organization/services/helpers.go:97.16,99.3 1 0
github.com/jaas/jaas/internal/organization/services/helpers.go:100.2,112.8 1 0
github.com/jaas/jaas/internal/organization/services/helpers.go:118.123,119.78 1 0
github.com/jaas/jaas/internal/organization/services/helpers.go:119.78,121.3 1 0
github.com/jaas/jaas/internal/organization/services/helpers.go:122.2,122.15 1 0
github.com/jaas/jaas/internal/organization/services/helpers.go:122.15,124.3 1 0
github.com/jaas/jaas/internal/organization/services/helpers.go:125.2,126.16 2 0
github.com/jaas/jaas/internal/organization/services/helpers.go:126.16,128.3 1 0
github.com/jaas/jaas/internal/organization/services/helpers.go:129.2,135.4 1 0
github.com/jaas/jaas/internal/organization/services/mapping_service.go:45.18,47.2 1 0
github.com/jaas/jaas/internal/organization/services/mapping_service.go:49.57,57.2 1 0
github.com/jaas/jaas/internal/organization/services/mapping_service.go:60.104,62.16 2 0
github.com/jaas/jaas/internal/organization/services/mapping_service.go:62.16,64.3 1 0
github.com/jaas/jaas/internal/organization/services/mapping_service.go:65.2,65.38 1 0
github.com/jaas/jaas/internal/organization/services/mapping_service.go:65.38,67.3 1 0
github.com/jaas/jaas/internal/organization/services/mapping_service.go:68.2,68.12 1 0
github.com/jaas/jaas/internal/organization/services/mapping_service.go:72.159,73.19 1 0
github.com/jaas/jaas/internal/organization/services/mapping_service.go:73.19,75.17 2 0
github.com/jaas/jaas/internal/organization/services/mapping_service.go:75.17,77.4 1 0
github.com/jaas/jaas/internal/organization/services/mapping_service.go:78.3,78.18 1 0
github.com/jaas/jaas/internal/organization/services/mapping_service.go:78.18,80.4 1 0
github.com/jaas/jaas/internal/organization/services/mapping_service.go:82.2,83.19 2 0
github.com/jaas/jaas/internal/organization/services/mapping_service.go:83.19,85.17 2 0
github.com/jaas/jaas/internal/organization/services/mapping_service.go:85.17,87.4 1 0
github.com/jaas/jaas/internal/organization/services/mapping_service.go:88.3,88.15 1 0
github.com/jaas/jaas/internal/organization/services/mapping_service.go:88.15,90.4 1 0
github.com/jaas/jaas/internal/organization/services/mapping_service.go:91.3,91.11 1 0
github.com/jaas/jaas/internal/organization/services/mapping_service.go:93.2,93.20 1 0
github.com/jaas/jaas/internal/organization/services/mapping_service.go:93.20,95.17 2 0
github.com/jaas/jaas/internal/organization/services/mapping_service.go:95.17,97.4 1 0
github.com/jaas/jaas/internal/organization/services/mapping_service.go:98.3,98.15 1 0
github.com/jaas/jaas/internal/organization/services/mapping_service.go:98.15,100.4 1 0
github.com/jaas/jaas/internal/organization/services/mapping_service.go:102.2,102.66 1 0
github.com/jaas/jaas/internal/organization/services/mapping_service.go:102.66,104.3 1 0
github.com/jaas/jaas/internal/organization/services/mapping_service.go:105.2,105.22 1 0
github.com/jaas/jaas/internal/organization/services/mapping_service.go:105.22,106.25 1 0
github.com/jaas/jaas/internal/organization/services/mapping_service.go:106.25,108.4 1 0
github.com/jaas/jaas/internal/organization/services/mapping_service.go:109.3,109.68 1 0
github.com/jaas/jaas/internal/organization/services/mapping_service.go:109.68,111.4 1 0
github.com/jaas/jaas/internal/organization/services/mapping_service.go:112.3,112.85 1 0
github.com/jaas/jaas/internal/organization/services/mapping_service.go:112.85,114.4 1 0
github.com/jaas/jaas/internal/organization/services/mapping_service.go:116.2,116.12 1 0
github.com/jaas/jaas/internal/organization/services/mapping_service.go:120.122,123.26 3 0
github.com/jaas/jaas/internal/organization/services/mapping_service.go:123.26,124.16 1 0
github.com/jaas/jaas/internal/organization/services/mapping_service.go:124.16,126.4 1 0
github.com/jaas/jaas/internal/organization/services/mapping_service.go:127.3,129.67 3 0
github.com/jaas/jaas/internal/organization/services/mapping_service.go:129.67,131.4 1 0
github.com/jaas/jaas/internal/organization/services/mapping_service.go:132.3,132.31 1 0
github.com/jaas/jaas/internal/organization/services/mapping_service.go:134.2,134.128 1 0
github.com/jaas/jaas/internal/organization/services/mapping_service.go:137.179,139.16 2 0
github.com/jaas/jaas/internal/organization/services/mapping_service.go:139.16,141.3 1 0
github.com/jaas/jaas/internal/organization/services/mapping_service.go:142.2,142.63 1 0
github.com/jaas/jaas/internal/organization/services/mapping_service.go:142.63,144.3 1 0
github.com/jaas/jaas/internal/organization/services/mapping_service.go:145.2,146.16 2 0
github.com/jaas/jaas/internal/organization/services/mapping_service.go:146.16,148.3 1 0
github.com/jaas/jaas/internal/organization/services/mapping_service.go:149.2,150.16 2 0
github.com/jaas/jaas/internal/organization/services/mapping_service.go:150.16,152.3 1 0
github.com/jaas/jaas/internal/organization/services/mapping_service.go:153.2,154.16 2 0
github.com/jaas/jaas/internal/organization/services/mapping_service.go:154.16,156.3 1 0
github.com/jaas/jaas/internal/organization/services/mapping_service.go:157.2,158.16 2 0
github.com/jaas/jaas/internal/organization/services/mapping_service.go:158.16,160.3 1 0
github.com/jaas/jaas/internal/organization/services/mapping_service.go:161.2,161.54 1 0
github.com/jaas/jaas/internal/organization/services/mapping_service.go:161.54,163.3 1 0
github.com/jaas/jaas/internal/organization/services/mapping_service.go:164.2,164.99 1 0
github.com/jaas/jaas/internal/organization/services/mapping_service.go:164.99,166.3 1 0
github.com/jaas/jaas/internal/organization/services/mapping_service.go:167.2,167.19 1 0
github.com/jaas/jaas/internal/organization/services/mapping_service.go:167.19,169.17 2 0
github.com/jaas/jaas/internal/organization/services/mapping_service.go:169.17,171.4 1 0
github.com/jaas/jaas/internal/organization/services/mapping_service.go:172.3,172.22 1 0
github.com/jaas/jaas/internal/organization/services/mapping_service.go:172.22,174.4 1 0
github.com/jaas/jaas/internal/organization/services/mapping_service.go:177.2,182.57 3 0
github.com/jaas/jaas/internal/organization/services/mapping_service.go:182.57,184.3 1 0
github.com/jaas/jaas/internal/organization/services/mapping_service.go:186.2,190.27 3 0
github.com/jaas/jaas/internal/organization/services/mapping_service.go:193.125,195.16 2 0
github.com/jaas/jaas/internal/organization/services/mapping_service.go:195.16,197.3 1 0
github.com/jaas/jaas/internal/organization/services/mapping_service.go:198.2,198.14 1 0
github.com/jaas/jaas/internal/organization/services/mapping_service.go:198.14,200.3 1 0
github.com/jaas/jaas/internal/organization/services/mapping_service.go:201.2,201.27 1 0
github.com/jaas/jaas/internal/organization/services/mapping_service.go:204.158,206.16 2 0
github.com/jaas/jaas/internal/organization/services/mapping_service.go:206.16,208.3 1 0
github.com/jaas/jaas/internal/organization/services/mapping_service.go:209.2,210.21 2 0
github.com/jaas/jaas/internal/organization/services/mapping_service.go:210.21,212.3 1 0
github.com/jaas/jaas/internal/organization/services/mapping_service.go:213.2,213.101 1 0
github.com/jaas/jaas/internal/organization/services/mapping_service.go:216.158,218.16 2 0
github.com/jaas/jaas/internal/organization/services/mapping_service.go:218.16,220.3 1 0
github.com/jaas/jaas/internal/organization/services/mapping_service.go:221.2,221.14 1 0
github.com/jaas/jaas/internal/organization/services/mapping_service.go:221.14,223.3 1 0
github.com/jaas/jaas/internal/organization/services/mapping_service.go:225.2,229.29 5 0
github.com/jaas/jaas/internal/organization/services/mapping_service.go:229.29,231.17 2 0
github.com/jaas/jaas/internal/organization/services/mapping_service.go:231.17,233.4 1 0
github.com/jaas/jaas/internal/organization/services/mapping_service.go:235.2,235.23 1 0
github.com/jaas/jaas/internal/organization/services/mapping_service.go:235.23,237.17 2 0
github.com/jaas/jaas/internal/organization/services/mapping_service.go:237.17,239.4 1 0
github.com/jaas/jaas/internal/organization/services/mapping_service.go:241.2,241.30 1 0
github.com/jaas/jaas/internal/organization/services/mapping_service.go:241.30,243.17 2 0
github.com/jaas/jaas/internal/organization/services/mapping_service.go:243.17,245.4 1 0
github.com/jaas/jaas/internal/organization/services/mapping_service.go:247.2,247.30 1 0
github.com/jaas/jaas/internal/organization/services/mapping_service.go:247.30,249.17 2 0
github.com/jaas/jaas/internal/organization/services/mapping_service.go:249.17,251.4 1 0
github.com/jaas/jaas/internal/organization/services/mapping_service.go:253.2,253.101 1 0
github.com/jaas/jaas/internal/organization/services/mapping_service.go:253.101,255.3 1 0
github.com/jaas/jaas/internal/organization/services/mapping_service.go:256.2,256.60 1 0
github.com/jaas/jaas/internal/organization/services/mapping_service.go:256.60,258.17 2 0
github.com/jaas/jaas/internal/organization/services/mapping_service.go:258.17,260.4 1 0
github.com/jaas/jaas/internal/organization/services/mapping_service.go:261.3,261.45 1 0
github.com/jaas/jaas/internal/organization/services/mapping_service.go:261.45,263.66 2 0
github.com/jaas/jaas/internal/organization/services/mapping_service.go:263.66,265.5 1 0
github.com/jaas/jaas/internal/organization/services/mapping_service.go:267.3,267.21 1 0
github.com/jaas/jaas/internal/organization/services/mapping_service.go:268.8,268.33 1 0
github.com/jaas/jaas/internal/organization/services/mapping_service.go:268.33,270.3 1 0
github.com/jaas/jaas/internal/organization/services/mapping_service.go:271.2,273.57 2 0
github.com/jaas/jaas/internal/organization/services/mapping_service.go:273.57,275.3 1 0
github.com/jaas/jaas/internal/organization/services/mapping_service.go:276.2,277.27 2 0
github.com/jaas/jaas/internal/organization/services/mapping_service.go:280.166,282.16 2 0
github.com/jaas/jaas/internal/organization/services/mapping_service.go:282.16,284.3 1 0
github.com/jaas/jaas/internal/organization/services/mapping_service.go:285.2,285.14 1 0
github.com/jaas/jaas/internal/organization/services/mapping_service.go:285.14,287.3 1 0
github.com/jaas/jaas/internal/organization/services/mapping_service.go:288.2,288.28 1 0
github.com/jaas/jaas/internal/organization/services/mapping_service.go:288.28,290.3 1 0
github.com/jaas/jaas/internal/organization/services/mapping_service.go:291.2,293.57 3 0
github.com/jaas/jaas/internal/organization/services/mapping_service.go:293.57,295.3 1 0
github.com/jaas/jaas/internal/organization/services/mapping_service.go:296.2,297.27 2 0
github.com/jaas/jaas/internal/organization/services/mapping_service.go:301.142,303.16 2 0
github.com/jaas/jaas/internal/organization/services/mapping_service.go:303.16,305.3 1 0
github.com/jaas/jaas/internal/organization/services/mapping_service.go:306.2,306.21 1 0
github.com/jaas/jaas/internal/organization/services/mapping_service.go:306.21,307.32 1 0
github.com/jaas/jaas/internal/organization/services/mapping_service.go:307.32,309.65 2 0
github.com/jaas/jaas/internal/organization/services/mapping_service.go:309.65,311.5 1 0
github.com/jaas/jaas/internal/organization/services/mapping_service.go:314.2,315.16 2 0
github.com/jaas/jaas/internal/organization/services/mapping_service.go:315.16,317.3 1 0
github.com/jaas/jaas/internal/organization/services/mapping_service.go:318.2,318.25 1 0
github.com/jaas/jaas/internal/organization/services/mapping_service.go:318.25,320.68 2 0
github.com/jaas/jaas/internal/organization/services/mapping_service.go:320.68,322.4 1 0
github.com/jaas/jaas/internal/organization/services/mapping_service.go:324.2,325.12 2 0
github.com/jaas/jaas/internal/organization/services/org_chart_service.go:35.84,36.20 1 0
github.com/jaas/jaas/internal/organization/services/org_chart_service.go:36.20,38.3 1 0
github.com/jaas/jaas/internal/organization/services/org_chart_service.go:39.2,39.82 1 0
github.com/jaas/jaas/internal/organization/services/org_chart_service.go:57.19,59.2 1 0
github.com/jaas/jaas/internal/organization/services/org_chart_service.go:61.83,63.2 1 0
github.com/jaas/jaas/internal/organization/services/org_chart_service.go:65.157,66.36 1 0
github.com/jaas/jaas/internal/organization/services/org_chart_service.go:66.36,68.3 1 0
github.com/jaas/jaas/internal/organization/services/org_chart_service.go:69.2,70.20 2 0
github.com/jaas/jaas/internal/organization/services/org_chart_service.go:70.20,71.81 1 0
github.com/jaas/jaas/internal/organization/services/org_chart_service.go:71.81,73.51 2 0
github.com/jaas/jaas/internal/organization/services/org_chart_service.go:73.51,75.5 1 0
github.com/jaas/jaas/internal/organization/services/org_chart_service.go:79.2,80.16 2 0
github.com/jaas/jaas/internal/organization/services/org_chart_service.go:80.16,82.3 1 0
github.com/jaas/jaas/internal/organization/services/org_chart_service.go:83.2,84.23 2 0
github.com/jaas/jaas/internal/organization/services/org_chart_service.go:84.23,85.54 1 0
github.com/jaas/jaas/internal/organization/services/org_chart_service.go:85.54,86.12 1 0
github.com/jaas/jaas/internal/organization/services/org_chart_service.go:88.3,89.17 2 0
github.com/jaas/jaas/internal/organization/services/org_chart_service.go:89.17,91.4 1 0
github.com/jaas/jaas/internal/organization/services/org_chart_service.go:92.3,92.31 1 0
github.com/jaas/jaas/internal/organization/services/org_chart_service.go:94.2,95.20 2 0
github.com/jaas/jaas/internal/organization/services/org_chart_service.go:95.20,96.49 1 0
github.com/jaas/jaas/internal/organization/services/org_chart_service.go:96.49,98.4 1 0
github.com/jaas/jaas/internal/organization/services/org_chart_service.go:100.2,100.18 1 0
github.com/jaas/jaas/internal/organization/services/org_chart_service.go:103.186,105.16 2 0
github.com/jaas/jaas/internal/organization/services/org_chart_service.go:105.16,107.3 1 0
github.com/jaas/jaas/internal/organization/services/org_chart_service.go:108.2,109.16 2 0
github.com/jaas/jaas/internal/organization/services/org_chart_service.go:109.16,111.3 1 0
github.com/jaas/jaas/internal/organization/services/org_chart_service.go:112.2,113.23 2 0
github.com/jaas/jaas/internal/organization/services/org_chart_service.go:113.23,114.54 1 0
github.com/jaas/jaas/internal/organization/services/org_chart_service.go:114.54,115.12 1 0
github.com/jaas/jaas/internal/organization/services/org_chart_service.go:117.3,118.17 2 0
github.com/jaas/jaas/internal/organization/services/org_chart_service.go:118.17,120.4 1 0
github.com/jaas/jaas/internal/organization/services/org_chart_service.go:121.3,127.5 1 0
github.com/jaas/jaas/internal/organization/services/org_chart_service.go:129.2,133.25 2 0
github.com/jaas/jaas/internal/organization/services/org_chart_service.go:133.25,135.3 1 0
github.com/jaas/jaas/internal/organization/services/org_chart_service.go:136.2,137.16 2 0
github.com/jaas/jaas/internal/organization/services/org_chart_service.go:137.16,139.3 1 0
github.com/jaas/jaas/internal/organization/services/org_chart_service.go:140.2,140.26 1 0
github.com/jaas/jaas/internal/organization/services/org_chart_service.go:140.26,141.57 1 0
github.com/jaas/jaas/internal/organization/services/org_chart_service.go:141.57,142.12 1 0
github.com/jaas/jaas/internal/organization/services/org_chart_service.go:144.3,145.17 2 0
github.com/jaas/jaas/internal/organization/services/org_chart_service.go:145.17,147.4 1 0
github.com/jaas/jaas/internal/organization/services/org_chart_service.go:148.3,148.48 1 0
github.com/jaas/jaas/internal/organization/services/org_chart_service.go:150.2,150.18 1 0
github.com/jaas/jaas/internal/organization/services/org_chart_service.go:153.134,155.16 2 0
github.com/jaas/jaas/internal/organization/services/org_chart_service.go:155.16,157.3 1 0
github.com/jaas/jaas/internal/organization/services/org_chart_service.go:158.2,159.20 2 0
github.com/jaas/jaas/internal/organization/services/org_chart_service.go:159.20,161.3 1 0
github.com/jaas/jaas/internal/organization/services/org_chart_service.go:162.2,163.27 2 0
github.com/jaas/jaas/internal/organization/services/org_chart_service.go:163.27,165.17 2 0
github.com/jaas/jaas/internal/organization/services/org_chart_service.go:165.17,167.4 1 0
github.com/jaas/jaas/internal/organization/services/org_chart_service.go:168.3,168.18 1 0
github.com/jaas/jaas/internal/organization/services/org_chart_service.go:168.18,170.18 2 0
github.com/jaas/jaas/internal/organization/services/org_chart_service.go:170.18,172.5 1 0
github.com/jaas/jaas/internal/organization/services/org_chart_service.go:173.4,179.5 1 0
github.com/jaas/jaas/internal/organization/services/org_chart_service.go:182.2,182.33 1 0
github.com/jaas/jaas/internal/organization/services/org_chart_service.go:182.33,184.17 2 0
github.com/jaas/jaas/internal/organization/services/org_chart_service.go:184.17,186.4 1 0
github.com/jaas/jaas/internal/organization/services/org_chart_service.go:187.3,187.18 1 0
github.com/jaas/jaas/internal/organization/services/org_chart_service.go:187.18,189.18 2 0
github.com/jaas/jaas/internal/organization/services/org_chart_service.go:189.18,191.5 1 0
github.com/jaas/jaas/internal/organization/services/org_chart_service.go:192.4,200.19 4 0
github.com/jaas/jaas/internal/organization/services/org_chart_service.go:200.19,202.36 2 0
github.com/jaas/jaas/internal/organization/services/org_chart_service.go:202.36,204.6 1 0
github.com/jaas/jaas/internal/organization/services/org_chart_service.go:205.5,206.19 2 0
github.com/jaas/jaas/internal/organization/services/org_chart_service.go:206.19,208.6 1 0
github.com/jaas/jaas/internal/organization/services/org_chart_service.go:209.5,215.36 2 0
github.com/jaas/jaas/internal/organization/services/org_chart_service.go:219.2,220.16 2 0
github.com/jaas/jaas/internal/organization/services/org_chart_service.go:220.16,222.3 1 0
github.com/jaas/jaas/internal/organization/services/org_chart_service.go:223.2,223.25 1 0
github.com/jaas/jaas/internal/organization/services/org_chart_service.go:223.25,225.3 1 0
github.com/jaas/jaas/internal/organization/services/org_chart_service.go:226.2,226.31 1 0
github.com/jaas/jaas/internal/organization/services/org_chart_service.go:226.31,228.3 1 0
github.com/jaas/jaas/internal/organization/services/org_chart_service.go:229.2,229.18 1 0
github.com/jaas/jaas/internal/organization/services/team_service.go:43.15,45.2 1 0
github.com/jaas/jaas/internal/organization/services/team_service.go:47.123,48.36 1 0
github.com/jaas/jaas/internal/organization/services/team_service.go:48.36,50.3 1 0
github.com/jaas/jaas/internal/organization/services/team_service.go:51.2,52.16 2 0
github.com/jaas/jaas/internal/organization/services/team_service.go:52.16,54.3 1 0
github.com/jaas/jaas/internal/organization/services/team_service.go:55.2,56.16 2 0
github.com/jaas/jaas/internal/organization/services/team_service.go:56.16,58.3 1 0
github.com/jaas/jaas/internal/organization/services/team_service.go:59.2,59.38 1 0
github.com/jaas/jaas/internal/organization/services/team_service.go:59.38,61.3 1 0
github.com/jaas/jaas/internal/organization/services/team_service.go:62.2,62.17 1 0
github.com/jaas/jaas/internal/organization/services/team_service.go:65.131,67.16 2 0
github.com/jaas/jaas/internal/organization/services/team_service.go:67.16,69.3 1 0
github.com/jaas/jaas/internal/organization/services/team_service.go:70.2,75.8 1 0
github.com/jaas/jaas/internal/organization/services/team_service.go:78.167,80.16 2 0
github.com/jaas/jaas/internal/organization/services/team_service.go:80.16,82.3 1 0
github.com/jaas/jaas/internal/organization/services/team_service.go:83.2,84.16 2 0
github.com/jaas/jaas/internal/organization/services/team_service.go:84.16,86.3 1 0
github.com/jaas/jaas/internal/organization/services/team_service.go:87.2,87.17 1 0
github.com/jaas/jaas/internal/organization/services/team_service.go:87.17,89.3 1 0
github.com/jaas/jaas/internal/organization/services/team_service.go:90.2,91.16 2 0
github.com/jaas/jaas/internal/organization/services/team_service.go:91.16,93.3 1 0
github.com/jaas/jaas/internal/organization/services/team_service.go:94.2,94.21 1 0
github.com/jaas/jaas/internal/organization/services/team_service.go:94.21,96.3 1 0
github.com/jaas/jaas/internal/organization/services/team_service.go:97.2,98.16 2 0
github.com/jaas/jaas/internal/organization/services/team_service.go:98.16,100.3 1 0
github.com/jaas/jaas/internal/organization/services/team_service.go:102.2,107.57 3 0
github.com/jaas/jaas/internal/organization/services/team_service.go:107.57,109.3 1 0
github.com/jaas/jaas/internal/organization/services/team_service.go:111.2,115.46 3 0
github.com/jaas/jaas/internal/organization/services/team_service.go:118.116,120.16 2 0
github.com/jaas/jaas/internal/organization/services/team_service.go:120.16,122.3 1 0
github.com/jaas/jaas/internal/organization/services/team_service.go:123.2,123.17 1 0
github.com/jaas/jaas/internal/organization/services/team_service.go:123.17,125.3 1 0
github.com/jaas/jaas/internal/organization/services/team_service.go:126.2,126.46 1 0
github.com/jaas/jaas/internal/organization/services/team_service.go:129.162,131.16 2 0
github.com/jaas/jaas/internal/organization/services/team_service.go:131.16,133.3 1 0
github.com/jaas/jaas/internal/organization/services/team_service.go:134.2,135.23 2 0
github.com/jaas/jaas/internal/organization/services/team_service.go:135.23,137.17 2 0
github.com/jaas/jaas/internal/organization/services/team_service.go:137.17,139.4 1 0
github.com/jaas/jaas/internal/organization/services/team_service.go:140.3,140.17 1 0
github.com/jaas/jaas/internal/organization/services/team_service.go:142.2,142.98 1 0
github.com/jaas/jaas/internal/organization/services/team_service.go:145.146,147.16 2 0
github.com/jaas/jaas/internal/organization/services/team_service.go:147.16,149.3 1 0
github.com/jaas/jaas/internal/organization/services/team_service.go:150.2,150.17 1 0
github.com/jaas/jaas/internal/organization/services/team_service.go:150.17,152.3 1 0
github.com/jaas/jaas/internal/organization/services/team_service.go:154.2,155.28 2 0
github.com/jaas/jaas/internal/organization/services/team_service.go:155.28,157.3 1 0
github.com/jaas/jaas/internal/organization/services/team_service.go:158.2,158.29 1 0
github.com/jaas/jaas/internal/organization/services/team_service.go:158.29,160.17 2 0
github.com/jaas/jaas/internal/organization/services/team_service.go:160.17,162.4 1 0
github.com/jaas/jaas/internal/organization/services/team_service.go:163.3,164.17 2 0
github.com/jaas/jaas/internal/organization/services/team_service.go:164.17,166.4 1 0
github.com/jaas/jaas/internal/organization/services/team_service.go:167.3,167.18 1 0
github.com/jaas/jaas/internal/organization/services/team_service.go:167.18,169.4 1 0
github.com/jaas/jaas/internal/organization/services/team_service.go:170.3,170.29 1 0
github.com/jaas/jaas/internal/organization/services/team_service.go:172.2,172.21 1 0
github.com/jaas/jaas/internal/organization/services/team_service.go:172.21,174.24 2 0
github.com/jaas/jaas/internal/organization/services/team_service.go:174.24,177.18 2 0
github.com/jaas/jaas/internal/organization/services/team_service.go:177.18,179.5 1 0
github.com/jaas/jaas/internal/organization/services/team_service.go:180.4,180.49 1 0
github.com/jaas/jaas/internal/organization/services/team_service.go:180.49,182.5 1 0
github.com/jaas/jaas/internal/organization/services/team_service.go:183.4,183.20 1 0
github.com/jaas/jaas/internal/organization/services/team_service.go:186.2,186.27 1 0
github.com/jaas/jaas/internal/organization/services/team_service.go:186.27,188.17 2 0
github.com/jaas/jaas/internal/organization/services/team_service.go:188.17,190.4 1 0
github.com/jaas/jaas/internal/organization/services/team_service.go:191.3,191.27 1 0
github.com/jaas/jaas/internal/organization/services/team_service.go:194.2,194.57 1 0
github.com/jaas/jaas/internal/organization/services/team_service.go:194.57,196.3 1 0
github.com/jaas/jaas/internal/organization/services/team_service.go:197.2,199.46 2 0
github.com/jaas/jaas/internal/organization/services/team_service.go:202.139,204.16 2 0
github.com/jaas/jaas/internal/organization/services/team_service.go:204.16,206.3 1 0
github.com/jaas/jaas/internal/organization/services/team_service.go:207.2,207.17 1 0
github.com/jaas/jaas/internal/organization/services/team_service.go:207.17,209.3 1 0
github.com/jaas/jaas/internal/organization/services/team_service.go:210.2,210.31 1 0
github.com/jaas/jaas/internal/organization/services/team_service.go:210.31,212.3 1 0
github.com/jaas/jaas/internal/organization/services/team_service.go:213.2,214.16 2 0
github.com/jaas/jaas/internal/organization/services/team_service.go:214.16,216.3 1 0
github.com/jaas/jaas/internal/organization/services/team_service.go:217.2,217.15 1 0
github.com/jaas/jaas/internal/organization/services/team_service.go:217.15,219.3 1 0
github.com/jaas/jaas/internal/organization/services/team_service.go:220.2,221.57 2 0
github.com/jaas/jaas/internal/organization/services/team_service.go:221.57,223.3 1 0
github.com/jaas/jaas/internal/organization/services/team_service.go:224.2,225.46 2 0
github.com/jaas/jaas/internal/employee/services/document_service.go:32.27,38.2 1 0
github.com/jaas/jaas/internal/employee/services/document_service.go:40.156,42.16 2 0
github.com/jaas/jaas/internal/employee/services/document_service.go:42.16,44.3 1 0
github.com/jaas/jaas/internal/employee/services/document_service.go:45.2,45.20 1 0
github.com/jaas/jaas/internal/employee/services/document_service.go:45.20,47.3 1 0
github.com/jaas/jaas/internal/employee/services/document_service.go:49.2,59.56 3 0
github.com/jaas/jaas/internal/employee/services/document_service.go:59.56,61.3 1 0
github.com/jaas/jaas/internal/employee/services/document_service.go:63.2,63.37 1 0
github.com/jaas/jaas/internal/employee/services/document_service.go:66.124,68.16 2 0
github.com/jaas/jaas/internal/employee/services/document_service.go:68.16,70.3 1 0
github.com/jaas/jaas/internal/employee/services/document_service.go:72.2,73.22 2 0
github.com/jaas/jaas/internal/employee/services/document_service.go:73.22,75.3 1 0
github.com/jaas/jaas/internal/employee/services/document_service.go:76.2,76.17 1 0
github.com/jaas/jaas/internal/employee/services/document_service.go:79.144,81.16 2 0
github.com/jaas/jaas/internal/employee/services/document_service.go:81.16,83.3 1 0
github.com/jaas/jaas/internal/employee/services/document_service.go:85.2,85.54 1 0
github.com/jaas/jaas/internal/employee/services/document_service.go:85.54,87.3 1 0
github.com/jaas/jaas/internal/employee/services/document_service.go:89.2,93.56 4 0
github.com/jaas/jaas/internal/employee/services/document_service.go:93.56,95.3 1 0
github.com/jaas/jaas/internal/employee/services/document_service.go:97.2,97.24 1 0
github.com/jaas/jaas/internal/employee/services/document_service.go:97.24,100.3 2 0
github.com/jaas/jaas/internal/employee/services/document_service.go:102.2,102.37 1 0
github.com/jaas/jaas/internal/employee/services/document_service.go:105.75,106.14 1 0
github.com/jaas/jaas/internal/employee/services/document_service.go:106.14,108.3 1 0
github.com/jaas/jaas/internal/employee/services/document_service.go:109.2,120.3 1 0
github.com/jaas/jaas/internal/employee/services/employee_service.go:49.19,58.2 1 0
github.com/jaas/jaas/internal/employee/services/employee_service.go:60.145,61.74 1 0
github.com/jaas/jaas/internal/employee/services/employee_service.go:61.74,63.3 1 0
github.com/jaas/jaas/internal/employee/services/employee_service.go:64.2,64.78 1 0
github.com/jaas/jaas/internal/employee/services/employee_service.go:64.78,66.3 1 0
github.com/jaas/jaas/internal/employee/services/employee_service.go:69.2,69.22 1 0
github.com/jaas/jaas/internal/employee/services/employee_service.go:69.22,71.32 2 0
github.com/jaas/jaas/internal/employee/services/employee_service.go:71.32,73.4 1 0
github.com/jaas/jaas/internal/employee/services/employee_service.go:77.2,78.16 2 0
github.com/jaas/jaas/internal/employee/services/employee_service.go:78.16,80.3 1 0
github.com/jaas/jaas/internal/employee/services/employee_service.go:81.2,81.21 1 0
github.com/jaas/jaas/internal/employee/services/employee_service.go:81.21,83.3 1 0
github.com/jaas/jaas/internal/employee/services/employee_service.go:86.2,87.29 2 0
github.com/jaas/jaas/internal/employee/services/employee_service.go:87.29,89.3 1 0
github.com/jaas/jaas/internal/employee/services/employee_service.go:91.2,93.75 3 0
github.com/jaas/jaas/internal/employee/services/employee_service.go:93.75,95.3 1 0
github.com/jaas/jaas/internal/employee/services/employee_service.go:97.2,114.23 5 0
github.com/jaas/jaas/internal/employee/services/employee_service.go:114.23,116.3 1 0
github.com/jaas/jaas/internal/employee/services/employee_service.go:118.2,147.17 7 0
github.com/jaas/jaas/internal/employee/services/employee_service.go:147.17,148.67 1 0
github.com/jaas/jaas/internal/employee/services/employee_service.go:148.67,150.57 2 0
github.com/jaas/jaas/internal/employee/services/employee_service.go:150.57,152.5 1 0
github.com/jaas/jaas/internal/employee/services/employee_service.go:153.4,153.54 1 0
github.com/jaas/jaas/internal/employee/services/employee_service.go:153.54,155.5 1 0
github.com/jaas/jaas/internal/employee/services/employee_service.go:156.4,156.51 1 0
github.com/jaas/jaas/internal/employee/services/employee_service.go:156.51,158.5 1 0
github.com/jaas/jaas/internal/employee/services/employee_service.go:159.4,159.52 1 0
github.com/jaas/jaas/internal/employee/services/employee_service.go:159.52,161.5 1 0
github.com/jaas/jaas/internal/employee/services/employee_service.go:164.4,178.34 4 0
github.com/jaas/jaas/internal/employee/services/employee_service.go:180.3,180.17 1 0
github.com/jaas/jaas/internal/employee/services/employee_service.go:180.17,182.4 1 0
github.com/jaas/jaas/internal/employee/services/employee_service.go:183.8,186.28 2 0
github.com/jaas/jaas/internal/employee/services/employee_service.go:186.28,188.4 1 0
github.com/jaas/jaas/internal/employee/services/employee_service.go:191.2,194.24 3 0
github.com/jaas/jaas/internal/employee/services/employee_service.go:194.24,197.3 2 0
github.com/jaas/jaas/internal/employee/services/employee_service.go:199.2,199.41 1 0
github.com/jaas/jaas/internal/employee/services/employee_service.go:202.111,204.16 2 0
github.com/jaas/jaas/internal/employee/services/employee_service.go:204.16,206.3 1 0
github.com/jaas/jaas/internal/employee/services/employee_service.go:207.2,207.20 1 0
github.com/jaas/jaas/internal/employee/services/employee_service.go:207.20,209.3 1 0
github.com/jaas/jaas/internal/employee/services/employee_service.go:210.2,210.41 1 0
github.com/jaas/jaas/internal/employee/services/employee_service.go:213.119,215.16 2 0
github.com/jaas/jaas/internal/employee/services/employee_service.go:215.16,217.3 1 0
github.com/jaas/jaas/internal/employee/services/employee_service.go:218.2,218.20 1 0
github.com/jaas/jaas/internal/employee/services/employee_service.go:218.20,220.3 1 0
github.com/jaas/jaas/internal/employee/services/employee_service.go:221.2,221.41 1 0
github.com/jaas/jaas/internal/employee/services/employee_service.go:224.139,226.16 2 0
github.com/jaas/jaas/internal/employee/services/employee_service.go:226.16,228.3 1 0
github.com/jaas/jaas/internal/employee/services/employee_service.go:230.2,231.26 2 0
github.com/jaas/jaas/internal/employee/services/employee_service.go:231.26,233.3 1 0
github.com/jaas/jaas/internal/employee/services/employee_service.go:234.2,234.24 1 0
github.com/jaas/jaas/internal/employee/services/employee_service.go:237.141,239.16 2 0
github.com/jaas/jaas/internal/employee/services/employee_service.go:239.16,241.3 1 0
github.com/jaas/jaas/internal/employee/services/employee_service.go:242.2,242.20 1 0
github.com/jaas/jaas/internal/employee/services/employee_service.go:242.20,244.3 1 0
github.com/jaas/jaas/internal/employee/services/employee_service.go:246.2,246.26 1 0
github.com/jaas/jaas/internal/employee/services/employee_service.go:246.26,248.3 1 0
github.com/jaas/jaas/internal/employee/services/employee_service.go:249.2,249.25 1 0
github.com/jaas/jaas/internal/employee/services/employee_service.go:249.25,251.3 1 0
github.com/jaas/jaas/internal/employee/services/employee_service.go:252.2,252.28 1 0
github.com/jaas/jaas/internal/employee/services/employee_service.go:252.28,254.3 1 0
github.com/jaas/jaas/internal/employee/services/employee_service.go:255.2,255.23 1 0
github.com/jaas/jaas/internal/employee/services/employee_service.go:255.23,257.3 1 0
github.com/jaas/jaas/internal/employee/services/employee_service.go:258.2,258.28 1 0
github.com/jaas/jaas/internal/employee/services/employee_service.go:258.28,260.3 1 0
github.com/jaas/jaas/internal/employee/services/employee_service.go:261.2,261.30 1 0
github.com/jaas/jaas/internal/employee/services/employee_service.go:261.30,263.3 1 0
github.com/jaas/jaas/internal/employee/services/employee_service.go:264.2,264.27 1 0
github.com/jaas/jaas/internal/employee/services/employee_service.go:264.27,266.3 1 0
github.com/jaas/jaas/internal/employee/services/employee_service.go:267.2,267.26 1 0
github.com/jaas/jaas/internal/employee/services/employee_service.go:267.26,269.3 1 0
github.com/jaas/jaas/internal/employee/services/employee_service.go:271.2,271.64 1 0
github.com/jaas/jaas/internal/employee/services/employee_service.go:271.64,273.3 1 0
github.com/jaas/jaas/internal/employee/services/employee_service.go:275.2,275.41 1 0
github.com/jaas/jaas/internal/employee/services/employee_service.go:278.159,280.16 2 0
github.com/jaas/jaas/internal/employee/services/employee_service.go:280.16,282.3 1 0
github.com/jaas/jaas/internal/employee/services/employee_service.go:283.2,283.20 1 0
github.com/jaas/jaas/internal/employee/services/employee_service.go:283.20,285.3 1 0
github.com/jaas/jaas/internal/employee/services/employee_service.go:287.2,287.28 1 0
github.com/jaas/jaas/internal/employee/services/employee_service.go:287.28,292.3 2 0
github.com/jaas/jaas/internal/employee/services/employee_service.go:294.2,294.30 1 0
github.com/jaas/jaas/internal/employee/services/employee_service.go:294.30,296.3 1 0
github.com/jaas/jaas/internal/employee/services/employee_service.go:297.2,297.31 1 0
github.com/jaas/jaas/internal/employee/services/employee_service.go:297.31,299.3 1 0
github.com/jaas/jaas/internal/employee/services/employee_service.go:300.2,300.33 1 0
github.com/jaas/jaas/internal/employee/services/employee_service.go:300.33,302.3 1 0
github.com/jaas/jaas/internal/employee/services/employee_service.go:303.2,303.34 1 0
github.com/jaas/jaas/internal/employee/services/employee_service.go:303.34,304.86 1 0
github.com/jaas/jaas/internal/employee/services/employee_service.go:304.86,306.4 1 0
github.com/jaas/jaas/internal/employee/services/employee_service.go:307.3,308.15 2 0
github.com/jaas/jaas/internal/employee/services/employee_service.go:308.15,310.4 1 0
github.com/jaas/jaas/internal/employee/services/employee_service.go:311.3,311.41 1 0
github.com/jaas/jaas/internal/employee/services/employee_service.go:314.2,314.79 1 0
github.com/jaas/jaas/internal/employee/services/employee_service.go:314.79,316.3 1 0
github.com/jaas/jaas/internal/employee/services/employee_service.go:318.2,318.41 1 0
github.com/jaas/jaas/internal/employee/services/employee_service.go:321.153,322.62 1 0
github.com/jaas/jaas/internal/employee/services/employee_service.go:322.62,324.3 1 0
github.com/jaas/jaas/internal/employee/services/employee_service.go:326.2,327.16 2 0
github.com/jaas/jaas/internal/employee/services/employee_service.go:327.16,329.3 1 0
github.com/jaas/jaas/internal/employee/services/employee_service.go:330.2,330.20 1 0
github.com/jaas/jaas/internal/employee/services/employee_service.go:330.20,332.3 1 0
github.com/jaas/jaas/internal/employee/services/employee_service.go:334.2,336.28 3 0
github.com/jaas/jaas/internal/employee/services/employee_service.go:336.28,338.3 1 0
github.com/jaas/jaas/internal/employee/services/employee_service.go:340.2,340.76 1 0
github.com/jaas/jaas/internal/employee/services/employee_service.go:340.76,342.3 1 0
github.com/jaas/jaas/internal/employee/services/employee_service.go:344.2,349.17 5 0
github.com/jaas/jaas/internal/employee/services/employee_service.go:349.17,350.67 1 0
github.com/jaas/jaas/internal/employee/services/employee_service.go:350.67,352.57 2 0
github.com/jaas/jaas/internal/employee/services/employee_service.go:352.57,354.5 1 0
github.com/jaas/jaas/internal/employee/services/employee_service.go:355.4,355.39 1 0
github.com/jaas/jaas/internal/employee/services/employee_service.go:355.39,356.91 1 0
github.com/jaas/jaas/internal/employee/services/employee_service.go:356.91,358.6 1 0
github.com/jaas/jaas/internal/employee/services/employee_service.go:362.4,362.38 1 0
github.com/jaas/jaas/internal/employee/services/employee_service.go:362.38,363.99 1 0
github.com/jaas/jaas/internal/employee/services/employee_service.go:363.99,365.64 2 0
github.com/jaas/jaas/internal/employee/services/employee_service.go:365.64,367.7 1 0
github.com/jaas/jaas/internal/employee/services/employee_service.go:372.4,380.36 3 0
github.com/jaas/jaas/internal/employee/services/employee_service.go:382.3,382.17 1 0
github.com/jaas/jaas/internal/employee/services/employee_service.go:382.17,384.4 1 0
github.com/jaas/jaas/internal/employee/services/employee_service.go:385.8,387.3 1 0
github.com/jaas/jaas/internal/employee/services/employee_service.go:389.2,389.24 1 0
github.com/jaas/jaas/internal/employee/services/employee_service.go:389.24,397.3 2 0
github.com/jaas/jaas/internal/employee/services/employee_service.go:399.2,399.41 1 0
github.com/jaas/jaas/internal/employee/services/employee_service.go:402.89,404.16 2 0
github.com/jaas/jaas/internal/employee/services/employee_service.go:404.16,406.3 1 0
github.com/jaas/jaas/internal/employee/services/employee_service.go:407.2,407.20 1 0
github.com/jaas/jaas/internal/employee/services/employee_service.go:407.20,409.3 1 0
github.com/jaas/jaas/internal/employee/services/employee_service.go:410.2,411.48 2 0
github.com/jaas/jaas/internal/employee/services/employee_service.go:414.74,415.14 1 0
github.com/jaas/jaas/internal/employee/services/employee_service.go:415.14,417.3 1 0
github.com/jaas/jaas/internal/employee/services/employee_service.go:418.2,436.31 2 0
github.com/jaas/jaas/internal/employee/services/employee_service.go:436.31,447.3 1 0
github.com/jaas/jaas/internal/employee/services/employee_service.go:449.2,449.22 1 0
github.com/jaas/jaas/internal/employee/services/employee_service.go:449.22,458.3 1 0
github.com/jaas/jaas/internal/employee/services/employee_service.go:460.2,460.12 1 0
github.com/jaas/jaas/internal/employee/services/employee_service.go:466.137,469.14 3 0
github.com/jaas/jaas/internal/employee/services/employee_service.go:469.14,470.17 1 0
github.com/jaas/jaas/internal/employee/services/employee_service.go:470.17,472.4 1 0
github.com/jaas/jaas/internal/employee/services/employee_service.go:473.3,473.19 1 0
github.com/jaas/jaas/internal/employee/services/employee_service.go:475.2,475.33 1 0
github.com/jaas/jaas/internal/employee/services/employee_service.go:475.33,477.3 1 0
github.com/jaas/jaas/internal/employee/services/employee_service.go:478.2,478.32 1 0
github.com/jaas/jaas/internal/employee/services/employee_service.go:478.32,480.3 1 0
github.com/jaas/jaas/internal/employee/services/employee_service.go:481.2,481.25 1 0
github.com/jaas/jaas/internal/employee/services/employee_service.go:481.25,483.3 1 0
github.com/jaas/jaas/internal/employee/services/employee_service.go:484.2,484.26 1 0
github.com/jaas/jaas/internal/employee/services/employee_service.go:484.26,486.3 1 0
github.com/jaas/jaas/internal/employee/services/employee_service.go:487.2,487.55 1 0
github.com/jaas/jaas/internal/employee/services/employee_service.go:487.55,488.32 1 0
github.com/jaas/jaas/internal/employee/services/employee_service.go:488.32,490.4 1 0
github.com/jaas/jaas/internal/employee/services/employee_service.go:491.3,491.26 1 0
github.com/jaas/jaas/internal/employee/services/employee_service.go:493.2,493.54 1 0
github.com/jaas/jaas/internal/employee/services/employee_service.go:493.54,494.31 1 0
github.com/jaas/jaas/internal/employee/services/employee_service.go:494.31,496.4 1 0
github.com/jaas/jaas/internal/employee/services/employee_service.go:497.3,497.24 1 0
github.com/jaas/jaas/internal/employee/services/employee_service.go:497.24,500.4 2 0
github.com/jaas/jaas/internal/employee/services/employee_service.go:502.2,502.16 1 0
github.com/jaas/jaas/internal/employee/services/employee_service.go:502.16,503.24 1 0
github.com/jaas/jaas/internal/employee/services/employee_service.go:503.24,505.4 1 0
github.com/jaas/jaas/internal/employee/services/employee_service.go:506.3,506.24 1 0
github.com/jaas/jaas/internal/employee/services/employee_service.go:508.2,508.18 1 0
github.com/jaas/jaas/internal/employee/services/event_consumer.go:21.85,26.2 1 0
github.com/jaas/jaas/internal/employee/services/event_consumer.go:28.102,30.34 2 0
github.com/jaas/jaas/internal/employee/services/event_consumer.go:30.34,31.22 1 0
github.com/jaas/jaas/internal/employee/services/event_consumer.go:31.22,33.4 1 0
github.com/jaas/jaas/internal/employee/services/event_consumer.go:34.3,34.13 1 0
github.com/jaas/jaas/internal/employee/services/event_consumer.go:39.2,39.24 1 0
github.com/jaas/jaas/internal/employee/services/event_consumer.go:40.44,41.13 1 0
github.com/jaas/jaas/internal/employee/services/event_consumer.go:44.2,51.12 3 0
github.com/jaas/jaas/internal/employee/services/statutory_service.go:26.28,31.2 1 0
github.com/jaas/jaas/internal/employee/services/statutory_service.go:33.151,35.16 2 0
github.com/jaas/jaas/internal/employee/services/statutory_service.go:35.16,37.3 1 0
github.com/jaas/jaas/internal/employee/services/statutory_service.go:38.2,38.17 1 0
github.com/jaas/jaas/internal/employee/services/statutory_service.go:38.17,40.3 1 0
github.com/jaas/jaas/internal/employee/services/statutory_service.go:42.2,49.15 2 0
github.com/jaas/jaas/internal/employee/services/statutory_service.go:49.15,53.3 3 0
github.com/jaas/jaas/internal/employee/services/statutory_service.go:53.8,57.3 3 0
github.com/jaas/jaas/internal/employee/services/statutory_service.go:59.2,59.17 1 0
github.com/jaas/jaas/internal/employee/services/statutory_service.go:62.159,65.16 2 0
github.com/jaas/jaas/internal/employee/services/statutory_service.go:65.16,67.3 1 0
github.com/jaas/jaas/internal/employee/services/statutory_service.go:68.2,68.20 1 0
github.com/jaas/jaas/internal/employee/services/statutory_service.go:68.20,70.3 1 0
github.com/jaas/jaas/internal/employee/services/statutory_service.go:72.2,82.63 3 0
github.com/jaas/jaas/internal/employee/services/statutory_service.go:82.63,84.3 1 0
github.com/jaas/jaas/internal/employee/services/statutory_service.go:86.2,94.8 1 0
github.com/jaas/jaas/internal/employee/services/statutory_service.go:97.34,98.17 1 0
github.com/jaas/jaas/internal/employee/services/statutory_service.go:98.17,100.3 1 0
github.com/jaas/jaas/internal/employee/services/statutory_service.go:101.2,101.30 1 0
github.com/jaas/jaas/internal/employee/services/timeline_service.go:25.27,30.2 1 0
github.com/jaas/jaas/internal/employee/services/timeline_service.go:32.124,34.16 2 0
github.com/jaas/jaas/internal/employee/services/timeline_service.go:34.16,36.3 1 0
github.com/jaas/jaas/internal/employee/services/timeline_service.go:37.2,37.20 1 0
github.com/jaas/jaas/internal/employee/services/timeline_service.go:37.20,39.3 1 0
github.com/jaas/jaas/internal/employee/services/timeline_service.go:41.2,42.16 2 0
github.com/jaas/jaas/internal/employee/services/timeline_service.go:42.16,44.3 1 0
github.com/jaas/jaas/internal/employee/services/timeline_service.go:46.2,47.27 2 0
github.com/jaas/jaas/internal/employee/services/timeline_service.go:47.27,49.3 1 0
github.com/jaas/jaas/internal/employee/services/timeline_service.go:50.2,50.17 1 0
github.com/jaas/jaas/internal/employee/services/timeline_service.go:53.75,54.14 1 0
github.com/jaas/jaas/internal/employee/services/timeline_service.go:54.14,56.3 1 0
github.com/jaas/jaas/internal/employee/services/timeline_service.go:57.2,65.3 1 0
github.com/jaas/jaas/internal/organization/services/department_service.go:41.21,43.2 1 0
github.com/jaas/jaas/internal/organization/services/department_service.go:45.191,47.16 2 0
github.com/jaas/jaas/internal/organization/services/department_service.go:47.16,49.3 1 0
github.com/jaas/jaas/internal/organization/services/department_service.go:50.2,50.21 1 0
github.com/jaas/jaas/internal/organization/services/department_service.go:50.21,52.3 1 0
github.com/jaas/jaas/internal/organization/services/department_service.go:54.2,55.16 2 0
github.com/jaas/jaas/internal/organization/services/department_service.go:55.16,57.3 1 0
github.com/jaas/jaas/internal/organization/services/department_service.go:58.2,58.21 1 0
github.com/jaas/jaas/internal/organization/services/department_service.go:58.21,60.17 2 0
github.com/jaas/jaas/internal/organization/services/department_service.go:60.17,62.4 1 0
github.com/jaas/jaas/internal/organization/services/department_service.go:63.3,63.20 1 0
github.com/jaas/jaas/internal/organization/services/department_service.go:63.20,65.4 1 0
github.com/jaas/jaas/internal/organization/services/department_service.go:66.3,66.84 1 0
github.com/jaas/jaas/internal/organization/services/department_service.go:66.84,68.4 1 0
github.com/jaas/jaas/internal/organization/services/department_service.go:71.2,79.57 3 0
github.com/jaas/jaas/internal/organization/services/department_service.go:79.57,81.3 1 0
github.com/jaas/jaas/internal/organization/services/department_service.go:83.2,88.63 3 0
github.com/jaas/jaas/internal/organization/services/department_service.go:91.134,93.16 2 0
github.com/jaas/jaas/internal/organization/services/department_service.go:93.16,95.3 1 0
github.com/jaas/jaas/internal/organization/services/department_service.go:96.2,96.17 1 0
github.com/jaas/jaas/internal/organization/services/department_service.go:96.17,98.3 1 0
github.com/jaas/jaas/internal/organization/services/department_service.go:99.2,99.63 1 0
github.com/jaas/jaas/internal/organization/services/department_service.go:102.155,104.16 2 0
github.com/jaas/jaas/internal/organization/services/department_service.go:104.16,106.3 1 0
github.com/jaas/jaas/internal/organization/services/department_service.go:107.2,108.23 2 0
github.com/jaas/jaas/internal/organization/services/department_service.go:108.23,110.17 2 0
github.com/jaas/jaas/internal/organization/services/department_service.go:110.17,112.4 1 0
github.com/jaas/jaas/internal/organization/services/department_service.go:113.3,113.17 1 0
github.com/jaas/jaas/internal/organization/services/department_service.go:115.2,115.104 1 0
github.com/jaas/jaas/internal/organization/services/department_service.go:118.170,120.16 2 0
github.com/jaas/jaas/internal/organization/services/department_service.go:120.16,122.3 1 0
github.com/jaas/jaas/internal/organization/services/department_service.go:123.2,123.17 1 0
github.com/jaas/jaas/internal/organization/services/department_service.go:123.17,125.3 1 0
github.com/jaas/jaas/internal/organization/services/department_service.go:127.2,127.66 1 0
github.com/jaas/jaas/internal/organization/services/department_service.go:127.66,129.17 2 0
github.com/jaas/jaas/internal/organization/services/department_service.go:129.17,131.4 1 0
github.com/jaas/jaas/internal/organization/services/department_service.go:132.3,132.48 1 0
github.com/jaas/jaas/internal/organization/services/department_service.go:132.48,134.4 1 0
github.com/jaas/jaas/internal/organization/services/department_service.go:135.3,135.43 1 0
github.com/jaas/jaas/internal/organization/services/department_service.go:137.2,137.28 1 0
github.com/jaas/jaas/internal/organization/services/department_service.go:137.28,139.3 1 0
github.com/jaas/jaas/internal/organization/services/department_service.go:140.2,140.35 1 0
github.com/jaas/jaas/internal/organization/services/department_service.go:140.35,142.17 2 0
github.com/jaas/jaas/internal/organization/services/department_service.go:142.17,144.4 1 0
github.com/jaas/jaas/internal/organization/services/department_service.go:145.3,145.46 1 0
github.com/jaas/jaas/internal/organization/services/department_service.go:145.46,147.4 1 0
github.com/jaas/jaas/internal/organization/services/department_service.go:148.3,148.22 1 0
github.com/jaas/jaas/internal/organization/services/department_service.go:148.22,150.18 2 0
github.com/jaas/jaas/internal/organization/services/department_service.go:150.18,152.5 1 0
github.com/jaas/jaas/internal/organization/services/department_service.go:153.4,153.21 1 0
github.com/jaas/jaas/internal/organization/services/department_service.go:153.21,155.5 1 0
github.com/jaas/jaas/internal/organization/services/department_service.go:158.4,158.84 1 0
github.com/jaas/jaas/internal/organization/services/department_service.go:158.84,160.5 1 0
github.com/jaas/jaas/internal/organization/services/department_service.go:162.3,162.37 1 0
github.com/jaas/jaas/internal/organization/services/department_service.go:165.2,165.57 1 0
github.com/jaas/jaas/internal/organization/services/department_service.go:165.57,167.3 1 0
github.com/jaas/jaas/internal/organization/services/department_service.go:168.2,169.63 2 0
github.com/jaas/jaas/internal/organization/services/department_service.go:173.139,174.84 1 0
github.com/jaas/jaas/internal/organization/services/department_service.go:174.84,176.3 1 0
github.com/jaas/jaas/internal/organization/services/department_service.go:177.2,178.17 2 0
github.com/jaas/jaas/internal/organization/services/department_service.go:178.17,179.23 1 0
github.com/jaas/jaas/internal/organization/services/department_service.go:179.23,181.4 1 0
github.com/jaas/jaas/internal/organization/services/department_service.go:182.3,183.34 2 0
github.com/jaas/jaas/internal/organization/services/department_service.go:183.34,185.4 1 0
github.com/jaas/jaas/internal/organization/services/department_service.go:186.3,186.34 1 0
github.com/jaas/jaas/internal/organization/services/department_service.go:188.2,188.12 1 0
github.com/jaas/jaas/internal/organization/services/department_service.go:191.169,193.16 2 0
github.com/jaas/jaas/internal/organization/services/department_service.go:193.16,195.3 1 0
github.com/jaas/jaas/internal/organization/services/department_service.go:196.2,196.17 1 0
github.com/jaas/jaas/internal/organization/services/department_service.go:196.17,198.3 1 0
github.com/jaas/jaas/internal/organization/services/department_service.go:199.2,199.31 1 0
github.com/jaas/jaas/internal/organization/services/department_service.go:199.31,201.3 1 0
github.com/jaas/jaas/internal/organization/services/department_service.go:203.2,204.16 2 0
github.com/jaas/jaas/internal/organization/services/department_service.go:204.16,206.3 1 0
github.com/jaas/jaas/internal/organization/services/department_service.go:207.2,208.16 2 0
github.com/jaas/jaas/internal/organization/services/department_service.go:208.16,210.3 1 0
github.com/jaas/jaas/internal/organization/services/department_service.go:211.2,211.47 1 0
github.com/jaas/jaas/internal/organization/services/department_service.go:211.47,213.3 1 0
github.com/jaas/jaas/internal/organization/services/department_service.go:214.2,214.11 1 0
github.com/jaas/jaas/internal/organization/services/department_service.go:214.11,216.17 2 0
github.com/jaas/jaas/internal/organization/services/department_service.go:216.17,218.4 1 0
github.com/jaas/jaas/internal/organization/services/department_service.go:219.3,219.27 1 0
github.com/jaas/jaas/internal/organization/services/department_service.go:219.27,220.38 1 0
github.com/jaas/jaas/internal/organization/services/department_service.go:220.38,222.68 2 0
github.com/jaas/jaas/internal/organization/services/department_service.go:222.68,224.6 1 0
github.com/jaas/jaas/internal/organization/services/department_service.go:229.2,230.57 2 0
github.com/jaas/jaas/internal/organization/services/department_service.go:230.57,232.3 1 0
github.com/jaas/jaas/internal/organization/services/department_service.go:233.2,234.63 2 0
github.com/jaas/jaas/internal/organization/services/designation_service.go:33.183,35.2 1 0
github.com/jaas/jaas/internal/organization/services/designation_service.go:37.69,43.2 1 0
github.com/jaas/jaas/internal/organization/services/designation_service.go:45.195,47.16 2 0
github.com/jaas/jaas/internal/organization/services/designation_service.go:47.16,49.3 1 0
github.com/jaas/jaas/internal/organization/services/designation_service.go:50.2,50.21 1 0
github.com/jaas/jaas/internal/organization/services/designation_service.go:50.21,52.3 1 0
github.com/jaas/jaas/internal/organization/services/designation_service.go:53.2,58.50 3 0
github.com/jaas/jaas/internal/organization/services/designation_service.go:58.50,60.3 1 0
github.com/jaas/jaas/internal/organization/services/designation_service.go:61.2,62.31 2 0
github.com/jaas/jaas/internal/organization/services/designation_service.go:65.137,67.16 2 0
github.com/jaas/jaas/internal/organization/services/designation_service.go:67.16,69.3 1 0
github.com/jaas/jaas/internal/organization/services/designation_service.go:70.2,70.14 1 0
github.com/jaas/jaas/internal/organization/services/designation_service.go:70.14,72.3 1 0
github.com/jaas/jaas/internal/organization/services/designation_service.go:73.2,73.31 1 0
github.com/jaas/jaas/internal/organization/services/designation_service.go:76.158,78.16 2 0
github.com/jaas/jaas/internal/organization/services/designation_service.go:78.16,80.3 1 0
github.com/jaas/jaas/internal/organization/services/designation_service.go:81.2,82.21 2 0
github.com/jaas/jaas/internal/organization/services/designation_service.go:82.21,84.3 1 0
github.com/jaas/jaas/internal/organization/services/designation_service.go:85.2,85.105 1 0
github.com/jaas/jaas/internal/organization/services/designation_service.go:88.174,90.16 2 0
github.com/jaas/jaas/internal/organization/services/designation_service.go:90.16,92.3 1 0
github.com/jaas/jaas/internal/organization/services/designation_service.go:93.2,93.14 1 0
github.com/jaas/jaas/internal/organization/services/designation_service.go:93.14,95.3 1 0
github.com/jaas/jaas/internal/organization/services/designation_service.go:96.2,96.66 1 0
github.com/jaas/jaas/internal/organization/services/designation_service.go:96.66,98.17 2 0
github.com/jaas/jaas/internal/organization/services/designation_service.go:98.17,100.4 1 0
github.com/jaas/jaas/internal/organization/services/designation_service.go:101.3,101.45 1 0
github.com/jaas/jaas/internal/organization/services/designation_service.go:101.45,103.4 1 0
github.com/jaas/jaas/internal/organization/services/designation_service.go:104.3,104.42 1 0
github.com/jaas/jaas/internal/organization/services/designation_service.go:106.2,106.22 1 0
github.com/jaas/jaas/internal/organization/services/designation_service.go:106.22,108.3 1 0
github.com/jaas/jaas/internal/organization/services/designation_service.go:109.2,109.28 1 0
github.com/jaas/jaas/internal/organization/services/designation_service.go:109.28,111.3 1 0
github.com/jaas/jaas/internal/organization/services/designation_service.go:112.2,112.50 1 0
github.com/jaas/jaas/internal/organization/services/designation_service.go:112.50,114.3 1 0
github.com/jaas/jaas/internal/organization/services/designation_service.go:115.2,116.31 2 0
github.com/jaas/jaas/internal/organization/services/designation_service.go:119.160,121.16 2 0
github.com/jaas/jaas/internal/organization/services/designation_service.go:121.16,123.3 1 0
github.com/jaas/jaas/internal/organization/services/designation_service.go:124.2,124.14 1 0
github.com/jaas/jaas/internal/organization/services/designation_service.go:124.14,126.3 1 0
github.com/jaas/jaas/internal/organization/services/designation_service.go:127.2,127.28 1 0
github.com/jaas/jaas/internal/organization/services/designation_service.go:127.28,129.3 1 0
github.com/jaas/jaas/internal/organization/services/designation_service.go:131.2,132.16 2 0
github.com/jaas/jaas/internal/organization/services/designation_service.go:132.16,134.3 1 0
github.com/jaas/jaas/internal/organization/services/designation_service.go:135.2,135.18 1 0
github.com/jaas/jaas/internal/organization/services/designation_service.go:135.18,137.3 1 0
github.com/jaas/jaas/internal/organization/services/designation_service.go:138.2,139.50 2 0
github.com/jaas/jaas/internal/organization/services/designation_service.go:139.50,141.3 1 0
github.com/jaas/jaas/internal/organization/services/designation_service.go:142.2,143.31 2 0
github.com/jaas/jaas/internal/organization/services/event_consumer.go:25.64,27.2 1 0
github.com/jaas/jaas/internal/organization/services/event_consumer.go:29.154,30.20 1 0
github.com/jaas/jaas/internal/organization/services/event_consumer.go:31.38,34.53 2 0
github.com/jaas/jaas/internal/organization/services/event_consumer.go:34.53,36.4 1 0
github.com/jaas/jaas/internal/organization/services/event_consumer.go:37.3,37.91 1 0
github.com/jaas/jaas/internal/organization/services/event_consumer.go:38.96,41.13 1 0
github.com/jaas/jaas/internal/organization/services/event_consumer.go:42.10,43.68 1 0
github.com/jaas/jaas/internal/organization/services/helpers.go:30.47,31.26 1 0
github.com/jaas/jaas/internal/organization/services/helpers.go:31.26,33.3 1 0
github.com/jaas/jaas/internal/organization/services/helpers.go:34.2,35.16 2 0
github.com/jaas/jaas/internal/organization/services/helpers.go:35.16,37.3 1 0
github.com/jaas/jaas/internal/organization/services/helpers.go:38.2,38.17 1 0
github.com/jaas/jaas/internal/organization/services/helpers.go:42.42,43.15 1 0
github.com/jaas/jaas/internal/organization/services/helpers.go:43.15,45.3 1 0
github.com/jaas/jaas/internal/organization/services/helpers.go:46.2,47.11 2 0
github.com/jaas/jaas/internal/organization/services/helpers.go:51.152,55.17 4 0
github.com/jaas/jaas/internal/organization/services/helpers.go:55.17,56.17 1 0
github.com/jaas/jaas/internal/organization/services/helpers.go:56.17,58.4 1 0
github.com/jaas/jaas/internal/organization/services/helpers.go:59.3,61.43 3 0
github.com/jaas/jaas/internal/organization/services/helpers.go:61.43,63.4 1 0
github.com/jaas/jaas/internal/organization/services/helpers.go:64.3,65.34 2 0
github.com/jaas/jaas/internal/organization/services/helpers.go:65.34,67.4 1 0
github.com/jaas/jaas/internal/organization/services/helpers.go:68.3,68.34 1 0
github.com/jaas/jaas/internal/organization/services/helpers.go:70.2,70.12 1 0
github.com/jaas/jaas/internal/organization/services/helpers.go:74.162,79.36 5 0
github.com/jaas/jaas/internal/organization/services/helpers.go:79.36,80.36 1 0
github.com/jaas/jaas/internal/organization/services/helpers.go:80.36,81.9 1 0
github.com/jaas/jaas/internal/organization/services/helpers.go:83.3,87.34 5 0
github.com/jaas/jaas/internal/organization/services/helpers.go:87.34,89.4 1 0
github.com/jaas/jaas/internal/organization/services/helpers.go:90.3,90.15 1 0
github.com/jaas/jaas/internal/organization/services/helpers.go:92.2,92.25 1 0
github.com/jaas/jaas/internal/organization/services/helpers.go:95.177,97.16 2 0
github.com/jaas/jaas/internal/organization/services/helpers.go:97.16,99.3 1 0
github.com/jaas/jaas/internal/organization/services/helpers.go:100.2,112.8 1 0
github.com/jaas/jaas/internal/organization/services/helpers.go:118.123,119.78 1 0
github.com/jaas/jaas/internal/organization/services/helpers.go:119.78,121.3 1 0
github.com/jaas/jaas/internal/organization/services/helpers.go:122.2,122.15 1 0
github.com/jaas/jaas/internal/organization/services/helpers.go:122.15,124.3 1 0
github.com/jaas/jaas/internal/organization/services/helpers.go:125.2,126.16 2 0
github.com/jaas/jaas/internal/organization/services/helpers.go:126.16,128.3 1 0
github.com/jaas/jaas/internal/organization/services/helpers.go:129.2,135.4 1 0
github.com/jaas/jaas/internal/organization/services/mapping_service.go:45.18,47.2 1 0
github.com/jaas/jaas/internal/organization/services/mapping_service.go:49.57,57.2 1 0
github.com/jaas/jaas/internal/organization/services/mapping_service.go:60.104,62.16 2 0
github.com/jaas/jaas/internal/organization/services/mapping_service.go:62.16,64.3 1 0
github.com/jaas/jaas/internal/organization/services/mapping_service.go:65.2,65.38 1 0
github.com/jaas/jaas/internal/organization/services/mapping_service.go:65.38,67.3 1 0
github.com/jaas/jaas/internal/organization/services/mapping_service.go:68.2,68.12 1 0
github.com/jaas/jaas/internal/organization/services/mapping_service.go:72.159,73.19 1 0
github.com/jaas/jaas/internal/organization/services/mapping_service.go:73.19,75.17 2 0
github.com/jaas/jaas/internal/organization/services/mapping_service.go:75.17,77.4 1 0
github.com/jaas/jaas/internal/organization/services/mapping_service.go:78.3,78.18 1 0
github.com/jaas/jaas/internal/organization/services/mapping_service.go:78.18,80.4 1 0
github.com/jaas/jaas/internal/organization/services/mapping_service.go:82.2,83.19 2 0
github.com/jaas/jaas/internal/organization/services/mapping_service.go:83.19,85.17 2 0
github.com/jaas/jaas/internal/organization/services/mapping_service.go:85.17,87.4 1 0
github.com/jaas/jaas/internal/organization/services/mapping_service.go:88.3,88.15 1 0
github.com/jaas/jaas/internal/organization/services/mapping_service.go:88.15,90.4 1 0
github.com/jaas/jaas/internal/organization/services/mapping_service.go:91.3,91.11 1 0
github.com/jaas/jaas/internal/organization/services/mapping_service.go:93.2,93.20 1 0
github.com/jaas/jaas/internal/organization/services/mapping_service.go:93.20,95.17 2 0
github.com/jaas/jaas/internal/organization/services/mapping_service.go:95.17,97.4 1 0
github.com/jaas/jaas/internal/organization/services/mapping_service.go:98.3,98.15 1 0
github.com/jaas/jaas/internal/organization/services/mapping_service.go:98.15,100.4 1 0
github.com/jaas/jaas/internal/organization/services/mapping_service.go:102.2,102.66 1 0
github.com/jaas/jaas/internal/organization/services/mapping_service.go:102.66,104.3 1 0
github.com/jaas/jaas/internal/organization/services/mapping_service.go:105.2,105.22 1 0
github.com/jaas/jaas/internal/organization/services/mapping_service.go:105.22,106.25 1 0
github.com/jaas/jaas/internal/organization/services/mapping_service.go:106.25,108.4 1 0
github.com/jaas/jaas/internal/organization/services/mapping_service.go:109.3,109.68 1 0
github.com/jaas/jaas/internal/organization/services/mapping_service.go:109.68,111.4 1 0
github.com/jaas/jaas/internal/organization/services/mapping_service.go:112.3,112.85 1 0
github.com/jaas/jaas/internal/organization/services/mapping_service.go:112.85,114.4 1 0
github.com/jaas/jaas/internal/organization/services/mapping_service.go:116.2,116.12 1 0
github.com/jaas/jaas/internal/organization/services/mapping_service.go:120.122,123.26 3 0
github.com/jaas/jaas/internal/organization/services/mapping_service.go:123.26,124.16 1 0
github.com/jaas/jaas/internal/organization/services/mapping_service.go:124.16,126.4 1 0
github.com/jaas/jaas/internal/organization/services/mapping_service.go:127.3,129.67 3 0
github.com/jaas/jaas/internal/organization/services/mapping_service.go:129.67,131.4 1 0
github.com/jaas/jaas/internal/organization/services/mapping_service.go:132.3,132.31 1 0
github.com/jaas/jaas/internal/organization/services/mapping_service.go:134.2,134.128 1 0
github.com/jaas/jaas/internal/organization/services/mapping_service.go:137.179,139.16 2 0
github.com/jaas/jaas/internal/organization/services/mapping_service.go:139.16,141.3 1 0
github.com/jaas/jaas/internal/organization/services/mapping_service.go:142.2,142.63 1 0
github.com/jaas/jaas/internal/organization/services/mapping_service.go:142.63,144.3 1 0
github.com/jaas/jaas/internal/organization/services/mapping_service.go:145.2,146.16 2 0
github.com/jaas/jaas/internal/organization/services/mapping_service.go:146.16,148.3 1 0
github.com/jaas/jaas/internal/organization/services/mapping_service.go:149.2,150.16 2 0
github.com/jaas/jaas/internal/organization/services/mapping_service.go:150.16,152.3 1 0
github.com/jaas/jaas/internal/organization/services/mapping_service.go:153.2,154.16 2 0
github.com/jaas/jaas/internal/organization/services/mapping_service.go:154.16,156.3 1 0
github.com/jaas/jaas/internal/organization/services/mapping_service.go:157.2,158.16 2 0
github.com/jaas/jaas/internal/organization/services/mapping_service.go:158.16,160.3 1 0
github.com/jaas/jaas/internal/organization/services/mapping_service.go:161.2,161.54 1 0
github.com/jaas/jaas/internal/organization/services/mapping_service.go:161.54,163.3 1 0
github.com/jaas/jaas/internal/organization/services/mapping_service.go:164.2,164.99 1 0
github.com/jaas/jaas/internal/organization/services/mapping_service.go:164.99,166.3 1 0
github.com/jaas/jaas/internal/organization/services/mapping_service.go:167.2,167.19 1 0
github.com/jaas/jaas/internal/organization/services/mapping_service.go:167.19,169.17 2 0
github.com/jaas/jaas/internal/organization/services/mapping_service.go:169.17,171.4 1 0
github.com/jaas/jaas/internal/organization/services/mapping_service.go:172.3,172.22 1 0
github.com/jaas/jaas/internal/organization/services/mapping_service.go:172.22,174.4 1 0
github.com/jaas/jaas/internal/organization/services/mapping_service.go:177.2,182.57 3 0
github.com/jaas/jaas/internal/organization/services/mapping_service.go:182.57,184.3 1 0
github.com/jaas/jaas/internal/organization/services/mapping_service.go:186.2,190.27 3 0
github.com/jaas/jaas/internal/organization/services/mapping_service.go:193.125,195.16 2 0
github.com/jaas/jaas/internal/organization/services/mapping_service.go:195.16,197.3 1 0
github.com/jaas/jaas/internal/organization/services/mapping_service.go:198.2,198.14 1 0
github.com/jaas/jaas/internal/organization/services/mapping_service.go:198.14,200.3 1 0
github.com/jaas/jaas/internal/organization/services/mapping_service.go:201.2,201.27 1 0
github.com/jaas/jaas/internal/organization/services/mapping_service.go:204.158,206.16 2 0
github.com/jaas/jaas/internal/organization/services/mapping_service.go:206.16,208.3 1 0
github.com/jaas/jaas/internal/organization/services/mapping_service.go:209.2,210.21 2 0
github.com/jaas/jaas/internal/organization/services/mapping_service.go:210.21,212.3 1 0
github.com/jaas/jaas/internal/organization/services/mapping_service.go:213.2,213.101 1 0
github.com/jaas/jaas/internal/organization/services/mapping_service.go:216.158,218.16 2 0
github.com/jaas/jaas/internal/organization/services/mapping_service.go:218.16,220.3 1 0
github.com/jaas/jaas/internal/organization/services/mapping_service.go:221.2,221.14 1 0
github.com/jaas/jaas/internal/organization/services/mapping_service.go:221.14,223.3 1 0
github.com/jaas/jaas/internal/organization/services/mapping_service.go:225.2,229.29 5 0
github.com/jaas/jaas/internal/organization/services/mapping_service.go:229.29,231.17 2 0
github.com/jaas/jaas/internal/organization/services/mapping_service.go:231.17,233.4 1 0
github.com/jaas/jaas/internal/organization/services/mapping_service.go:235.2,235.23 1 0
github.com/jaas/jaas/internal/organization/services/mapping_service.go:235.23,237.17 2 0
github.com/jaas/jaas/internal/organization/services/mapping_service.go:237.17,239.4 1 0
github.com/jaas/jaas/internal/organization/services/mapping_service.go:241.2,241.30 1 0
github.com/jaas/jaas/internal/organization/services/mapping_service.go:241.30,243.17 2 0
github.com/jaas/jaas/internal/organization/services/mapping_service.go:243.17,245.4 1 0
github.com/jaas/jaas/internal/organization/services/mapping_service.go:247.2,247.30 1 0
github.com/jaas/jaas/internal/organization/services/mapping_service.go:247.30,249.17 2 0
github.com/jaas/jaas/internal/organization/services/mapping_service.go:249.17,251.4 1 0
github.com/jaas/jaas/internal/organization/services/mapping_service.go:253.2,253.101 1 0
github.com/jaas/jaas/internal/organization/services/mapping_service.go:253.101,255.3 1 0
github.com/jaas/jaas/internal/organization/services/mapping_service.go:256.2,256.60 1 0
github.com/jaas/jaas/internal/organization/services/mapping_service.go:256.60,258.17 2 0
github.com/jaas/jaas/internal/organization/services/mapping_service.go:258.17,260.4 1 0
github.com/jaas/jaas/internal/organization/services/mapping_service.go:261.3,261.45 1 0
github.com/jaas/jaas/internal/organization/services/mapping_service.go:261.45,263.66 2 0
github.com/jaas/jaas/internal/organization/services/mapping_service.go:263.66,265.5 1 0
github.com/jaas/jaas/internal/organization/services/mapping_service.go:267.3,267.21 1 0
github.com/jaas/jaas/internal/organization/services/mapping_service.go:268.8,268.33 1 0
github.com/jaas/jaas/internal/organization/services/mapping_service.go:268.33,270.3 1 0
github.com/jaas/jaas/internal/organization/services/mapping_service.go:271.2,273.57 2 0
github.com/jaas/jaas/internal/organization/services/mapping_service.go:273.57,275.3 1 0
github.com/jaas/jaas/internal/organization/services/mapping_service.go:276.2,277.27 2 0
github.com/jaas/jaas/internal/organization/services/mapping_service.go:280.166,282.16 2 0
github.com/jaas/jaas/internal/organization/services/mapping_service.go:282.16,284.3 1 0
github.com/jaas/jaas/internal/organization/services/mapping_service.go:285.2,285.14 1 0
github.com/jaas/jaas/internal/organization/services/mapping_service.go:285.14,287.3 1 0
github.com/jaas/jaas/internal/organization/services/mapping_service.go:288.2,288.28 1 0
github.com/jaas/jaas/internal/organization/services/mapping_service.go:288.28,290.3 1 0
github.com/jaas/jaas/internal/organization/services/mapping_service.go:291.2,293.57 3 0
github.com/jaas/jaas/internal/organization/services/mapping_service.go:293.57,295.3 1 0
github.com/jaas/jaas/internal/organization/services/mapping_service.go:296.2,297.27 2 0
github.com/jaas/jaas/internal/organization/services/mapping_service.go:301.142,303.16 2 0
github.com/jaas/jaas/internal/organization/services/mapping_service.go:303.16,305.3 1 0
github.com/jaas/jaas/internal/organization/services/mapping_service.go:306.2,306.21 1 0
github.com/jaas/jaas/internal/organization/services/mapping_service.go:306.21,307.32 1 0
github.com/jaas/jaas/internal/organization/services/mapping_service.go:307.32,309.65 2 0
github.com/jaas/jaas/internal/organization/services/mapping_service.go:309.65,311.5 1 0
github.com/jaas/jaas/internal/organization/services/mapping_service.go:314.2,315.16 2 0
github.com/jaas/jaas/internal/organization/services/mapping_service.go:315.16,317.3 1 0
github.com/jaas/jaas/internal/organization/services/mapping_service.go:318.2,318.25 1 0
github.com/jaas/jaas/internal/organization/services/mapping_service.go:318.25,320.68 2 0
github.com/jaas/jaas/internal/organization/services/mapping_service.go:320.68,322.4 1 0
github.com/jaas/jaas/internal/organization/services/mapping_service.go:324.2,325.12 2 0
github.com/jaas/jaas/internal/organization/services/org_chart_service.go:35.84,36.20 1 0
github.com/jaas/jaas/internal/organization/services/org_chart_service.go:36.20,38.3 1 0
github.com/jaas/jaas/internal/organization/services/org_chart_service.go:39.2,39.82 1 0
github.com/jaas/jaas/internal/organization/services/org_chart_service.go:57.19,59.2 1 0
github.com/jaas/jaas/internal/organization/services/org_chart_service.go:61.83,63.2 1 0
github.com/jaas/jaas/internal/organization/services/org_chart_service.go:65.157,66.36 1 0
github.com/jaas/jaas/internal/organization/services/org_chart_service.go:66.36,68.3 1 0
github.com/jaas/jaas/internal/organization/services/org_chart_service.go:69.2,70.20 2 0
github.com/jaas/jaas/internal/organization/services/org_chart_service.go:70.20,71.81 1 0
github.com/jaas/jaas/internal/organization/services/org_chart_service.go:71.81,73.51 2 0
github.com/jaas/jaas/internal/organization/services/org_chart_service.go:73.51,75.5 1 0
github.com/jaas/jaas/internal/organization/services/org_chart_service.go:79.2,80.16 2 0
github.com/jaas/jaas/internal/organization/services/org_chart_service.go:80.16,82.3 1 0
github.com/jaas/jaas/internal/organization/services/org_chart_service.go:83.2,84.23 2 0
github.com/jaas/jaas/internal/organization/services/org_chart_service.go:84.23,85.54 1 0
github.com/jaas/jaas/internal/organization/services/org_chart_service.go:85.54,86.12 1 0
github.com/jaas/jaas/internal/organization/services/org_chart_service.go:88.3,89.17 2 0
github.com/jaas/jaas/internal/organization/services/org_chart_service.go:89.17,91.4 1 0
github.com/jaas/jaas/internal/organization/services/org_chart_service.go:92.3,92.31 1 0
github.com/jaas/jaas/internal/organization/services/org_chart_service.go:94.2,95.20 2 0
github.com/jaas/jaas/internal/organization/services/org_chart_service.go:95.20,96.49 1 0
github.com/jaas/jaas/internal/organization/services/org_chart_service.go:96.49,98.4 1 0
github.com/jaas/jaas/internal/organization/services/org_chart_service.go:100.2,100.18 1 0
github.com/jaas/jaas/internal/organization/services/org_chart_service.go:103.186,105.16 2 0
github.com/jaas/jaas/internal/organization/services/org_chart_service.go:105.16,107.3 1 0
github.com/jaas/jaas/internal/organization/services/org_chart_service.go:108.2,109.16 2 0
github.com/jaas/jaas/internal/organization/services/org_chart_service.go:109.16,111.3 1 0
github.com/jaas/jaas/internal/organization/services/org_chart_service.go:112.2,113.23 2 0
github.com/jaas/jaas/internal/organization/services/org_chart_service.go:113.23,114.54 1 0
github.com/jaas/jaas/internal/organization/services/org_chart_service.go:114.54,115.12 1 0
github.com/jaas/jaas/internal/organization/services/org_chart_service.go:117.3,118.17 2 0
github.com/jaas/jaas/internal/organization/services/org_chart_service.go:118.17,120.4 1 0
github.com/jaas/jaas/internal/organization/services/org_chart_service.go:121.3,127.5 1 0
github.com/jaas/jaas/internal/organization/services/org_chart_service.go:129.2,133.25 2 0
github.com/jaas/jaas/internal/organization/services/org_chart_service.go:133.25,135.3 1 0
github.com/jaas/jaas/internal/organization/services/org_chart_service.go:136.2,137.16 2 0
github.com/jaas/jaas/internal/organization/services/org_chart_service.go:137.16,139.3 1 0
github.com/jaas/jaas/internal/organization/services/org_chart_service.go:140.2,140.26 1 0
github.com/jaas/jaas/internal/organization/services/org_chart_service.go:140.26,141.57 1 0
github.com/jaas/jaas/internal/organization/services/org_chart_service.go:141.57,142.12 1 0
github.com/jaas/jaas/internal/organization/services/org_chart_service.go:144.3,145.17 2 0
github.com/jaas/jaas/internal/organization/services/org_chart_service.go:145.17,147.4 1 0
github.com/jaas/jaas/internal/organization/services/org_chart_service.go:148.3,148.48 1 0
github.com/jaas/jaas/internal/organization/services/org_chart_service.go:150.2,150.18 1 0
github.com/jaas/jaas/internal/organization/services/org_chart_service.go:153.134,155.16 2 0
github.com/jaas/jaas/internal/organization/services/org_chart_service.go:155.16,157.3 1 0
github.com/jaas/jaas/internal/organization/services/org_chart_service.go:158.2,159.20 2 0
github.com/jaas/jaas/internal/organization/services/org_chart_service.go:159.20,161.3 1 0
github.com/jaas/jaas/internal/organization/services/org_chart_service.go:162.2,163.27 2 0
github.com/jaas/jaas/internal/organization/services/org_chart_service.go:163.27,165.17 2 0
github.com/jaas/jaas/internal/organization/services/org_chart_service.go:165.17,167.4 1 0
github.com/jaas/jaas/internal/organization/services/org_chart_service.go:168.3,168.18 1 0
github.com/jaas/jaas/internal/organization/services/org_chart_service.go:168.18,170.18 2 0
github.com/jaas/jaas/internal/organization/services/org_chart_service.go:170.18,172.5 1 0
github.com/jaas/jaas/internal/organization/services/org_chart_service.go:173.4,179.5 1 0
github.com/jaas/jaas/internal/organization/services/org_chart_service.go:182.2,182.33 1 0
github.com/jaas/jaas/internal/organization/services/org_chart_service.go:182.33,184.17 2 0
github.com/jaas/jaas/internal/organization/services/org_chart_service.go:184.17,186.4 1 0
github.com/jaas/jaas/internal/organization/services/org_chart_service.go:187.3,187.18 1 0
github.com/jaas/jaas/internal/organization/services/org_chart_service.go:187.18,189.18 2 0
github.com/jaas/jaas/internal/organization/services/org_chart_service.go:189.18,191.5 1 0
github.com/jaas/jaas/internal/organization/services/org_chart_service.go:192.4,200.19 4 0
github.com/jaas/jaas/internal/organization/services/org_chart_service.go:200.19,202.36 2 0
github.com/jaas/jaas/internal/organization/services/org_chart_service.go:202.36,204.6 1 0
github.com/jaas/jaas/internal/organization/services/org_chart_service.go:205.5,206.19 2 0
github.com/jaas/jaas/internal/organization/services/org_chart_service.go:206.19,208.6 1 0
github.com/jaas/jaas/internal/organization/services/org_chart_service.go:209.5,215.36 2 0
github.com/jaas/jaas/internal/organization/services/org_chart_service.go:219.2,220.16 2 0
github.com/jaas/jaas/internal/organization/services/org_chart_service.go:220.16,222.3 1 0
github.com/jaas/jaas/internal/organization/services/org_chart_service.go:223.2,223.25 1 0
github.com/jaas/jaas/internal/organization/services/org_chart_service.go:223.25,225.3 1 0
github.com/jaas/jaas/internal/organization/services/org_chart_service.go:226.2,226.31 1 0
github.com/jaas/jaas/internal/organization/services/org_chart_service.go:226.31,228.3 1 0
github.com/jaas/jaas/internal/organization/services/org_chart_service.go:229.2,229.18 1 0
github.com/jaas/jaas/internal/organization/services/team_service.go:43.15,45.2 1 0
github.com/jaas/jaas/internal/organization/services/team_service.go:47.123,48.36 1 0
github.com/jaas/jaas/internal/organization/services/team_service.go:48.36,50.3 1 0
github.com/jaas/jaas/internal/organization/services/team_service.go:51.2,52.16 2 0
github.com/jaas/jaas/internal/organization/services/team_service.go:52.16,54.3 1 0
github.com/jaas/jaas/internal/organization/services/team_service.go:55.2,56.16 2 0
github.com/jaas/jaas/internal/organization/services/team_service.go:56.16,58.3 1 0
github.com/jaas/jaas/internal/organization/services/team_service.go:59.2,59.38 1 0
github.com/jaas/jaas/internal/organization/services/team_service.go:59.38,61.3 1 0
github.com/jaas/jaas/internal/organization/services/team_service.go:62.2,62.17 1 0
github.com/jaas/jaas/internal/organization/services/team_service.go:65.131,67.16 2 0
github.com/jaas/jaas/internal/organization/services/team_service.go:67.16,69.3 1 0
github.com/jaas/jaas/internal/organization/services/team_service.go:70.2,75.8 1 0
github.com/jaas/jaas/internal/organization/services/team_service.go:78.167,80.16 2 0
github.com/jaas/jaas/internal/organization/services/team_service.go:80.16,82.3 1 0
github.com/jaas/jaas/internal/organization/services/team_service.go:83.2,84.16 2 0
github.com/jaas/jaas/internal/organization/services/team_service.go:84.16,86.3 1 0
github.com/jaas/jaas/internal/organization/services/team_service.go:87.2,87.17 1 0
github.com/jaas/jaas/internal/organization/services/team_service.go:87.17,89.3 1 0
github.com/jaas/jaas/internal/organization/services/team_service.go:90.2,91.16 2 0
github.com/jaas/jaas/internal/organization/services/team_service.go:91.16,93.3 1 0
github.com/jaas/jaas/internal/organization/services/team_service.go:94.2,94.21 1 0
github.com/jaas/jaas/internal/organization/services/team_service.go:94.21,96.3 1 0
github.com/jaas/jaas/internal/organization/services/team_service.go:97.2,98.16 2 0
github.com/jaas/jaas/internal/organization/services/team_service.go:98.16,100.3 1 0
github.com/jaas/jaas/internal/organization/services/team_service.go:102.2,107.57 3 0
github.com/jaas/jaas/internal/organization/services/team_service.go:107.57,109.3 1 0
github.com/jaas/jaas/internal/organization/services/team_service.go:111.2,115.46 3 0
github.com/jaas/jaas/internal/organization/services/team_service.go:118.116,120.16 2 0
github.com/jaas/jaas/internal/organization/services/team_service.go:120.16,122.3 1 0
github.com/jaas/jaas/internal/organization/services/team_service.go:123.2,123.17 1 0
github.com/jaas/jaas/internal/organization/services/team_service.go:123.17,125.3 1 0
github.com/jaas/jaas/internal/organization/services/team_service.go:126.2,126.46 1 0
github.com/jaas/jaas/internal/organization/services/team_service.go:129.162,131.16 2 0
github.com/jaas/jaas/internal/organization/services/team_service.go:131.16,133.3 1 0
github.com/jaas/jaas/internal/organization/services/team_service.go:134.2,135.23 2 0
github.com/jaas/jaas/internal/organization/services/team_service.go:135.23,137.17 2 0
github.com/jaas/jaas/internal/organization/services/team_service.go:137.17,139.4 1 0
github.com/jaas/jaas/internal/organization/services/team_service.go:140.3,140.17 1 0
github.com/jaas/jaas/internal/organization/services/team_service.go:142.2,142.98 1 0
github.com/jaas/jaas/internal/organization/services/team_service.go:145.146,147.16 2 0
github.com/jaas/jaas/internal/organization/services/team_service.go:147.16,149.3 1 0
github.com/jaas/jaas/internal/organization/services/team_service.go:150.2,150.17 1 0
github.com/jaas/jaas/internal/organization/services/team_service.go:150.17,152.3 1 0
github.com/jaas/jaas/internal/organization/services/team_service.go:154.2,155.28 2 0
github.com/jaas/jaas/internal/organization/services/team_service.go:155.28,157.3 1 0
github.com/jaas/jaas/internal/organization/services/team_service.go:158.2,158.29 1 0
github.com/jaas/jaas/internal/organization/services/team_service.go:158.29,160.17 2 0
github.com/jaas/jaas/internal/organization/services/team_service.go:160.17,162.4 1 0
github.com/jaas/jaas/internal/organization/services/team_service.go:163.3,164.17 2 0
github.com/jaas/jaas/internal/organization/services/team_service.go:164.17,166.4 1 0
github.com/jaas/jaas/internal/organization/services/team_service.go:167.3,167.18 1 0
github.com/jaas/jaas/internal/organization/services/team_service.go:167.18,169.4 1 0
github.com/jaas/jaas/internal/organization/services/team_service.go:170.3,170.29 1 0
github.com/jaas/jaas/internal/organization/services/team_service.go:172.2,172.21 1 0
github.com/jaas/jaas/internal/organization/services/team_service.go:172.21,174.24 2 0
github.com/jaas/jaas/internal/organization/services/team_service.go:174.24,177.18 2 0
github.com/jaas/jaas/internal/organization/services/team_service.go:177.18,179.5 1 0
github.com/jaas/jaas/internal/organization/services/team_service.go:180.4,180.49 1 0
github.com/jaas/jaas/internal/organization/services/team_service.go:180.49,182.5 1 0
github.com/jaas/jaas/internal/organization/services/team_service.go:183.4,183.20 1 0
github.com/jaas/jaas/internal/organization/services/team_service.go:186.2,186.27 1 0
github.com/jaas/jaas/internal/organization/services/team_service.go:186.27,188.17 2 0
github.com/jaas/jaas/internal/organization/services/team_service.go:188.17,190.4 1 0
github.com/jaas/jaas/internal/organization/services/team_service.go:191.3,191.27 1 0
github.com/jaas/jaas/internal/organization/services/team_service.go:194.2,194.57 1 0
github.com/jaas/jaas/internal/organization/services/team_service.go:194.57,196.3 1 0
github.com/jaas/jaas/internal/organization/services/team_service.go:197.2,199.46 2 0
github.com/jaas/jaas/internal/organization/services/team_service.go:202.139,204.16 2 0
github.com/jaas/jaas/internal/organization/services/team_service.go:204.16,206.3 1 0
github.com/jaas/jaas/internal/organization/services/team_service.go:207.2,207.17 1 0
github.com/jaas/jaas/internal/organization/services/team_service.go:207.17,209.3 1 0
github.com/jaas/jaas/internal/organization/services/team_service.go:210.2,210.31 1 0
github.com/jaas/jaas/internal/organization/services/team_service.go:210.31,212.3 1 0
github.com/jaas/jaas/internal/organization/services/team_service.go:213.2,214.16 2 0
github.com/jaas/jaas/internal/organization/services/team_service.go:214.16,216.3 1 0
github.com/jaas/jaas/internal/organization/services/team_service.go:217.2,217.15 1 0
github.com/jaas/jaas/internal/organization/services/team_service.go:217.15,219.3 1 0
github.com/jaas/jaas/internal/organization/services/team_service.go:220.2,221.57 2 0
github.com/jaas/jaas/internal/organization/services/team_service.go:221.57,223.3 1 0
github.com/jaas/jaas/internal/organization/services/team_service.go:224.2,225.46 2 0
github.com/jaas/jaas/internal/employee/services/document_service.go:32.27,38.2 1 0
github.com/jaas/jaas/internal/employee/services/document_service.go:40.156,42.16 2 0
github.com/jaas/jaas/internal/employee/services/document_service.go:42.16,44.3 1 0
github.com/jaas/jaas/internal/employee/services/document_service.go:45.2,45.20 1 0
github.com/jaas/jaas/internal/employee/services/document_service.go:45.20,47.3 1 0
github.com/jaas/jaas/internal/employee/services/document_service.go:49.2,59.56 3 0
github.com/jaas/jaas/internal/employee/services/document_service.go:59.56,61.3 1 0
github.com/jaas/jaas/internal/employee/services/document_service.go:63.2,63.37 1 0
github.com/jaas/jaas/internal/employee/services/document_service.go:66.124,68.16 2 0
github.com/jaas/jaas/internal/employee/services/document_service.go:68.16,70.3 1 0
github.com/jaas/jaas/internal/employee/services/document_service.go:72.2,73.22 2 0
github.com/jaas/jaas/internal/employee/services/document_service.go:73.22,75.3 1 0
github.com/jaas/jaas/internal/employee/services/document_service.go:76.2,76.17 1 0
github.com/jaas/jaas/internal/employee/services/document_service.go:79.144,81.16 2 0
github.com/jaas/jaas/internal/employee/services/document_service.go:81.16,83.3 1 0
github.com/jaas/jaas/internal/employee/services/document_service.go:85.2,85.54 1 0
github.com/jaas/jaas/internal/employee/services/document_service.go:85.54,87.3 1 0
github.com/jaas/jaas/internal/employee/services/document_service.go:89.2,93.56 4 0
github.com/jaas/jaas/internal/employee/services/document_service.go:93.56,95.3 1 0
github.com/jaas/jaas/internal/employee/services/document_service.go:97.2,97.24 1 0
github.com/jaas/jaas/internal/employee/services/document_service.go:97.24,100.3 2 0
github.com/jaas/jaas/internal/employee/services/document_service.go:102.2,102.37 1 0
github.com/jaas/jaas/internal/employee/services/document_service.go:105.75,106.14 1 0
github.com/jaas/jaas/internal/employee/services/document_service.go:106.14,108.3 1 0
github.com/jaas/jaas/internal/employee/services/document_service.go:109.2,120.3 1 0
github.com/jaas/jaas/internal/employee/services/employee_service.go:49.19,58.2 1 0
github.com/jaas/jaas/internal/employee/services/employee_service.go:60.145,61.74 1 0
github.com/jaas/jaas/internal/employee/services/employee_service.go:61.74,63.3 1 0
github.com/jaas/jaas/internal/employee/services/employee_service.go:64.2,64.78 1 0
github.com/jaas/jaas/internal/employee/services/employee_service.go:64.78,66.3 1 0
github.com/jaas/jaas/internal/employee/services/employee_service.go:69.2,69.22 1 0
github.com/jaas/jaas/internal/employee/services/employee_service.go:69.22,71.32 2 0
github.com/jaas/jaas/internal/employee/services/employee_service.go:71.32,73.4 1 0
github.com/jaas/jaas/internal/employee/services/employee_service.go:77.2,78.16 2 0
github.com/jaas/jaas/internal/employee/services/employee_service.go:78.16,80.3 1 0
github.com/jaas/jaas/internal/employee/services/employee_service.go:81.2,81.21 1 0
github.com/jaas/jaas/internal/employee/services/employee_service.go:81.21,83.3 1 0
github.com/jaas/jaas/internal/employee/services/employee_service.go:86.2,87.29 2 0
github.com/jaas/jaas/internal/employee/services/employee_service.go:87.29,89.3 1 0
github.com/jaas/jaas/internal/employee/services/employee_service.go:91.2,93.75 3 0
github.com/jaas/jaas/internal/employee/services/employee_service.go:93.75,95.3 1 0
github.com/jaas/jaas/internal/employee/services/employee_service.go:97.2,114.23 5 0
github.com/jaas/jaas/internal/employee/services/employee_service.go:114.23,116.3 1 0
github.com/jaas/jaas/internal/employee/services/employee_service.go:118.2,147.17 7 0
github.com/jaas/jaas/internal/employee/services/employee_service.go:147.17,148.67 1 0
github.com/jaas/jaas/internal/employee/services/employee_service.go:148.67,150.57 2 0
github.com/jaas/jaas/internal/employee/services/employee_service.go:150.57,152.5 1 0
github.com/jaas/jaas/internal/employee/services/employee_service.go:153.4,153.54 1 0
github.com/jaas/jaas/internal/employee/services/employee_service.go:153.54,155.5 1 0
github.com/jaas/jaas/internal/employee/services/employee_service.go:156.4,156.51 1 0
github.com/jaas/jaas/internal/employee/services/employee_service.go:156.51,158.5 1 0
github.com/jaas/jaas/internal/employee/services/employee_service.go:159.4,159.52 1 0
github.com/jaas/jaas/internal/employee/services/employee_service.go:159.52,161.5 1 0
github.com/jaas/jaas/internal/employee/services/employee_service.go:164.4,178.34 4 0
github.com/jaas/jaas/internal/employee/services/employee_service.go:180.3,180.17 1 0
github.com/jaas/jaas/internal/employee/services/employee_service.go:180.17,182.4 1 0
github.com/jaas/jaas/internal/employee/services/employee_service.go:183.8,186.28 2 0
github.com/jaas/jaas/internal/employee/services/employee_service.go:186.28,188.4 1 0
github.com/jaas/jaas/internal/employee/services/employee_service.go:191.2,194.24 3 0
github.com/jaas/jaas/internal/employee/services/employee_service.go:194.24,197.3 2 0
github.com/jaas/jaas/internal/employee/services/employee_service.go:199.2,199.41 1 0
github.com/jaas/jaas/internal/employee/services/employee_service.go:202.111,204.16 2 0
github.com/jaas/jaas/internal/employee/services/employee_service.go:204.16,206.3 1 0
github.com/jaas/jaas/internal/employee/services/employee_service.go:207.2,207.20 1 0
github.com/jaas/jaas/internal/employee/services/employee_service.go:207.20,209.3 1 0
github.com/jaas/jaas/internal/employee/services/employee_service.go:210.2,210.41 1 0
github.com/jaas/jaas/internal/employee/services/employee_service.go:213.119,215.16 2 0
github.com/jaas/jaas/internal/employee/services/employee_service.go:215.16,217.3 1 0
github.com/jaas/jaas/internal/employee/services/employee_service.go:218.2,218.20 1 0
github.com/jaas/jaas/internal/employee/services/employee_service.go:218.20,220.3 1 0
github.com/jaas/jaas/internal/employee/services/employee_service.go:221.2,221.41 1 0
github.com/jaas/jaas/internal/employee/services/employee_service.go:224.139,226.16 2 0
github.com/jaas/jaas/internal/employee/services/employee_service.go:226.16,228.3 1 0
github.com/jaas/jaas/internal/employee/services/employee_service.go:230.2,231.26 2 0
github.com/jaas/jaas/internal/employee/services/employee_service.go:231.26,233.3 1 0
github.com/jaas/jaas/internal/employee/services/employee_service.go:234.2,234.24 1 0
github.com/jaas/jaas/internal/employee/services/employee_service.go:237.141,239.16 2 0
github.com/jaas/jaas/internal/employee/services/employee_service.go:239.16,241.3 1 0
github.com/jaas/jaas/internal/employee/services/employee_service.go:242.2,242.20 1 0
github.com/jaas/jaas/internal/employee/services/employee_service.go:242.20,244.3 1 0
github.com/jaas/jaas/internal/employee/services/employee_service.go:246.2,246.26 1 0
github.com/jaas/jaas/internal/employee/services/employee_service.go:246.26,248.3 1 0
github.com/jaas/jaas/internal/employee/services/employee_service.go:249.2,249.25 1 0
github.com/jaas/jaas/internal/employee/services/employee_service.go:249.25,251.3 1 0
github.com/jaas/jaas/internal/employee/services/employee_service.go:252.2,252.28 1 0
github.com/jaas/jaas/internal/employee/services/employee_service.go:252.28,254.3 1 0
github.com/jaas/jaas/internal/employee/services/employee_service.go:255.2,255.23 1 0
github.com/jaas/jaas/internal/employee/services/employee_service.go:255.23,257.3 1 0
github.com/jaas/jaas/internal/employee/services/employee_service.go:258.2,258.28 1 0
github.com/jaas/jaas/internal/employee/services/employee_service.go:258.28,260.3 1 0
github.com/jaas/jaas/internal/employee/services/employee_service.go:261.2,261.30 1 0
github.com/jaas/jaas/internal/employee/services/employee_service.go:261.30,263.3 1 0
github.com/jaas/jaas/internal/employee/services/employee_service.go:264.2,264.27 1 0
github.com/jaas/jaas/internal/employee/services/employee_service.go:264.27,266.3 1 0
github.com/jaas/jaas/internal/employee/services/employee_service.go:267.2,267.26 1 0
github.com/jaas/jaas/internal/employee/services/employee_service.go:267.26,269.3 1 0
github.com/jaas/jaas/internal/employee/services/employee_service.go:271.2,271.64 1 0
github.com/jaas/jaas/internal/employee/services/employee_service.go:271.64,273.3 1 0
github.com/jaas/jaas/internal/employee/services/employee_service.go:275.2,275.41 1 0
github.com/jaas/jaas/internal/employee/services/employee_service.go:278.159,280.16 2 0
github.com/jaas/jaas/internal/employee/services/employee_service.go:280.16,282.3 1 0
github.com/jaas/jaas/internal/employee/services/employee_service.go:283.2,283.20 1 0
github.com/jaas/jaas/internal/employee/services/employee_service.go:283.20,285.3 1 0
github.com/jaas/jaas/internal/employee/services/employee_service.go:287.2,287.28 1 0
github.com/jaas/jaas/internal/employee/services/employee_service.go:287.28,292.3 2 0
github.com/jaas/jaas/internal/employee/services/employee_service.go:294.2,294.30 1 0
github.com/jaas/jaas/internal/employee/services/employee_service.go:294.30,296.3 1 0
github.com/jaas/jaas/internal/employee/services/employee_service.go:297.2,297.31 1 0
github.com/jaas/jaas/internal/employee/services/employee_service.go:297.31,299.3 1 0
github.com/jaas/jaas/internal/employee/services/employee_service.go:300.2,300.33 1 0
github.com/jaas/jaas/internal/employee/services/employee_service.go:300.33,302.3 1 0
github.com/jaas/jaas/internal/employee/services/employee_service.go:303.2,303.34 1 0
github.com/jaas/jaas/internal/employee/services/employee_service.go:303.34,304.86 1 0
github.com/jaas/jaas/internal/employee/services/employee_service.go:304.86,306.4 1 0
github.com/jaas/jaas/internal/employee/services/employee_service.go:307.3,308.15 2 0
github.com/jaas/jaas/internal/employee/services/employee_service.go:308.15,310.4 1 0
github.com/jaas/jaas/internal/employee/services/employee_service.go:311.3,311.41 1 0
github.com/jaas/jaas/internal/employee/services/employee_service.go:314.2,314.79 1 0
github.com/jaas/jaas/internal/employee/services/employee_service.go:314.79,316.3 1 0
github.com/jaas/jaas/internal/employee/services/employee_service.go:318.2,318.41 1 0
github.com/jaas/jaas/internal/employee/services/employee_service.go:321.153,322.62 1 0
github.com/jaas/jaas/internal/employee/services/employee_service.go:322.62,324.3 1 0
github.com/jaas/jaas/internal/employee/services/employee_service.go:326.2,327.16 2 0
github.com/jaas/jaas/internal/employee/services/employee_service.go:327.16,329.3 1 0
github.com/jaas/jaas/internal/employee/services/employee_service.go:330.2,330.20 1 0
github.com/jaas/jaas/internal/employee/services/employee_service.go:330.20,332.3 1 0
github.com/jaas/jaas/internal/employee/services/employee_service.go:334.2,336.28 3 0
github.com/jaas/jaas/internal/employee/services/employee_service.go:336.28,338.3 1 0
github.com/jaas/jaas/internal/employee/services/employee_service.go:340.2,340.76 1 0
github.com/jaas/jaas/internal/employee/services/employee_service.go:340.76,342.3 1 0
github.com/jaas/jaas/internal/employee/services/employee_service.go:344.2,349.17 5 0
github.com/jaas/jaas/internal/employee/services/employee_service.go:349.17,350.67 1 0
github.com/jaas/jaas/internal/employee/services/employee_service.go:350.67,352.57 2 0
github.com/jaas/jaas/internal/employee/services/employee_service.go:352.57,354.5 1 0
github.com/jaas/jaas/internal/employee/services/employee_service.go:355.4,355.39 1 0
github.com/jaas/jaas/internal/employee/services/employee_service.go:355.39,356.91 1 0
github.com/jaas/jaas/internal/employee/services/employee_service.go:356.91,358.6 1 0
github.com/jaas/jaas/internal/employee/services/employee_service.go:362.4,362.38 1 0
github.com/jaas/jaas/internal/employee/services/employee_service.go:362.38,363.99 1 0
github.com/jaas/jaas/internal/employee/services/employee_service.go:363.99,365.64 2 0
github.com/jaas/jaas/internal/employee/services/employee_service.go:365.64,367.7 1 0
github.com/jaas/jaas/internal/employee/services/employee_service.go:372.4,380.36 3 0
github.com/jaas/jaas/internal/employee/services/employee_service.go:382.3,382.17 1 0
github.com/jaas/jaas/internal/employee/services/employee_service.go:382.17,384.4 1 0
github.com/jaas/jaas/internal/employee/services/employee_service.go:385.8,387.3 1 0
github.com/jaas/jaas/internal/employee/services/employee_service.go:389.2,389.24 1 0
github.com/jaas/jaas/internal/employee/services/employee_service.go:389.24,397.3 2 0
github.com/jaas/jaas/internal/employee/services/employee_service.go:399.2,399.41 1 0
github.com/jaas/jaas/internal/employee/services/employee_service.go:402.89,404.16 2 0
github.com/jaas/jaas/internal/employee/services/employee_service.go:404.16,406.3 1 0
github.com/jaas/jaas/internal/employee/services/employee_service.go:407.2,407.20 1 0
github.com/jaas/jaas/internal/employee/services/employee_service.go:407.20,409.3 1 0
github.com/jaas/jaas/internal/employee/services/employee_service.go:410.2,411.48 2 0
github.com/jaas/jaas/internal/employee/services/employee_service.go:414.74,415.14 1 0
github.com/jaas/jaas/internal/employee/services/employee_service.go:415.14,417.3 1 0
github.com/jaas/jaas/internal/employee/services/employee_service.go:418.2,436.31 2 0
github.com/jaas/jaas/internal/employee/services/employee_service.go:436.31,447.3 1 0
github.com/jaas/jaas/internal/employee/services/employee_service.go:449.2,449.22 1 0
github.com/jaas/jaas/internal/employee/services/employee_service.go:449.22,458.3 1 0
github.com/jaas/jaas/internal/employee/services/employee_service.go:460.2,460.12 1 0
github.com/jaas/jaas/internal/employee/services/employee_service.go:466.137,469.14 3 0
github.com/jaas/jaas/internal/employee/services/employee_service.go:469.14,470.17 1 0
github.com/jaas/jaas/internal/employee/services/employee_service.go:470.17,472.4 1 0
github.com/jaas/jaas/internal/employee/services/employee_service.go:473.3,473.19 1 0
github.com/jaas/jaas/internal/employee/services/employee_service.go:475.2,475.33 1 0
github.com/jaas/jaas/internal/employee/services/employee_service.go:475.33,477.3 1 0
github.com/jaas/jaas/internal/employee/services/employee_service.go:478.2,478.32 1 0
github.com/jaas/jaas/internal/employee/services/employee_service.go:478.32,480.3 1 0
github.com/jaas/jaas/internal/employee/services/employee_service.go:481.2,481.25 1 0
github.com/jaas/jaas/internal/employee/services/employee_service.go:481.25,483.3 1 0
github.com/jaas/jaas/internal/employee/services/employee_service.go:484.2,484.26 1 0
github.com/jaas/jaas/internal/employee/services/employee_service.go:484.26,486.3 1 0
github.com/jaas/jaas/internal/employee/services/employee_service.go:487.2,487.55 1 0
github.com/jaas/jaas/internal/employee/services/employee_service.go:487.55,488.32 1 0
github.com/jaas/jaas/internal/employee/services/employee_service.go:488.32,490.4 1 0
github.com/jaas/jaas/internal/employee/services/employee_service.go:491.3,491.26 1 0
github.com/jaas/jaas/internal/employee/services/employee_service.go:493.2,493.54 1 0
github.com/jaas/jaas/internal/employee/services/employee_service.go:493.54,494.31 1 0
github.com/jaas/jaas/internal/employee/services/employee_service.go:494.31,496.4 1 0
github.com/jaas/jaas/internal/employee/services/employee_service.go:497.3,497.24 1 0
github.com/jaas/jaas/internal/employee/services/employee_service.go:497.24,500.4 2 0
github.com/jaas/jaas/internal/employee/services/employee_service.go:502.2,502.16 1 0
github.com/jaas/jaas/internal/employee/services/employee_service.go:502.16,503.24 1 0
github.com/jaas/jaas/internal/employee/services/employee_service.go:503.24,505.4 1 0
github.com/jaas/jaas/internal/employee/services/employee_service.go:506.3,506.24 1 0
github.com/jaas/jaas/internal/employee/services/employee_service.go:508.2,508.18 1 0
github.com/jaas/jaas/internal/employee/services/event_consumer.go:21.85,26.2 1 0
github.com/jaas/jaas/internal/employee/services/event_consumer.go:28.102,30.34 2 0
github.com/jaas/jaas/internal/employee/services/event_consumer.go:30.34,31.22 1 0
github.com/jaas/jaas/internal/employee/services/event_consumer.go:31.22,33.4 1 0
github.com/jaas/jaas/internal/employee/services/event_consumer.go:34.3,34.13 1 0
github.com/jaas/jaas/internal/employee/services/event_consumer.go:39.2,39.24 1 0
github.com/jaas/jaas/internal/employee/services/event_consumer.go:40.44,41.13 1 0
github.com/jaas/jaas/internal/employee/services/event_consumer.go:44.2,51.12 3 0
github.com/jaas/jaas/internal/employee/services/statutory_service.go:26.28,31.2 1 0
github.com/jaas/jaas/internal/employee/services/statutory_service.go:33.151,35.16 2 0
github.com/jaas/jaas/internal/employee/services/statutory_service.go:35.16,37.3 1 0
github.com/jaas/jaas/internal/employee/services/statutory_service.go:38.2,38.17 1 0
github.com/jaas/jaas/internal/employee/services/statutory_service.go:38.17,40.3 1 0
github.com/jaas/jaas/internal/employee/services/statutory_service.go:42.2,49.15 2 0
github.com/jaas/jaas/internal/employee/services/statutory_service.go:49.15,53.3 3 0
github.com/jaas/jaas/internal/employee/services/statutory_service.go:53.8,57.3 3 0
github.com/jaas/jaas/internal/employee/services/statutory_service.go:59.2,59.17 1 0
github.com/jaas/jaas/internal/employee/services/statutory_service.go:62.159,65.16 2 0
github.com/jaas/jaas/internal/employee/services/statutory_service.go:65.16,67.3 1 0
github.com/jaas/jaas/internal/employee/services/statutory_service.go:68.2,68.20 1 0
github.com/jaas/jaas/internal/employee/services/statutory_service.go:68.20,70.3 1 0
github.com/jaas/jaas/internal/employee/services/statutory_service.go:72.2,82.63 3 0
github.com/jaas/jaas/internal/employee/services/statutory_service.go:82.63,84.3 1 0
github.com/jaas/jaas/internal/employee/services/statutory_service.go:86.2,94.8 1 0
github.com/jaas/jaas/internal/employee/services/statutory_service.go:97.34,98.17 1 0
github.com/jaas/jaas/internal/employee/services/statutory_service.go:98.17,100.3 1 0
github.com/jaas/jaas/internal/employee/services/statutory_service.go:101.2,101.30 1 0
github.com/jaas/jaas/internal/employee/services/timeline_service.go:25.27,30.2 1 0
github.com/jaas/jaas/internal/employee/services/timeline_service.go:32.124,34.16 2 0
github.com/jaas/jaas/internal/employee/services/timeline_service.go:34.16,36.3 1 0
github.com/jaas/jaas/internal/employee/services/timeline_service.go:37.2,37.20 1 0
github.com/jaas/jaas/internal/employee/services/timeline_service.go:37.20,39.3 1 0
github.com/jaas/jaas/internal/employee/services/timeline_service.go:41.2,42.16 2 0
github.com/jaas/jaas/internal/employee/services/timeline_service.go:42.16,44.3 1 0
github.com/jaas/jaas/internal/employee/services/timeline_service.go:46.2,47.27 2 0
github.com/jaas/jaas/internal/employee/services/timeline_service.go:47.27,49.3 1 0
github.com/jaas/jaas/internal/employee/services/timeline_service.go:50.2,50.17 1 0
github.com/jaas/jaas/internal/employee/services/timeline_service.go:53.75,54.14 1 0
github.com/jaas/jaas/internal/employee/services/timeline_service.go:54.14,56.3 1 0
github.com/jaas/jaas/internal/employee/services/timeline_service.go:57.2,65.3 1 0
github.com/jaas/jaas/internal/organization/services/department_service.go:41.21,43.2 1 0
github.com/jaas/jaas/internal/organization/services/department_service.go:45.191,47.16 2 0
github.com/jaas/jaas/internal/organization/services/department_service.go:47.16,49.3 1 0
github.com/jaas/jaas/internal/organization/services/department_service.go:50.2,50.21 1 0
github.com/jaas/jaas/internal/organization/services/department_service.go:50.21,52.3 1 0
github.com/jaas/jaas/internal/organization/services/department_service.go:54.2,55.16 2 0
github.com/jaas/jaas/internal/organization/services/department_service.go:55.16,57.3 1 0
github.com/jaas/jaas/internal/organization/services/department_service.go:58.2,58.21 1 0
github.com/jaas/jaas/internal/organization/services/department_service.go:58.21,60.17 2 0
github.com/jaas/jaas/internal/organization/services/department_service.go:60.17,62.4 1 0
github.com/jaas/jaas/internal/organization/services/department_service.go:63.3,63.20 1 0
github.com/jaas/jaas/internal/organization/services/department_service.go:63.20,65.4 1 0
github.com/jaas/jaas/internal/organization/services/department_service.go:66.3,66.84 1 0
github.com/jaas/jaas/internal/organization/services/department_service.go:66.84,68.4 1 0
github.com/jaas/jaas/internal/organization/services/department_service.go:71.2,79.57 3 0
github.com/jaas/jaas/internal/organization/services/department_service.go:79.57,81.3 1 0
github.com/jaas/jaas/internal/organization/services/department_service.go:83.2,88.63 3 0
github.com/jaas/jaas/internal/organization/services/department_service.go:91.134,93.16 2 0
github.com/jaas/jaas/internal/organization/services/department_service.go:93.16,95.3 1 0
github.com/jaas/jaas/internal/organization/services/department_service.go:96.2,96.17 1 0
github.com/jaas/jaas/internal/organization/services/department_service.go:96.17,98.3 1 0
github.com/jaas/jaas/internal/organization/services/department_service.go:99.2,99.63 1 0
github.com/jaas/jaas/internal/organization/services/department_service.go:102.155,104.16 2 0
github.com/jaas/jaas/internal/organization/services/department_service.go:104.16,106.3 1 0
github.com/jaas/jaas/internal/organization/services/department_service.go:107.2,108.23 2 0
github.com/jaas/jaas/internal/organization/services/department_service.go:108.23,110.17 2 0
github.com/jaas/jaas/internal/organization/services/department_service.go:110.17,112.4 1 0
github.com/jaas/jaas/internal/organization/services/department_service.go:113.3,113.17 1 0
github.com/jaas/jaas/internal/organization/services/department_service.go:115.2,115.104 1 0
github.com/jaas/jaas/internal/organization/services/department_service.go:118.170,120.16 2 0
github.com/jaas/jaas/internal/organization/services/department_service.go:120.16,122.3 1 0
github.com/jaas/jaas/internal/organization/services/department_service.go:123.2,123.17 1 0
github.com/jaas/jaas/internal/organization/services/department_service.go:123.17,125.3 1 0
github.com/jaas/jaas/internal/organization/services/department_service.go:127.2,127.66 1 0
github.com/jaas/jaas/internal/organization/services/department_service.go:127.66,129.17 2 0
github.com/jaas/jaas/internal/organization/services/department_service.go:129.17,131.4 1 0
github.com/jaas/jaas/internal/organization/services/department_service.go:132.3,132.48 1 0
github.com/jaas/jaas/internal/organization/services/department_service.go:132.48,134.4 1 0
github.com/jaas/jaas/internal/organization/services/department_service.go:135.3,135.43 1 0
github.com/jaas/jaas/internal/organization/services/department_service.go:137.2,137.28 1 0
github.com/jaas/jaas/internal/organization/services/department_service.go:137.28,139.3 1 0
github.com/jaas/jaas/internal/organization/services/department_service.go:140.2,140.35 1 0
github.com/jaas/jaas/internal/organization/services/department_service.go:140.35,142.17 2 0
github.com/jaas/jaas/internal/organization/services/department_service.go:142.17,144.4 1 0
github.com/jaas/jaas/internal/organization/services/department_service.go:145.3,145.46 1 0
github.com/jaas/jaas/internal/organization/services/department_service.go:145.46,147.4 1 0
github.com/jaas/jaas/internal/organization/services/department_service.go:148.3,148.22 1 0
github.com/jaas/jaas/internal/organization/services/department_service.go:148.22,150.18 2 0
github.com/jaas/jaas/internal/organization/services/department_service.go:150.18,152.5 1 0
github.com/jaas/jaas/internal/organization/services/department_service.go:153.4,153.21 1 0
github.com/jaas/jaas/internal/organization/services/department_service.go:153.21,155.5 1 0
github.com/jaas/jaas/internal/organization/services/department_service.go:158.4,158.84 1 0
github.com/jaas/jaas/internal/organization/services/department_service.go:158.84,160.5 1 0
github.com/jaas/jaas/internal/organization/services/department_service.go:162.3,162.37 1 0
github.com/jaas/jaas/internal/organization/services/department_service.go:165.2,165.57 1 0
github.com/jaas/jaas/internal/organization/services/department_service.go:165.57,167.3 1 0
github.com/jaas/jaas/internal/organization/services/department_service.go:168.2,169.63 2 0
github.com/jaas/jaas/internal/organization/services/department_service.go:173.139,174.84 1 0
github.com/jaas/jaas/internal/organization/services/department_service.go:174.84,176.3 1 0
github.com/jaas/jaas/internal/organization/services/department_service.go:177.2,178.17 2 0
github.com/jaas/jaas/internal/organization/services/department_service.go:178.17,179.23 1 0
github.com/jaas/jaas/internal/organization/services/department_service.go:179.23,181.4 1 0
github.com/jaas/jaas/internal/organization/services/department_service.go:182.3,183.34 2 0
github.com/jaas/jaas/internal/organization/services/department_service.go:183.34,185.4 1 0
github.com/jaas/jaas/internal/organization/services/department_service.go:186.3,186.34 1 0
github.com/jaas/jaas/internal/organization/services/department_service.go:188.2,188.12 1 0
github.com/jaas/jaas/internal/organization/services/department_service.go:191.169,193.16 2 0
github.com/jaas/jaas/internal/organization/services/department_service.go:193.16,195.3 1 0
github.com/jaas/jaas/internal/organization/services/department_service.go:196.2,196.17 1 0
github.com/jaas/jaas/internal/organization/services/department_service.go:196.17,198.3 1 0
github.com/jaas/jaas/internal/organization/services/department_service.go:199.2,199.31 1 0
github.com/jaas/jaas/internal/organization/services/department_service.go:199.31,201.3 1 0
github.com/jaas/jaas/internal/organization/services/department_service.go:203.2,204.16 2 0
github.com/jaas/jaas/internal/organization/services/department_service.go:204.16,206.3 1 0
github.com/jaas/jaas/internal/organization/services/department_service.go:207.2,208.16 2 0
github.com/jaas/jaas/internal/organization/services/department_service.go:208.16,210.3 1 0
github.com/jaas/jaas/internal/organization/services/department_service.go:211.2,211.47 1 0
github.com/jaas/jaas/internal/organization/services/department_service.go:211.47,213.3 1 0
github.com/jaas/jaas/internal/organization/services/department_service.go:214.2,214.11 1 0
github.com/jaas/jaas/internal/organization/services/department_service.go:214.11,216.17 2 0
github.com/jaas/jaas/internal/organization/services/department_service.go:216.17,218.4 1 0
github.com/jaas/jaas/internal/organization/services/department_service.go:219.3,219.27 1 0
github.com/jaas/jaas/internal/organization/services/department_service.go:219.27,220.38 1 0
github.com/jaas/jaas/internal/organization/services/department_service.go:220.38,222.68 2 0
github.com/jaas/jaas/internal/organization/services/department_service.go:222.68,224.6 1 0
github.com/jaas/jaas/internal/organization/services/department_service.go:229.2,230.57 2 0
github.com/jaas/jaas/internal/organization/services/department_service.go:230.57,232.3 1 0
github.com/jaas/jaas/internal/organization/services/department_service.go:233.2,234.63 2 0
github.com/jaas/jaas/internal/organization/services/designation_service.go:33.183,35.2 1 0
github.com/jaas/jaas/internal/organization/services/designation_service.go:37.69,43.2 1 0
github.com/jaas/jaas/internal/organization/services/designation_service.go:45.195,47.16 2 0
github.com/jaas/jaas/internal/organization/services/designation_service.go:47.16,49.3 1 0
github.com/jaas/jaas/internal/organization/services/designation_service.go:50.2,50.21 1 0
github.com/jaas/jaas/internal/organization/services/designation_service.go:50.21,52.3 1 0
github.com/jaas/jaas/internal/organization/services/designation_service.go:53.2,58.50 3 0
github.com/jaas/jaas/internal/organization/services/designation_service.go:58.50,60.3 1 0
github.com/jaas/jaas/internal/organization/services/designation_service.go:61.2,62.31 2 0
github.com/jaas/jaas/internal/organization/services/designation_service.go:65.137,67.16 2 0
github.com/jaas/jaas/internal/organization/services/designation_service.go:67.16,69.3 1 0
github.com/jaas/jaas/internal/organization/services/designation_service.go:70.2,70.14 1 0
github.com/jaas/jaas/internal/organization/services/designation_service.go:70.14,72.3 1 0
github.com/jaas/jaas/internal/organization/services/designation_service.go:73.2,73.31 1 0
github.com/jaas/jaas/internal/organization/services/designation_service.go:76.158,78.16 2 0
github.com/jaas/jaas/internal/organization/services/designation_service.go:78.16,80.3 1 0
github.com/jaas/jaas/internal/organization/services/designation_service.go:81.2,82.21 2 0
github.com/jaas/jaas/internal/organization/services/designation_service.go:82.21,84.3 1 0
github.com/jaas/jaas/internal/organization/services/designation_service.go:85.2,85.105 1 0
github.com/jaas/jaas/internal/organization/services/designation_service.go:88.174,90.16 2 0
github.com/jaas/jaas/internal/organization/services/designation_service.go:90.16,92.3 1 0
github.com/jaas/jaas/internal/organization/services/designation_service.go:93.2,93.14 1 0
github.com/jaas/jaas/internal/organization/services/designation_service.go:93.14,95.3 1 0
github.com/jaas/jaas/internal/organization/services/designation_service.go:96.2,96.66 1 0
github.com/jaas/jaas/internal/organization/services/designation_service.go:96.66,98.17 2 0
github.com/jaas/jaas/internal/organization/services/designation_service.go:98.17,100.4 1 0
github.com/jaas/jaas/internal/organization/services/designation_service.go:101.3,101.45 1 0
github.com/jaas/jaas/internal/organization/services/designation_service.go:101.45,103.4 1 0
github.com/jaas/jaas/internal/organization/services/designation_service.go:104.3,104.42 1 0
github.com/jaas/jaas/internal/organization/services/designation_service.go:106.2,106.22 1 0
github.com/jaas/jaas/internal/organization/services/designation_service.go:106.22,108.3 1 0
github.com/jaas/jaas/internal/organization/services/designation_service.go:109.2,109.28 1 0
github.com/jaas/jaas/internal/organization/services/designation_service.go:109.28,111.3 1 0
github.com/jaas/jaas/internal/organization/services/designation_service.go:112.2,112.50 1 0
github.com/jaas/jaas/internal/organization/services/designation_service.go:112.50,114.3 1 0
github.com/jaas/jaas/internal/organization/services/designation_service.go:115.2,116.31 2 0
github.com/jaas/jaas/internal/organization/services/designation_service.go:119.160,121.16 2 0
github.com/jaas/jaas/internal/organization/services/designation_service.go:121.16,123.3 1 0
github.com/jaas/jaas/internal/organization/services/designation_service.go:124.2,124.14 1 0
github.com/jaas/jaas/internal/organization/services/designation_service.go:124.14,126.3 1 0
github.com/jaas/jaas/internal/organization/services/designation_service.go:127.2,127.28 1 0
github.com/jaas/jaas/internal/organization/services/designation_service.go:127.28,129.3 1 0
github.com/jaas/jaas/internal/organization/services/designation_service.go:131.2,132.16 2 0
github.com/jaas/jaas/internal/organization/services/designation_service.go:132.16,134.3 1 0
github.com/jaas/jaas/internal/organization/services/designation_service.go:135.2,135.18 1 0
github.com/jaas/jaas/internal/organization/services/designation_service.go:135.18,137.3 1 0
github.com/jaas/jaas/internal/organization/services/designation_service.go:138.2,139.50 2 0
github.com/jaas/jaas/internal/organization/services/designation_service.go:139.50,141.3 1 0
github.com/jaas/jaas/internal/organization/services/designation_service.go:142.2,143.31 2 0
github.com/jaas/jaas/internal/organization/services/event_consumer.go:25.64,27.2 1 0
github.com/jaas/jaas/internal/organization/services/event_consumer.go:29.154,30.20 1 0
github.com/jaas/jaas/internal/organization/services/event_consumer.go:31.38,34.53 2 0
github.com/jaas/jaas/internal/organization/services/event_consumer.go:34.53,36.4 1 0
github.com/jaas/jaas/internal/organization/services/event_consumer.go:37.3,37.91 1 0
github.com/jaas/jaas/internal/organization/services/event_consumer.go:38.96,41.13 1 0
github.com/jaas/jaas/internal/organization/services/event_consumer.go:42.10,43.68 1 0
github.com/jaas/jaas/internal/organization/services/helpers.go:30.47,31.26 1 0
github.com/jaas/jaas/internal/organization/services/helpers.go:31.26,33.3 1 0
github.com/jaas/jaas/internal/organization/services/helpers.go:34.2,35.16 2 0
github.com/jaas/jaas/internal/organization/services/helpers.go:35.16,37.3 1 0
github.com/jaas/jaas/internal/organization/services/helpers.go:38.2,38.17 1 0
github.com/jaas/jaas/internal/organization/services/helpers.go:42.42,43.15 1 0
github.com/jaas/jaas/internal/organization/services/helpers.go:43.15,45.3 1 0
github.com/jaas/jaas/internal/organization/services/helpers.go:46.2,47.11 2 0
github.com/jaas/jaas/internal/organization/services/helpers.go:51.152,55.17 4 0
github.com/jaas/jaas/internal/organization/services/helpers.go:55.17,56.17 1 0
github.com/jaas/jaas/internal/organization/services/helpers.go:56.17,58.4 1 0
github.com/jaas/jaas/internal/organization/services/helpers.go:59.3,61.43 3 0
github.com/jaas/jaas/internal/organization/services/helpers.go:61.43,63.4 1 0
github.com/jaas/jaas/internal/organization/services/helpers.go:64.3,65.34 2 0
github.com/jaas/jaas/internal/organization/services/helpers.go:65.34,67.4 1 0
github.com/jaas/jaas/internal/organization/services/helpers.go:68.3,68.34 1 0
github.com/jaas/jaas/internal/organization/services/helpers.go:70.2,70.12 1 0
github.com/jaas/jaas/internal/organization/services/helpers.go:74.162,79.36 5 0
github.com/jaas/jaas/internal/organization/services/helpers.go:79.36,80.36 1 0
github.com/jaas/jaas/internal/organization/services/helpers.go:80.36,81.9 1 0
github.com/jaas/jaas/internal/organization/services/helpers.go:83.3,87.34 5 0
github.com/jaas/jaas/internal/organization/services/helpers.go:87.34,89.4 1 0
github.com/jaas/jaas/internal/organization/services/helpers.go:90.3,90.15 1 0
github.com/jaas/jaas/internal/organization/services/helpers.go:92.2,92.25 1 0
github.com/jaas/jaas/internal/organization/services/helpers.go:95.177,97.16 2 0
github.com/jaas/jaas/internal/organization/services/helpers.go:97.16,99.3 1 0
github.com/jaas/jaas/internal/organization/services/helpers.go:100.2,112.8 1 0
github.com/jaas/jaas/internal/organization/services/helpers.go:118.123,119.78 1 0
github.com/jaas/jaas/internal/organization/services/helpers.go:119.78,121.3 1 0
github.com/jaas/jaas/internal/organization/services/helpers.go:122.2,122.15 1 0
github.com/jaas/jaas/internal/organization/services/helpers.go:122.15,124.3 1 0
github.com/jaas/jaas/internal/organization/services/helpers.go:125.2,126.16 2 0
github.com/jaas/jaas/internal/organization/services/helpers.go:126.16,128.3 1 0
github.com/jaas/jaas/internal/organization/services/helpers.go:129.2,135.4 1 0
github.com/jaas/jaas/internal/organization/services/mapping_service.go:45.18,47.2 1 0
github.com/jaas/jaas/internal/organization/services/mapping_service.go:49.57,57.2 1 0
github.com/jaas/jaas/internal/organization/services/mapping_service.go:60.104,62.16 2 0
github.com/jaas/jaas/internal/organization/services/mapping_service.go:62.16,64.3 1 0
github.com/jaas/jaas/internal/organization/services/mapping_service.go:65.2,65.38 1 0
github.com/jaas/jaas/internal/organization/services/mapping_service.go:65.38,67.3 1 0
github.com/jaas/jaas/internal/organization/services/mapping_service.go:68.2,68.12 1 0
github.com/jaas/jaas/internal/organization/services/mapping_service.go:72.159,73.19 1 0
github.com/jaas/jaas/internal/organization/services/mapping_service.go:73.19,75.17 2 0
github.com/jaas/jaas/internal/organization/services/mapping_service.go:75.17,77.4 1 0
github.com/jaas/jaas/internal/organization/services/mapping_service.go:78.3,78.18 1 0
github.com/jaas/jaas/internal/organization/services/mapping_service.go:78.18,80.4 1 0
github.com/jaas/jaas/internal/organization/services/mapping_service.go:82.2,83.19 2 0
github.com/jaas/jaas/internal/organization/services/mapping_service.go:83.19,85.17 2 0
github.com/jaas/jaas/internal/organization/services/mapping_service.go:85.17,87.4 1 0
github.com/jaas/jaas/internal/organization/services/mapping_service.go:88.3,88.15 1 0
github.com/jaas/jaas/internal/organization/services/mapping_service.go:88.15,90.4 1 0
github.com/jaas/jaas/internal/organization/services/mapping_service.go:91.3,91.11 1 0
github.com/jaas/jaas/internal/organization/services/mapping_service.go:93.2,93.20 1 0
github.com/jaas/jaas/internal/organization/services/mapping_service.go:93.20,95.17 2 0
github.com/jaas/jaas/internal/organization/services/mapping_service.go:95.17,97.4 1 0
github.com/jaas/jaas/internal/organization/services/mapping_service.go:98.3,98.15 1 0
github.com/jaas/jaas/internal/organization/services/mapping_service.go:98.15,100.4 1 0
github.com/jaas/jaas/internal/organization/services/mapping_service.go:102.2,102.66 1 0
github.com/jaas/jaas/internal/organization/services/mapping_service.go:102.66,104.3 1 0
github.com/jaas/jaas/internal/organization/services/mapping_service.go:105.2,105.22 1 0
github.com/jaas/jaas/internal/organization/services/mapping_service.go:105.22,106.25 1 0
github.com/jaas/jaas/internal/organization/services/mapping_service.go:106.25,108.4 1 0
github.com/jaas/jaas/internal/organization/services/mapping_service.go:109.3,109.68 1 0
github.com/jaas/jaas/internal/organization/services/mapping_service.go:109.68,111.4 1 0
github.com/jaas/jaas/internal/organization/services/mapping_service.go:112.3,112.85 1 0
github.com/jaas/jaas/internal/organization/services/mapping_service.go:112.85,114.4 1 0
github.com/jaas/jaas/internal/organization/services/mapping_service.go:116.2,116.12 1 0
github.com/jaas/jaas/internal/organization/services/mapping_service.go:120.122,123.26 3 0
github.com/jaas/jaas/internal/organization/services/mapping_service.go:123.26,124.16 1 0
github.com/jaas/jaas/internal/organization/services/mapping_service.go:124.16,126.4 1 0
github.com/jaas/jaas/internal/organization/services/mapping_service.go:127.3,129.67 3 0
github.com/jaas/jaas/internal/organization/services/mapping_service.go:129.67,131.4 1 0
github.com/jaas/jaas/internal/organization/services/mapping_service.go:132.3,132.31 1 0
github.com/jaas/jaas/internal/organization/services/mapping_service.go:134.2,134.128 1 0
github.com/jaas/jaas/internal/organization/services/mapping_service.go:137.179,139.16 2 0
github.com/jaas/jaas/internal/organization/services/mapping_service.go:139.16,141.3 1 0
github.com/jaas/jaas/internal/organization/services/mapping_service.go:142.2,142.63 1 0
github.com/jaas/jaas/internal/organization/services/mapping_service.go:142.63,144.3 1 0
github.com/jaas/jaas/internal/organization/services/mapping_service.go:145.2,146.16 2 0
github.com/jaas/jaas/internal/organization/services/mapping_service.go:146.16,148.3 1 0
github.com/jaas/jaas/internal/organization/services/mapping_service.go:149.2,150.16 2 0
github.com/jaas/jaas/internal/organization/services/mapping_service.go:150.16,152.3 1 0
github.com/jaas/jaas/internal/organization/services/mapping_service.go:153.2,154.16 2 0
github.com/jaas/jaas/internal/organization/services/mapping_service.go:154.16,156.3 1 0
github.com/jaas/jaas/internal/organization/services/mapping_service.go:157.2,158.16 2 0
github.com/jaas/jaas/internal/organization/services/mapping_service.go:158.16,160.3 1 0
github.com/jaas/jaas/internal/organization/services/mapping_service.go:161.2,161.54 1 0
github.com/jaas/jaas/internal/organization/services/mapping_service.go:161.54,163.3 1 0
github.com/jaas/jaas/internal/organization/services/mapping_service.go:164.2,164.99 1 0
github.com/jaas/jaas/internal/organization/services/mapping_service.go:164.99,166.3 1 0
github.com/jaas/jaas/internal/organization/services/mapping_service.go:167.2,167.19 1 0
github.com/jaas/jaas/internal/organization/services/mapping_service.go:167.19,169.17 2 0
github.com/jaas/jaas/internal/organization/services/mapping_service.go:169.17,171.4 1 0
github.com/jaas/jaas/internal/organization/services/mapping_service.go:172.3,172.22 1 0
github.com/jaas/jaas/internal/organization/services/mapping_service.go:172.22,174.4 1 0
github.com/jaas/jaas/internal/organization/services/mapping_service.go:177.2,182.57 3 0
github.com/jaas/jaas/internal/organization/services/mapping_service.go:182.57,184.3 1 0
github.com/jaas/jaas/internal/organization/services/mapping_service.go:186.2,190.27 3 0
github.com/jaas/jaas/internal/organization/services/mapping_service.go:193.125,195.16 2 0
github.com/jaas/jaas/internal/organization/services/mapping_service.go:195.16,197.3 1 0
github.com/jaas/jaas/internal/organization/services/mapping_service.go:198.2,198.14 1 0
github.com/jaas/jaas/internal/organization/services/mapping_service.go:198.14,200.3 1 0
github.com/jaas/jaas/internal/organization/services/mapping_service.go:201.2,201.27 1 0
github.com/jaas/jaas/internal/organization/services/mapping_service.go:204.158,206.16 2 0
github.com/jaas/jaas/internal/organization/services/mapping_service.go:206.16,208.3 1 0
github.com/jaas/jaas/internal/organization/services/mapping_service.go:209.2,210.21 2 0
github.com/jaas/jaas/internal/organization/services/mapping_service.go:210.21,212.3 1 0
github.com/jaas/jaas/internal/organization/services/mapping_service.go:213.2,213.101 1 0
github.com/jaas/jaas/internal/organization/services/mapping_service.go:216.158,218.16 2 0
github.com/jaas/jaas/internal/organization/services/mapping_service.go:218.16,220.3 1 0
github.com/jaas/jaas/internal/organization/services/mapping_service.go:221.2,221.14 1 0
github.com/jaas/jaas/internal/organization/services/mapping_service.go:221.14,223.3 1 0
github.com/jaas/jaas/internal/organization/services/mapping_service.go:225.2,229.29 5 0
github.com/jaas/jaas/internal/organization/services/mapping_service.go:229.29,231.17 2 0
github.com/jaas/jaas/internal/organization/services/mapping_service.go:231.17,233.4 1 0
github.com/jaas/jaas/internal/organization/services/mapping_service.go:235.2,235.23 1 0
github.com/jaas/jaas/internal/organization/services/mapping_service.go:235.23,237.17 2 0
github.com/jaas/jaas/internal/organization/services/mapping_service.go:237.17,239.4 1 0
github.com/jaas/jaas/internal/organization/services/mapping_service.go:241.2,241.30 1 0
github.com/jaas/jaas/internal/organization/services/mapping_service.go:241.30,243.17 2 0
github.com/jaas/jaas/internal/organization/services/mapping_service.go:243.17,245.4 1 0
github.com/jaas/jaas/internal/organization/services/mapping_service.go:247.2,247.30 1 0
github.com/jaas/jaas/internal/organization/services/mapping_service.go:247.30,249.17 2 0
github.com/jaas/jaas/internal/organization/services/mapping_service.go:249.17,251.4 1 0
github.com/jaas/jaas/internal/organization/services/mapping_service.go:253.2,253.101 1 0
github.com/jaas/jaas/internal/organization/services/mapping_service.go:253.101,255.3 1 0
github.com/jaas/jaas/internal/organization/services/mapping_service.go:256.2,256.60 1 0
github.com/jaas/jaas/internal/organization/services/mapping_service.go:256.60,258.17 2 0
github.com/jaas/jaas/internal/organization/services/mapping_service.go:258.17,260.4 1 0
github.com/jaas/jaas/internal/organization/services/mapping_service.go:261.3,261.45 1 0
github.com/jaas/jaas/internal/organization/services/mapping_service.go:261.45,263.66 2 0
github.com/jaas/jaas/internal/organization/services/mapping_service.go:263.66,265.5 1 0
github.com/jaas/jaas/internal/organization/services/mapping_service.go:267.3,267.21 1 0
github.com/jaas/jaas/internal/organization/services/mapping_service.go:268.8,268.33 1 0
github.com/jaas/jaas/internal/organization/services/mapping_service.go:268.33,270.3 1 0
github.com/jaas/jaas/internal/organization/services/mapping_service.go:271.2,273.57 2 0
github.com/jaas/jaas/internal/organization/services/mapping_service.go:273.57,275.3 1 0
github.com/jaas/jaas/internal/organization/services/mapping_service.go:276.2,277.27 2 0
github.com/jaas/jaas/internal/organization/services/mapping_service.go:280.166,282.16 2 0
github.com/jaas/jaas/internal/organization/services/mapping_service.go:282.16,284.3 1 0
github.com/jaas/jaas/internal/organization/services/mapping_service.go:285.2,285.14 1 0
github.com/jaas/jaas/internal/organization/services/mapping_service.go:285.14,287.3 1 0
github.com/jaas/jaas/internal/organization/services/mapping_service.go:288.2,288.28 1 0
github.com/jaas/jaas/internal/organization/services/mapping_service.go:288.28,290.3 1 0
github.com/jaas/jaas/internal/organization/services/mapping_service.go:291.2,293.57 3 0
github.com/jaas/jaas/internal/organization/services/mapping_service.go:293.57,295.3 1 0
github.com/jaas/jaas/internal/organization/services/mapping_service.go:296.2,297.27 2 0
github.com/jaas/jaas/internal/organization/services/mapping_service.go:301.142,303.16 2 0
github.com/jaas/jaas/internal/organization/services/mapping_service.go:303.16,305.3 1 0
github.com/jaas/jaas/internal/organization/services/mapping_service.go:306.2,306.21 1 0
github.com/jaas/jaas/internal/organization/services/mapping_service.go:306.21,307.32 1 0
github.com/jaas/jaas/internal/organization/services/mapping_service.go:307.32,309.65 2 0
github.com/jaas/jaas/internal/organization/services/mapping_service.go:309.65,311.5 1 0
github.com/jaas/jaas/internal/organization/services/mapping_service.go:314.2,315.16 2 0
github.com/jaas/jaas/internal/organization/services/mapping_service.go:315.16,317.3 1 0
github.com/jaas/jaas/internal/organization/services/mapping_service.go:318.2,318.25 1 0
github.com/jaas/jaas/internal/organization/services/mapping_service.go:318.25,320.68 2 0
github.com/jaas/jaas/internal/organization/services/mapping_service.go:320.68,322.4 1 0
github.com/jaas/jaas/internal/organization/services/mapping_service.go:324.2,325.12 2 0
github.com/jaas/jaas/internal/organization/services/org_chart_service.go:35.84,36.20 1 0
github.com/jaas/jaas/internal/organization/services/org_chart_service.go:36.20,38.3 1 0
github.com/jaas/jaas/internal/organization/services/org_chart_service.go:39.2,39.82 1 0
github.com/jaas/jaas/internal/organization/services/org_chart_service.go:57.19,59.2 1 0
github.com/jaas/jaas/internal/organization/services/org_chart_service.go:61.83,63.2 1 0
github.com/jaas/jaas/internal/organization/services/org_chart_service.go:65.157,66.36 1 0
github.com/jaas/jaas/internal/organization/services/org_chart_service.go:66.36,68.3 1 0
github.com/jaas/jaas/internal/organization/services/org_chart_service.go:69.2,70.20 2 0
github.com/jaas/jaas/internal/organization/services/org_chart_service.go:70.20,71.81 1 0
github.com/jaas/jaas/internal/organization/services/org_chart_service.go:71.81,73.51 2 0
github.com/jaas/jaas/internal/organization/services/org_chart_service.go:73.51,75.5 1 0
github.com/jaas/jaas/internal/organization/services/org_chart_service.go:79.2,80.16 2 0
github.com/jaas/jaas/internal/organization/services/org_chart_service.go:80.16,82.3 1 0
github.com/jaas/jaas/internal/organization/services/org_chart_service.go:83.2,84.23 2 0
github.com/jaas/jaas/internal/organization/services/org_chart_service.go:84.23,85.54 1 0
github.com/jaas/jaas/internal/organization/services/org_chart_service.go:85.54,86.12 1 0
github.com/jaas/jaas/internal/organization/services/org_chart_service.go:88.3,89.17 2 0
github.com/jaas/jaas/internal/organization/services/org_chart_service.go:89.17,91.4 1 0
github.com/jaas/jaas/internal/organization/services/org_chart_service.go:92.3,92.31 1 0
github.com/jaas/jaas/internal/organization/services/org_chart_service.go:94.2,95.20 2 0
github.com/jaas/jaas/internal/organization/services/org_chart_service.go:95.20,96.49 1 0
github.com/jaas/jaas/internal/organization/services/org_chart_service.go:96.49,98.4 1 0
github.com/jaas/jaas/internal/organization/services/org_chart_service.go:100.2,100.18 1 0
github.com/jaas/jaas/internal/organization/services/org_chart_service.go:103.186,105.16 2 0
github.com/jaas/jaas/internal/organization/services/org_chart_service.go:105.16,107.3 1 0
github.com/jaas/jaas/internal/organization/services/org_chart_service.go:108.2,109.16 2 0
github.com/jaas/jaas/internal/organization/services/org_chart_service.go:109.16,111.3 1 0
github.com/jaas/jaas/internal/organization/services/org_chart_service.go:112.2,113.23 2 0
github.com/jaas/jaas/internal/organization/services/org_chart_service.go:113.23,114.54 1 0
github.com/jaas/jaas/internal/organization/services/org_chart_service.go:114.54,115.12 1 0
github.com/jaas/jaas/internal/organization/services/org_chart_service.go:117.3,118.17 2 0
github.com/jaas/jaas/internal/organization/services/org_chart_service.go:118.17,120.4 1 0
github.com/jaas/jaas/internal/organization/services/org_chart_service.go:121.3,127.5 1 0
github.com/jaas/jaas/internal/organization/services/org_chart_service.go:129.2,133.25 2 0
github.com/jaas/jaas/internal/organization/services/org_chart_service.go:133.25,135.3 1 0
github.com/jaas/jaas/internal/organization/services/org_chart_service.go:136.2,137.16 2 0
github.com/jaas/jaas/internal/organization/services/org_chart_service.go:137.16,139.3 1 0
github.com/jaas/jaas/internal/organization/services/org_chart_service.go:140.2,140.26 1 0
github.com/jaas/jaas/internal/organization/services/org_chart_service.go:140.26,141.57 1 0
github.com/jaas/jaas/internal/organization/services/org_chart_service.go:141.57,142.12 1 0
github.com/jaas/jaas/internal/organization/services/org_chart_service.go:144.3,145.17 2 0
github.com/jaas/jaas/internal/organization/services/org_chart_service.go:145.17,147.4 1 0
github.com/jaas/jaas/internal/organization/services/org_chart_service.go:148.3,148.48 1 0
github.com/jaas/jaas/internal/organization/services/org_chart_service.go:150.2,150.18 1 0
github.com/jaas/jaas/internal/organization/services/org_chart_service.go:153.134,155.16 2 0
github.com/jaas/jaas/internal/organization/services/org_chart_service.go:155.16,157.3 1 0
github.com/jaas/jaas/internal/organization/services/org_chart_service.go:158.2,159.20 2 0
github.com/jaas/jaas/internal/organization/services/org_chart_service.go:159.20,161.3 1 0
github.com/jaas/jaas/internal/organization/services/org_chart_service.go:162.2,163.27 2 0
github.com/jaas/jaas/internal/organization/services/org_chart_service.go:163.27,165.17 2 0
github.com/jaas/jaas/internal/organization/services/org_chart_service.go:165.17,167.4 1 0
github.com/jaas/jaas/internal/organization/services/org_chart_service.go:168.3,168.18 1 0
github.com/jaas/jaas/internal/organization/services/org_chart_service.go:168.18,170.18 2 0
github.com/jaas/jaas/internal/organization/services/org_chart_service.go:170.18,172.5 1 0
github.com/jaas/jaas/internal/organization/services/org_chart_service.go:173.4,179.5 1 0
github.com/jaas/jaas/internal/organization/services/org_chart_service.go:182.2,182.33 1 0
github.com/jaas/jaas/internal/organization/services/org_chart_service.go:182.33,184.17 2 0
github.com/jaas/jaas/internal/organization/services/org_chart_service.go:184.17,186.4 1 0
github.com/jaas/jaas/internal/organization/services/org_chart_service.go:187.3,187.18 1 0
github.com/jaas/jaas/internal/organization/services/org_chart_service.go:187.18,189.18 2 0
github.com/jaas/jaas/internal/organization/services/org_chart_service.go:189.18,191.5 1 0
github.com/jaas/jaas/internal/organization/services/org_chart_service.go:192.4,200.19 4 0
github.com/jaas/jaas/internal/organization/services/org_chart_service.go:200.19,202.36 2 0
github.com/jaas/jaas/internal/organization/services/org_chart_service.go:202.36,204.6 1 0
github.com/jaas/jaas/internal/organization/services/org_chart_service.go:205.5,206.19 2 0
github.com/jaas/jaas/internal/organization/services/org_chart_service.go:206.19,208.6 1 0
github.com/jaas/jaas/internal/organization/services/org_chart_service.go:209.5,215.36 2 0
github.com/jaas/jaas/internal/organization/services/org_chart_service.go:219.2,220.16 2 0
github.com/jaas/jaas/internal/organization/services/org_chart_service.go:220.16,222.3 1 0
github.com/jaas/jaas/internal/organization/services/org_chart_service.go:223.2,223.25 1 0
github.com/jaas/jaas/internal/organization/services/org_chart_service.go:223.25,225.3 1 0
github.com/jaas/jaas/internal/organization/services/org_chart_service.go:226.2,226.31 1 0
github.com/jaas/jaas/internal/organization/services/org_chart_service.go:226.31,228.3 1 0
github.com/jaas/jaas/internal/organization/services/org_chart_service.go:229.2,229.18 1 0
github.com/jaas/jaas/internal/organization/services/team_service.go:43.15,45.2 1 0
github.com/jaas/jaas/internal/organization/services/team_service.go:47.123,48.36 1 0
github.com/jaas/jaas/internal/organization/services/team_service.go:48.36,50.3 1 0
github.com/jaas/jaas/internal/organization/services/team_service.go:51.2,52.16 2 0
github.com/jaas/jaas/internal/organization/services/team_service.go:52.16,54.3 1 0
github.com/jaas/jaas/internal/organization/services/team_service.go:55.2,56.16 2 0
github.com/jaas/jaas/internal/organization/services/team_service.go:56.16,58.3 1 0
github.com/jaas/jaas/internal/organization/services/team_service.go:59.2,59.38 1 0
github.com/jaas/jaas/internal/organization/services/team_service.go:59.38,61.3 1 0
github.com/jaas/jaas/internal/organization/services/team_service.go:62.2,62.17 1 0
github.com/jaas/jaas/internal/organization/services/team_service.go:65.131,67.16 2 0
github.com/jaas/jaas/internal/organization/services/team_service.go:67.16,69.3 1 0
github.com/jaas/jaas/internal/organization/services/team_service.go:70.2,75.8 1 0
github.com/jaas/jaas/internal/organization/services/team_service.go:78.167,80.16 2 0
github.com/jaas/jaas/internal/organization/services/team_service.go:80.16,82.3 1 0
github.com/jaas/jaas/internal/organization/services/team_service.go:83.2,84.16 2 0
github.com/jaas/jaas/internal/organization/services/team_service.go:84.16,86.3 1 0
github.com/jaas/jaas/internal/organization/services/team_service.go:87.2,87.17 1 0
github.com/jaas/jaas/internal/organization/services/team_service.go:87.17,89.3 1 0
github.com/jaas/jaas/internal/organization/services/team_service.go:90.2,91.16 2 0
github.com/jaas/jaas/internal/organization/services/team_service.go:91.16,93.3 1 0
github.com/jaas/jaas/internal/organization/services/team_service.go:94.2,94.21 1 0
github.com/jaas/jaas/internal/organization/services/team_service.go:94.21,96.3 1 0
github.com/jaas/jaas/internal/organization/services/team_service.go:97.2,98.16 2 0
github.com/jaas/jaas/internal/organization/services/team_service.go:98.16,100.3 1 0
github.com/jaas/jaas/internal/organization/services/team_service.go:102.2,107.57 3 0
github.com/jaas/jaas/internal/organization/services/team_service.go:107.57,109.3 1 0
github.com/jaas/jaas/internal/organization/services/team_service.go:111.2,115.46 3 0
github.com/jaas/jaas/internal/organization/services/team_service.go:118.116,120.16 2 0
github.com/jaas/jaas/internal/organization/services/team_service.go:120.16,122.3 1 0
github.com/jaas/jaas/internal/organization/services/team_service.go:123.2,123.17 1 0
github.com/jaas/jaas/internal/organization/services/team_service.go:123.17,125.3 1 0
github.com/jaas/jaas/internal/organization/services/team_service.go:126.2,126.46 1 0
github.com/jaas/jaas/internal/organization/services/team_service.go:129.162,131.16 2 0
github.com/jaas/jaas/internal/organization/services/team_service.go:131.16,133.3 1 0
github.com/jaas/jaas/internal/organization/services/team_service.go:134.2,135.23 2 0
github.com/jaas/jaas/internal/organization/services/team_service.go:135.23,137.17 2 0
github.com/jaas/jaas/internal/organization/services/team_service.go:137.17,139.4 1 0
github.com/jaas/jaas/internal/organization/services/team_service.go:140.3,140.17 1 0
github.com/jaas/jaas/internal/organization/services/team_service.go:142.2,142.98 1 0
github.com/jaas/jaas/internal/organization/services/team_service.go:145.146,147.16 2 0
github.com/jaas/jaas/internal/organization/services/team_service.go:147.16,149.3 1 0
github.com/jaas/jaas/internal/organization/services/team_service.go:150.2,150.17 1 0
github.com/jaas/jaas/internal/organization/services/team_service.go:150.17,152.3 1 0
github.com/jaas/jaas/internal/organization/services/team_service.go:154.2,155.28 2 0
github.com/jaas/jaas/internal/organization/services/team_service.go:155.28,157.3 1 0
github.com/jaas/jaas/internal/organization/services/team_service.go:158.2,158.29 1 0
github.com/jaas/jaas/internal/organization/services/team_service.go:158.29,160.17 2 0
github.com/jaas/jaas/internal/organization/services/team_service.go:160.17,162.4 1 0
github.com/jaas/jaas/internal/organization/services/team_service.go:163.3,164.17 2 0
github.com/jaas/jaas/internal/organization/services/team_service.go:164.17,166.4 1 0
github.com/jaas/jaas/internal/organization/services/team_service.go:167.3,167.18 1 0
github.com/jaas/jaas/internal/organization/services/team_service.go:167.18,169.4 1 0
github.com/jaas/jaas/internal/organization/services/team_service.go:170.3,170.29 1 0
github.com/jaas/jaas/internal/organization/services/team_service.go:172.2,172.21 1 0
github.com/jaas/jaas/internal/organization/services/team_service.go:172.21,174.24 2 0
github.com/jaas/jaas/internal/organization/services/team_service.go:174.24,177.18 2 0
github.com/jaas/jaas/internal/organization/services/team_service.go:177.18,179.5 1 0
github.com/jaas/jaas/internal/organization/services/team_service.go:180.4,180.49 1 0
github.com/jaas/jaas/internal/organization/services/team_service.go:180.49,182.5 1 0
github.com/jaas/jaas/internal/organization/services/team_service.go:183.4,183.20 1 0
github.com/jaas/jaas/internal/organization/services/team_service.go:186.2,186.27 1 0
github.com/jaas/jaas/internal/organization/services/team_service.go:186.27,188.17 2 0
github.com/jaas/jaas/internal/organization/services/team_service.go:188.17,190.4 1 0
github.com/jaas/jaas/internal/organization/services/team_service.go:191.3,191.27 1 0
github.com/jaas/jaas/internal/organization/services/team_service.go:194.2,194.57 1 0
github.com/jaas/jaas/internal/organization/services/team_service.go:194.57,196.3 1 0
github.com/jaas/jaas/internal/organization/services/team_service.go:197.2,199.46 2 0
github.com/jaas/jaas/internal/organization/services/team_service.go:202.139,204.16 2 0
github.com/jaas/jaas/internal/organization/services/team_service.go:204.16,206.3 1 0
github.com/jaas/jaas/internal/organization/services/team_service.go:207.2,207.17 1 0
github.com/jaas/jaas/internal/organization/services/team_service.go:207.17,209.3 1 0
github.com/jaas/jaas/internal/organization/services/team_service.go:210.2,210.31 1 0
github.com/jaas/jaas/internal/organization/services/team_service.go:210.31,212.3 1 0
github.com/jaas/jaas/internal/organization/services/team_service.go:213.2,214.16 2 0
github.com/jaas/jaas/internal/organization/services/team_service.go:214.16,216.3 1 0
github.com/jaas/jaas/internal/organization/services/team_service.go:217.2,217.15 1 0
github.com/jaas/jaas/internal/organization/services/team_service.go:217.15,219.3 1 0
github.com/jaas/jaas/internal/organization/services/team_service.go:220.2,221.57 2 0
github.com/jaas/jaas/internal/organization/services/team_service.go:221.57,223.3 1 0
github.com/jaas/jaas/internal/organization/services/team_service.go:224.2,225.46 2 0
github.com/jaas/jaas/internal/employee/services/document_service.go:32.27,38.2 1 0
github.com/jaas/jaas/internal/employee/services/document_service.go:40.156,42.16 2 0
github.com/jaas/jaas/internal/employee/services/document_service.go:42.16,44.3 1 0
github.com/jaas/jaas/internal/employee/services/document_service.go:45.2,45.20 1 0
github.com/jaas/jaas/internal/employee/services/document_service.go:45.20,47.3 1 0
github.com/jaas/jaas/internal/employee/services/document_service.go:49.2,59.56 3 0
github.com/jaas/jaas/internal/employee/services/document_service.go:59.56,61.3 1 0
github.com/jaas/jaas/internal/employee/services/document_service.go:63.2,63.37 1 0
github.com/jaas/jaas/internal/employee/services/document_service.go:66.124,68.16 2 0
github.com/jaas/jaas/internal/employee/services/document_service.go:68.16,70.3 1 0
github.com/jaas/jaas/internal/employee/services/document_service.go:72.2,73.22 2 0
github.com/jaas/jaas/internal/employee/services/document_service.go:73.22,75.3 1 0
github.com/jaas/jaas/internal/employee/services/document_service.go:76.2,76.17 1 0
github.com/jaas/jaas/internal/employee/services/document_service.go:79.144,81.16 2 0
github.com/jaas/jaas/internal/employee/services/document_service.go:81.16,83.3 1 0
github.com/jaas/jaas/internal/employee/services/document_service.go:85.2,85.54 1 0
github.com/jaas/jaas/internal/employee/services/document_service.go:85.54,87.3 1 0
github.com/jaas/jaas/internal/employee/services/document_service.go:89.2,93.56 4 0
github.com/jaas/jaas/internal/employee/services/document_service.go:93.56,95.3 1 0
github.com/jaas/jaas/internal/employee/services/document_service.go:97.2,97.24 1 0
github.com/jaas/jaas/internal/employee/services/document_service.go:97.24,100.3 2 0
github.com/jaas/jaas/internal/employee/services/document_service.go:102.2,102.37 1 0
github.com/jaas/jaas/internal/employee/services/document_service.go:105.75,106.14 1 0
github.com/jaas/jaas/internal/employee/services/document_service.go:106.14,108.3 1 0
github.com/jaas/jaas/internal/employee/services/document_service.go:109.2,120.3 1 0
github.com/jaas/jaas/internal/employee/services/employee_service.go:49.19,58.2 1 0
github.com/jaas/jaas/internal/employee/services/employee_service.go:60.145,61.74 1 0
github.com/jaas/jaas/internal/employee/services/employee_service.go:61.74,63.3 1 0
github.com/jaas/jaas/internal/employee/services/employee_service.go:64.2,64.78 1 0
github.com/jaas/jaas/internal/employee/services/employee_service.go:64.78,66.3 1 0
github.com/jaas/jaas/internal/employee/services/employee_service.go:69.2,69.22 1 0
github.com/jaas/jaas/internal/employee/services/employee_service.go:69.22,71.32 2 0
github.com/jaas/jaas/internal/employee/services/employee_service.go:71.32,73.4 1 0
github.com/jaas/jaas/internal/employee/services/employee_service.go:77.2,78.16 2 0
github.com/jaas/jaas/internal/employee/services/employee_service.go:78.16,80.3 1 0
github.com/jaas/jaas/internal/employee/services/employee_service.go:81.2,81.21 1 0
github.com/jaas/jaas/internal/employee/services/employee_service.go:81.21,83.3 1 0
github.com/jaas/jaas/internal/employee/services/employee_service.go:86.2,87.29 2 0
github.com/jaas/jaas/internal/employee/services/employee_service.go:87.29,89.3 1 0
github.com/jaas/jaas/internal/employee/services/employee_service.go:91.2,93.75 3 0
github.com/jaas/jaas/internal/employee/services/employee_service.go:93.75,95.3 1 0
github.com/jaas/jaas/internal/employee/services/employee_service.go:97.2,114.23 5 0
github.com/jaas/jaas/internal/employee/services/employee_service.go:114.23,116.3 1 0
github.com/jaas/jaas/internal/employee/services/employee_service.go:118.2,147.17 7 0
github.com/jaas/jaas/internal/employee/services/employee_service.go:147.17,148.67 1 0
github.com/jaas/jaas/internal/employee/services/employee_service.go:148.67,150.57 2 0
github.com/jaas/jaas/internal/employee/services/employee_service.go:150.57,152.5 1 0
github.com/jaas/jaas/internal/employee/services/employee_service.go:153.4,153.54 1 0
github.com/jaas/jaas/internal/employee/services/employee_service.go:153.54,155.5 1 0
github.com/jaas/jaas/internal/employee/services/employee_service.go:156.4,156.51 1 0
github.com/jaas/jaas/internal/employee/services/employee_service.go:156.51,158.5 1 0
github.com/jaas/jaas/internal/employee/services/employee_service.go:159.4,159.52 1 0
github.com/jaas/jaas/internal/employee/services/employee_service.go:159.52,161.5 1 0
github.com/jaas/jaas/internal/employee/services/employee_service.go:164.4,178.34 4 0
github.com/jaas/jaas/internal/employee/services/employee_service.go:180.3,180.17 1 0
github.com/jaas/jaas/internal/employee/services/employee_service.go:180.17,182.4 1 0
github.com/jaas/jaas/internal/employee/services/employee_service.go:183.8,186.28 2 0
github.com/jaas/jaas/internal/employee/services/employee_service.go:186.28,188.4 1 0
github.com/jaas/jaas/internal/employee/services/employee_service.go:191.2,194.24 3 0
github.com/jaas/jaas/internal/employee/services/employee_service.go:194.24,197.3 2 0
github.com/jaas/jaas/internal/employee/services/employee_service.go:199.2,199.41 1 0
github.com/jaas/jaas/internal/employee/services/employee_service.go:202.111,204.16 2 0
github.com/jaas/jaas/internal/employee/services/employee_service.go:204.16,206.3 1 0
github.com/jaas/jaas/internal/employee/services/employee_service.go:207.2,207.20 1 0
github.com/jaas/jaas/internal/employee/services/employee_service.go:207.20,209.3 1 0
github.com/jaas/jaas/internal/employee/services/employee_service.go:210.2,210.41 1 0
github.com/jaas/jaas/internal/employee/services/employee_service.go:213.119,215.16 2 0
github.com/jaas/jaas/internal/employee/services/employee_service.go:215.16,217.3 1 0
github.com/jaas/jaas/internal/employee/services/employee_service.go:218.2,218.20 1 0
github.com/jaas/jaas/internal/employee/services/employee_service.go:218.20,220.3 1 0
github.com/jaas/jaas/internal/employee/services/employee_service.go:221.2,221.41 1 0
github.com/jaas/jaas/internal/employee/services/employee_service.go:224.139,226.16 2 0
github.com/jaas/jaas/internal/employee/services/employee_service.go:226.16,228.3 1 0
github.com/jaas/jaas/internal/employee/services/employee_service.go:230.2,231.26 2 0
github.com/jaas/jaas/internal/employee/services/employee_service.go:231.26,233.3 1 0
github.com/jaas/jaas/internal/employee/services/employee_service.go:234.2,234.24 1 0
github.com/jaas/jaas/internal/employee/services/employee_service.go:237.141,239.16 2 0
github.com/jaas/jaas/internal/employee/services/employee_service.go:239.16,241.3 1 0
github.com/jaas/jaas/internal/employee/services/employee_service.go:242.2,242.20 1 0
github.com/jaas/jaas/internal/employee/services/employee_service.go:242.20,244.3 1 0
github.com/jaas/jaas/internal/employee/services/employee_service.go:246.2,246.26 1 0
github.com/jaas/jaas/internal/employee/services/employee_service.go:246.26,248.3 1 0
github.com/jaas/jaas/internal/employee/services/employee_service.go:249.2,249.25 1 0
github.com/jaas/jaas/internal/employee/services/employee_service.go:249.25,251.3 1 0
github.com/jaas/jaas/internal/employee/services/employee_service.go:252.2,252.28 1 0
github.com/jaas/jaas/internal/employee/services/employee_service.go:252.28,254.3 1 0
github.com/jaas/jaas/internal/employee/services/employee_service.go:255.2,255.23 1 0
github.com/jaas/jaas/internal/employee/services/employee_service.go:255.23,257.3 1 0
github.com/jaas/jaas/internal/employee/services/employee_service.go:258.2,258.28 1 0
github.com/jaas/jaas/internal/employee/services/employee_service.go:258.28,260.3 1 0
github.com/jaas/jaas/internal/employee/services/employee_service.go:261.2,261.30 1 0
github.com/jaas/jaas/internal/employee/services/employee_service.go:261.30,263.3 1 0
github.com/jaas/jaas/internal/employee/services/employee_service.go:264.2,264.27 1 0
github.com/jaas/jaas/internal/employee/services/employee_service.go:264.27,266.3 1 0
github.com/jaas/jaas/internal/employee/services/employee_service.go:267.2,267.26 1 0
github.com/jaas/jaas/internal/employee/services/employee_service.go:267.26,269.3 1 0
github.com/jaas/jaas/internal/employee/services/employee_service.go:271.2,271.64 1 0
github.com/jaas/jaas/internal/employee/services/employee_service.go:271.64,273.3 1 0
github.com/jaas/jaas/internal/employee/services/employee_service.go:275.2,275.41 1 0
github.com/jaas/jaas/internal/employee/services/employee_service.go:278.159,280.16 2 0
github.com/jaas/jaas/internal/employee/services/employee_service.go:280.16,282.3 1 0
github.com/jaas/jaas/internal/employee/services/employee_service.go:283.2,283.20 1 0
github.com/jaas/jaas/internal/employee/services/employee_service.go:283.20,285.3 1 0
github.com/jaas/jaas/internal/employee/services/employee_service.go:287.2,287.28 1 0
github.com/jaas/jaas/internal/employee/services/employee_service.go:287.28,292.3 2 0
github.com/jaas/jaas/internal/employee/services/employee_service.go:294.2,294.30 1 0
github.com/jaas/jaas/internal/employee/services/employee_service.go:294.30,296.3 1 0
github.com/jaas/jaas/internal/employee/services/employee_service.go:297.2,297.31 1 0
github.com/jaas/jaas/internal/employee/services/employee_service.go:297.31,299.3 1 0
github.com/jaas/jaas/internal/employee/services/employee_service.go:300.2,300.33 1 0
github.com/jaas/jaas/internal/employee/services/employee_service.go:300.33,302.3 1 0
github.com/jaas/jaas/internal/employee/services/employee_service.go:303.2,303.34 1 0
github.com/jaas/jaas/internal/employee/services/employee_service.go:303.34,304.86 1 0
github.com/jaas/jaas/internal/employee/services/employee_service.go:304.86,306.4 1 0
github.com/jaas/jaas/internal/employee/services/employee_service.go:307.3,308.15 2 0
github.com/jaas/jaas/internal/employee/services/employee_service.go:308.15,310.4 1 0
github.com/jaas/jaas/internal/employee/services/employee_service.go:311.3,311.41 1 0
github.com/jaas/jaas/internal/employee/services/employee_service.go:314.2,314.79 1 0
github.com/jaas/jaas/internal/employee/services/employee_service.go:314.79,316.3 1 0
github.com/jaas/jaas/internal/employee/services/employee_service.go:318.2,318.41 1 0
github.com/jaas/jaas/internal/employee/services/employee_service.go:321.153,322.62 1 0
github.com/jaas/jaas/internal/employee/services/employee_service.go:322.62,324.3 1 0
github.com/jaas/jaas/internal/employee/services/employee_service.go:326.2,327.16 2 0
github.com/jaas/jaas/internal/employee/services/employee_service.go:327.16,329.3 1 0
github.com/jaas/jaas/internal/employee/services/employee_service.go:330.2,330.20 1 0
github.com/jaas/jaas/internal/employee/services/employee_service.go:330.20,332.3 1 0
github.com/jaas/jaas/internal/employee/services/employee_service.go:334.2,336.28 3 0
github.com/jaas/jaas/internal/employee/services/employee_service.go:336.28,338.3 1 0
github.com/jaas/jaas/internal/employee/services/employee_service.go:340.2,340.76 1 0
github.com/jaas/jaas/internal/employee/services/employee_service.go:340.76,342.3 1 0
github.com/jaas/jaas/internal/employee/services/employee_service.go:344.2,349.17 5 0
github.com/jaas/jaas/internal/employee/services/employee_service.go:349.17,350.67 1 0
github.com/jaas/jaas/internal/employee/services/employee_service.go:350.67,352.57 2 0
github.com/jaas/jaas/internal/employee/services/employee_service.go:352.57,354.5 1 0
github.com/jaas/jaas/internal/employee/services/employee_service.go:355.4,355.39 1 0
github.com/jaas/jaas/internal/employee/services/employee_service.go:355.39,356.91 1 0
github.com/jaas/jaas/internal/employee/services/employee_service.go:356.91,358.6 1 0
github.com/jaas/jaas/internal/employee/services/employee_service.go:362.4,362.38 1 0
github.com/jaas/jaas/internal/employee/services/employee_service.go:362.38,363.99 1 0
github.com/jaas/jaas/internal/employee/services/employee_service.go:363.99,365.64 2 0
github.com/jaas/jaas/internal/employee/services/employee_service.go:365.64,367.7 1 0
github.com/jaas/jaas/internal/employee/services/employee_service.go:372.4,380.36 3 0
github.com/jaas/jaas/internal/employee/services/employee_service.go:382.3,382.17 1 0
github.com/jaas/jaas/internal/employee/services/employee_service.go:382.17,384.4 1 0
github.com/jaas/jaas/internal/employee/services/employee_service.go:385.8,387.3 1 0
github.com/jaas/jaas/internal/employee/services/employee_service.go:389.2,389.24 1 0
github.com/jaas/jaas/internal/employee/services/employee_service.go:389.24,397.3 2 0
github.com/jaas/jaas/internal/employee/services/employee_service.go:399.2,399.41 1 0
github.com/jaas/jaas/internal/employee/services/employee_service.go:402.89,404.16 2 0
github.com/jaas/jaas/internal/employee/services/employee_service.go:404.16,406.3 1 0
github.com/jaas/jaas/internal/employee/services/employee_service.go:407.2,407.20 1 0
github.com/jaas/jaas/internal/employee/services/employee_service.go:407.20,409.3 1 0
github.com/jaas/jaas/internal/employee/services/employee_service.go:410.2,411.48 2 0
github.com/jaas/jaas/internal/employee/services/employee_service.go:414.74,415.14 1 0
github.com/jaas/jaas/internal/employee/services/employee_service.go:415.14,417.3 1 0
github.com/jaas/jaas/internal/employee/services/employee_service.go:418.2,436.31 2 0
github.com/jaas/jaas/internal/employee/services/employee_service.go:436.31,447.3 1 0
github.com/jaas/jaas/internal/employee/services/employee_service.go:449.2,449.22 1 0
github.com/jaas/jaas/internal/employee/services/employee_service.go:449.22,458.3 1 0
github.com/jaas/jaas/internal/employee/services/employee_service.go:460.2,460.12 1 0
github.com/jaas/jaas/internal/employee/services/employee_service.go:466.137,469.14 3 0
github.com/jaas/jaas/internal/employee/services/employee_service.go:469.14,470.17 1 0
github.com/jaas/jaas/internal/employee/services/employee_service.go:470.17,472.4 1 0
github.com/jaas/jaas/internal/employee/services/employee_service.go:473.3,473.19 1 0
github.com/jaas/jaas/internal/employee/services/employee_service.go:475.2,475.33 1 0
github.com/jaas/jaas/internal/employee/services/employee_service.go:475.33,477.3 1 0
github.com/jaas/jaas/internal/employee/services/employee_service.go:478.2,478.32 1 0
github.com/jaas/jaas/internal/employee/services/employee_service.go:478.32,480.3 1 0
github.com/jaas/jaas/internal/employee/services/employee_service.go:481.2,481.25 1 0
github.com/jaas/jaas/internal/employee/services/employee_service.go:481.25,483.3 1 0
github.com/jaas/jaas/internal/employee/services/employee_service.go:484.2,484.26 1 0
github.com/jaas/jaas/internal/employee/services/employee_service.go:484.26,486.3 1 0
github.com/jaas/jaas/internal/employee/services/employee_service.go:487.2,487.55 1 0
github.com/jaas/jaas/internal/employee/services/employee_service.go:487.55,488.32 1 0
github.com/jaas/jaas/internal/employee/services/employee_service.go:488.32,490.4 1 0
github.com/jaas/jaas/internal/employee/services/employee_service.go:491.3,491.26 1 0
github.com/jaas/jaas/internal/employee/services/employee_service.go:493.2,493.54 1 0
github.com/jaas/jaas/internal/employee/services/employee_service.go:493.54,494.31 1 0
github.com/jaas/jaas/internal/employee/services/employee_service.go:494.31,496.4 1 0
github.com/jaas/jaas/internal/employee/services/employee_service.go:497.3,497.24 1 0
github.com/jaas/jaas/internal/employee/services/employee_service.go:497.24,500.4 2 0
github.com/jaas/jaas/internal/employee/services/employee_service.go:502.2,502.16 1 0
github.com/jaas/jaas/internal/employee/services/employee_service.go:502.16,503.24 1 0
github.com/jaas/jaas/internal/employee/services/employee_service.go:503.24,505.4 1 0
github.com/jaas/jaas/internal/employee/services/employee_service.go:506.3,506.24 1 0
github.com/jaas/jaas/internal/employee/services/employee_service.go:508.2,508.18 1 0
github.com/jaas/jaas/internal/employee/services/event_consumer.go:21.85,26.2 1 0
github.com/jaas/jaas/internal/employee/services/event_consumer.go:28.102,30.34 2 0
github.com/jaas/jaas/internal/employee/services/event_consumer.go:30.34,31.22 1 0
github.com/jaas/jaas/internal/employee/services/event_consumer.go:31.22,33.4 1 0
github.com/jaas/jaas/internal/employee/services/event_consumer.go:34.3,34.13 1 0
github.com/jaas/jaas/internal/employee/services/event_consumer.go:39.2,39.24 1 0
github.com/jaas/jaas/internal/employee/services/event_consumer.go:40.44,41.13 1 0
github.com/jaas/jaas/internal/employee/services/event_consumer.go:44.2,51.12 3 0
github.com/jaas/jaas/internal/employee/services/statutory_service.go:26.28,31.2 1 0
github.com/jaas/jaas/internal/employee/services/statutory_service.go:33.151,35.16 2 0
github.com/jaas/jaas/internal/employee/services/statutory_service.go:35.16,37.3 1 0
github.com/jaas/jaas/internal/employee/services/statutory_service.go:38.2,38.17 1 0
github.com/jaas/jaas/internal/employee/services/statutory_service.go:38.17,40.3 1 0
github.com/jaas/jaas/internal/employee/services/statutory_service.go:42.2,49.15 2 0
github.com/jaas/jaas/internal/employee/services/statutory_service.go:49.15,53.3 3 0
github.com/jaas/jaas/internal/employee/services/statutory_service.go:53.8,57.3 3 0
github.com/jaas/jaas/internal/employee/services/statutory_service.go:59.2,59.17 1 0
github.com/jaas/jaas/internal/employee/services/statutory_service.go:62.159,65.16 2 0
github.com/jaas/jaas/internal/employee/services/statutory_service.go:65.16,67.3 1 0
github.com/jaas/jaas/internal/employee/services/statutory_service.go:68.2,68.20 1 0
github.com/jaas/jaas/internal/employee/services/statutory_service.go:68.20,70.3 1 0
github.com/jaas/jaas/internal/employee/services/statutory_service.go:72.2,82.63 3 0
github.com/jaas/jaas/internal/employee/services/statutory_service.go:82.63,84.3 1 0
github.com/jaas/jaas/internal/employee/services/statutory_service.go:86.2,94.8 1 0
github.com/jaas/jaas/internal/employee/services/statutory_service.go:97.34,98.17 1 0
github.com/jaas/jaas/internal/employee/services/statutory_service.go:98.17,100.3 1 0
github.com/jaas/jaas/internal/employee/services/statutory_service.go:101.2,101.30 1 0
github.com/jaas/jaas/internal/employee/services/timeline_service.go:25.27,30.2 1 0
github.com/jaas/jaas/internal/employee/services/timeline_service.go:32.124,34.16 2 0
github.com/jaas/jaas/internal/employee/services/timeline_service.go:34.16,36.3 1 0
github.com/jaas/jaas/internal/employee/services/timeline_service.go:37.2,37.20 1 0
github.com/jaas/jaas/internal/employee/services/timeline_service.go:37.20,39.3 1 0
github.com/jaas/jaas/internal/employee/services/timeline_service.go:41.2,42.16 2 0
github.com/jaas/jaas/internal/employee/services/timeline_service.go:42.16,44.3 1 0
github.com/jaas/jaas/internal/employee/services/timeline_service.go:46.2,47.27 2 0
github.com/jaas/jaas/internal/employee/services/timeline_service.go:47.27,49.3 1 0
github.com/jaas/jaas/internal/employee/services/timeline_service.go:50.2,50.17 1 0
github.com/jaas/jaas/internal/employee/services/timeline_service.go:53.75,54.14 1 0
github.com/jaas/jaas/internal/employee/services/timeline_service.go:54.14,56.3 1 0
github.com/jaas/jaas/internal/employee/services/timeline_service.go:57.2,65.3 1 0
github.com/jaas/jaas/internal/organization/services/department_service.go:41.21,43.2 1 0
github.com/jaas/jaas/internal/organization/services/department_service.go:45.191,47.16 2 0
github.com/jaas/jaas/internal/organization/services/department_service.go:47.16,49.3 1 0
github.com/jaas/jaas/internal/organization/services/department_service.go:50.2,50.21 1 0
github.com/jaas/jaas/internal/organization/services/department_service.go:50.21,52.3 1 0
github.com/jaas/jaas/internal/organization/services/department_service.go:54.2,55.16 2 0
github.com/jaas/jaas/internal/organization/services/department_service.go:55.16,57.3 1 0
github.com/jaas/jaas/internal/organization/services/department_service.go:58.2,58.21 1 0
github.com/jaas/jaas/internal/organization/services/department_service.go:58.21,60.17 2 0
github.com/jaas/jaas/internal/organization/services/department_service.go:60.17,62.4 1 0
github.com/jaas/jaas/internal/organization/services/department_service.go:63.3,63.20 1 0
github.com/jaas/jaas/internal/organization/services/department_service.go:63.20,65.4 1 0
github.com/jaas/jaas/internal/organization/services/department_service.go:66.3,66.84 1 0
github.com/jaas/jaas/internal/organization/services/department_service.go:66.84,68.4 1 0
github.com/jaas/jaas/internal/organization/services/department_service.go:71.2,79.57 3 0
github.com/jaas/jaas/internal/organization/services/department_service.go:79.57,81.3 1 0
github.com/jaas/jaas/internal/organization/services/department_service.go:83.2,88.63 3 0
github.com/jaas/jaas/internal/organization/services/department_service.go:91.134,93.16 2 0
github.com/jaas/jaas/internal/organization/services/department_service.go:93.16,95.3 1 0
github.com/jaas/jaas/internal/organization/services/department_service.go:96.2,96.17 1 0
github.com/jaas/jaas/internal/organization/services/department_service.go:96.17,98.3 1 0
github.com/jaas/jaas/internal/organization/services/department_service.go:99.2,99.63 1 0
github.com/jaas/jaas/internal/organization/services/department_service.go:102.155,104.16 2 0
github.com/jaas/jaas/internal/organization/services/department_service.go:104.16,106.3 1 0
github.com/jaas/jaas/internal/organization/services/department_service.go:107.2,108.23 2 0
github.com/jaas/jaas/internal/organization/services/department_service.go:108.23,110.17 2 0
github.com/jaas/jaas/internal/organization/services/department_service.go:110.17,112.4 1 0
github.com/jaas/jaas/internal/organization/services/department_service.go:113.3,113.17 1 0
github.com/jaas/jaas/internal/organization/services/department_service.go:115.2,115.104 1 0
github.com/jaas/jaas/internal/organization/services/department_service.go:118.170,120.16 2 0
github.com/jaas/jaas/internal/organization/services/department_service.go:120.16,122.3 1 0
github.com/jaas/jaas/internal/organization/services/department_service.go:123.2,123.17 1 0
github.com/jaas/jaas/internal/organization/services/department_service.go:123.17,125.3 1 0
github.com/jaas/jaas/internal/organization/services/department_service.go:127.2,127.66 1 0
github.com/jaas/jaas/internal/organization/services/department_service.go:127.66,129.17 2 0
github.com/jaas/jaas/internal/organization/services/department_service.go:129.17,131.4 1 0
github.com/jaas/jaas/internal/organization/services/department_service.go:132.3,132.48 1 0
github.com/jaas/jaas/internal/organization/services/department_service.go:132.48,134.4 1 0
github.com/jaas/jaas/internal/organization/services/department_service.go:135.3,135.43 1 0
github.com/jaas/jaas/internal/organization/services/department_service.go:137.2,137.28 1 0
github.com/jaas/jaas/internal/organization/services/department_service.go:137.28,139.3 1 0
github.com/jaas/jaas/internal/organization/services/department_service.go:140.2,140.35 1 0
github.com/jaas/jaas/internal/organization/services/department_service.go:140.35,142.17 2 0
github.com/jaas/jaas/internal/organization/services/department_service.go:142.17,144.4 1 0
github.com/jaas/jaas/internal/organization/services/department_service.go:145.3,145.46 1 0
github.com/jaas/jaas/internal/organization/services/department_service.go:145.46,147.4 1 0
github.com/jaas/jaas/internal/organization/services/department_service.go:148.3,148.22 1 0
github.com/jaas/jaas/internal/organization/services/department_service.go:148.22,150.18 2 0
github.com/jaas/jaas/internal/organization/services/department_service.go:150.18,152.5 1 0
github.com/jaas/jaas/internal/organization/services/department_service.go:153.4,153.21 1 0
github.com/jaas/jaas/internal/organization/services/department_service.go:153.21,155.5 1 0
github.com/jaas/jaas/internal/organization/services/department_service.go:158.4,158.84 1 0
github.com/jaas/jaas/internal/organization/services/department_service.go:158.84,160.5 1 0
github.com/jaas/jaas/internal/organization/services/department_service.go:162.3,162.37 1 0
github.com/jaas/jaas/internal/organization/services/department_service.go:165.2,165.57 1 0
github.com/jaas/jaas/internal/organization/services/department_service.go:165.57,167.3 1 0
github.com/jaas/jaas/internal/organization/services/department_service.go:168.2,169.63 2 0
github.com/jaas/jaas/internal/organization/services/department_service.go:173.139,174.84 1 0
github.com/jaas/jaas/internal/organization/services/department_service.go:174.84,176.3 1 0
github.com/jaas/jaas/internal/organization/services/department_service.go:177.2,178.17 2 0
github.com/jaas/jaas/internal/organization/services/department_service.go:178.17,179.23 1 0
github.com/jaas/jaas/internal/organization/services/department_service.go:179.23,181.4 1 0
github.com/jaas/jaas/internal/organization/services/department_service.go:182.3,183.34 2 0
github.com/jaas/jaas/internal/organization/services/department_service.go:183.34,185.4 1 0
github.com/jaas/jaas/internal/organization/services/department_service.go:186.3,186.34 1 0
github.com/jaas/jaas/internal/organization/services/department_service.go:188.2,188.12 1 0
github.com/jaas/jaas/internal/organization/services/department_service.go:191.169,193.16 2 0
github.com/jaas/jaas/internal/organization/services/department_service.go:193.16,195.3 1 0
github.com/jaas/jaas/internal/organization/services/department_service.go:196.2,196.17 1 0
github.com/jaas/jaas/internal/organization/services/department_service.go:196.17,198.3 1 0
github.com/jaas/jaas/internal/organization/services/department_service.go:199.2,199.31 1 0
github.com/jaas/jaas/internal/organization/services/department_service.go:199.31,201.3 1 0
github.com/jaas/jaas/internal/organization/services/department_service.go:203.2,204.16 2 0
github.com/jaas/jaas/internal/organization/services/department_service.go:204.16,206.3 1 0
github.com/jaas/jaas/internal/organization/services/department_service.go:207.2,208.16 2 0
github.com/jaas/jaas/internal/organization/services/department_service.go:208.16,210.3 1 0
github.com/jaas/jaas/internal/organization/services/department_service.go:211.2,211.47 1 0
github.com/jaas/jaas/internal/organization/services/department_service.go:211.47,213.3 1 0
github.com/jaas/jaas/internal/organization/services/department_service.go:214.2,214.11 1 0
github.com/jaas/jaas/internal/organization/services/department_service.go:214.11,216.17 2 0
github.com/jaas/jaas/internal/organization/services/department_service.go:216.17,218.4 1 0
github.com/jaas/jaas/internal/organization/services/department_service.go:219.3,219.27 1 0
github.com/jaas/jaas/internal/organization/services/department_service.go:219.27,220.38 1 0
github.com/jaas/jaas/internal/organization/services/department_service.go:220.38,222.68 2 0
github.com/jaas/jaas/internal/organization/services/department_service.go:222.68,224.6 1 0
github.com/jaas/jaas/internal/organization/services/department_service.go:229.2,230.57 2 0
github.com/jaas/jaas/internal/organization/services/department_service.go:230.57,232.3 1 0
github.com/jaas/jaas/internal/organization/services/department_service.go:233.2,234.63 2 0
github.com/jaas/jaas/internal/organization/services/designation_service.go:33.183,35.2 1 0
github.com/jaas/jaas/internal/organization/services/designation_service.go:37.69,43.2 1 0
github.com/jaas/jaas/internal/organization/services/designation_service.go:45.195,47.16 2 0
github.com/jaas/jaas/internal/organization/services/designation_service.go:47.16,49.3 1 0
github.com/jaas/jaas/internal/organization/services/designation_service.go:50.2,50.21 1 0
github.com/jaas/jaas/internal/organization/services/designation_service.go:50.21,52.3 1 0
github.com/jaas/jaas/internal/organization/services/designation_service.go:53.2,58.50 3 0
github.com/jaas/jaas/internal/organization/services/designation_service.go:58.50,60.3 1 0
github.com/jaas/jaas/internal/organization/services/designation_service.go:61.2,62.31 2 0
github.com/jaas/jaas/internal/organization/services/designation_service.go:65.137,67.16 2 0
github.com/jaas/jaas/internal/organization/services/designation_service.go:67.16,69.3 1 0
github.com/jaas/jaas/internal/organization/services/designation_service.go:70.2,70.14 1 0
github.com/jaas/jaas/internal/organization/services/designation_service.go:70.14,72.3 1 0
github.com/jaas/jaas/internal/organization/services/designation_service.go:73.2,73.31 1 0
github.com/jaas/jaas/internal/organization/services/designation_service.go:76.158,78.16 2 0
github.com/jaas/jaas/internal/organization/services/designation_service.go:78.16,80.3 1 0
github.com/jaas/jaas/internal/organization/services/designation_service.go:81.2,82.21 2 0
github.com/jaas/jaas/internal/organization/services/designation_service.go:82.21,84.3 1 0
github.com/jaas/jaas/internal/organization/services/designation_service.go:85.2,85.105 1 0
github.com/jaas/jaas/internal/organization/services/designation_service.go:88.174,90.16 2 0
github.com/jaas/jaas/internal/organization/services/designation_service.go:90.16,92.3 1 0
github.com/jaas/jaas/internal/organization/services/designation_service.go:93.2,93.14 1 0
github.com/jaas/jaas/internal/organization/services/designation_service.go:93.14,95.3 1 0
github.com/jaas/jaas/internal/organization/services/designation_service.go:96.2,96.66 1 0
github.com/jaas/jaas/internal/organization/services/designation_service.go:96.66,98.17 2 0
github.com/jaas/jaas/internal/organization/services/designation_service.go:98.17,100.4 1 0
github.com/jaas/jaas/internal/organization/services/designation_service.go:101.3,101.45 1 0
github.com/jaas/jaas/internal/organization/services/designation_service.go:101.45,103.4 1 0
github.com/jaas/jaas/internal/organization/services/designation_service.go:104.3,104.42 1 0
github.com/jaas/jaas/internal/organization/services/designation_service.go:106.2,106.22 1 0
github.com/jaas/jaas/internal/organization/services/designation_service.go:106.22,108.3 1 0
github.com/jaas/jaas/internal/organization/services/designation_service.go:109.2,109.28 1 0
github.com/jaas/jaas/internal/organization/services/designation_service.go:109.28,111.3 1 0
github.com/jaas/jaas/internal/organization/services/designation_service.go:112.2,112.50 1 0
github.com/jaas/jaas/internal/organization/services/designation_service.go:112.50,114.3 1 0
github.com/jaas/jaas/internal/organization/services/designation_service.go:115.2,116.31 2 0
github.com/jaas/jaas/internal/organization/services/designation_service.go:119.160,121.16 2 0
github.com/jaas/jaas/internal/organization/services/designation_service.go:121.16,123.3 1 0
github.com/jaas/jaas/internal/organization/services/designation_service.go:124.2,124.14 1 0
github.com/jaas/jaas/internal/organization/services/designation_service.go:124.14,126.3 1 0
github.com/jaas/jaas/internal/organization/services/designation_service.go:127.2,127.28 1 0
github.com/jaas/jaas/internal/organization/services/designation_service.go:127.28,129.3 1 0
github.com/jaas/jaas/internal/organization/services/designation_service.go:131.2,132.16 2 0
github.com/jaas/jaas/internal/organization/services/designation_service.go:132.16,134.3 1 0
github.com/jaas/jaas/internal/organization/services/designation_service.go:135.2,135.18 1 0
github.com/jaas/jaas/internal/organization/services/designation_service.go:135.18,137.3 1 0
github.com/jaas/jaas/internal/organization/services/designation_service.go:138.2,139.50 2 0
github.com/jaas/jaas/internal/organization/services/designation_service.go:139.50,141.3 1 0
github.com/jaas/jaas/internal/organization/services/designation_service.go:142.2,143.31 2 0
github.com/jaas/jaas/internal/organization/services/event_consumer.go:25.64,27.2 1 0
github.com/jaas/jaas/internal/organization/services/event_consumer.go:29.154,30.20 1 0
github.com/jaas/jaas/internal/organization/services/event_consumer.go:31.38,34.53 2 0
github.com/jaas/jaas/internal/organization/services/event_consumer.go:34.53,36.4 1 0
github.com/jaas/jaas/internal/organization/services/event_consumer.go:37.3,37.91 1 0
github.com/jaas/jaas/internal/organization/services/event_consumer.go:38.96,41.13 1 0
github.com/jaas/jaas/internal/organization/services/event_consumer.go:42.10,43.68 1 0
github.com/jaas/jaas/internal/organization/services/helpers.go:30.47,31.26 1 0
github.com/jaas/jaas/internal/organization/services/helpers.go:31.26,33.3 1 0
github.com/jaas/jaas/internal/organization/services/helpers.go:34.2,35.16 2 0
github.com/jaas/jaas/internal/organization/services/helpers.go:35.16,37.3 1 0
github.com/jaas/jaas/internal/organization/services/helpers.go:38.2,38.17 1 0
github.com/jaas/jaas/internal/organization/services/helpers.go:42.42,43.15 1 0
github.com/jaas/jaas/internal/organization/services/helpers.go:43.15,45.3 1 0
github.com/jaas/jaas/internal/organization/services/helpers.go:46.2,47.11 2 0
github.com/jaas/jaas/internal/organization/services/helpers.go:51.152,55.17 4 0
github.com/jaas/jaas/internal/organization/services/helpers.go:55.17,56.17 1 0
github.com/jaas/jaas/internal/organization/services/helpers.go:56.17,58.4 1 0
github.com/jaas/jaas/internal/organization/services/helpers.go:59.3,61.43 3 0
github.com/jaas/jaas/internal/organization/services/helpers.go:61.43,63.4 1 0
github.com/jaas/jaas/internal/organization/services/helpers.go:64.3,65.34 2 0
github.com/jaas/jaas/internal/organization/services/helpers.go:65.34,67.4 1 0
github.com/jaas/jaas/internal/organization/services/helpers.go:68.3,68.34 1 0
github.com/jaas/jaas/internal/organization/services/helpers.go:70.2,70.12 1 0
github.com/jaas/jaas/internal/organization/services/helpers.go:74.162,79.36 5 0
github.com/jaas/jaas/internal/organization/services/helpers.go:79.36,80.36 1 0
github.com/jaas/jaas/internal/organization/services/helpers.go:80.36,81.9 1 0
github.com/jaas/jaas/internal/organization/services/helpers.go:83.3,87.34 5 0
github.com/jaas/jaas/internal/organization/services/helpers.go:87.34,89.4 1 0
github.com/jaas/jaas/internal/organization/services/helpers.go:90.3,90.15 1 0
github.com/jaas/jaas/internal/organization/services/helpers.go:92.2,92.25 1 0
github.com/jaas/jaas/internal/organization/services/helpers.go:95.177,97.16 2 0
github.com/jaas/jaas/internal/organization/services/helpers.go:97.16,99.3 1 0
github.com/jaas/jaas/internal/organization/services/helpers.go:100.2,112.8 1 0
github.com/jaas/jaas/internal/organization/services/helpers.go:118.123,119.78 1 0
github.com/jaas/jaas/internal/organization/services/helpers.go:119.78,121.3 1 0
github.com/jaas/jaas/internal/organization/services/helpers.go:122.2,122.15 1 0
github.com/jaas/jaas/internal/organization/services/helpers.go:122.15,124.3 1 0
github.com/jaas/jaas/internal/organization/services/helpers.go:125.2,126.16 2 0
github.com/jaas/jaas/internal/organization/services/helpers.go:126.16,128.3 1 0
github.com/jaas/jaas/internal/organization/services/helpers.go:129.2,135.4 1 0
github.com/jaas/jaas/internal/organization/services/mapping_service.go:45.18,47.2 1 0
github.com/jaas/jaas/internal/organization/services/mapping_service.go:49.57,57.2 1 0
github.com/jaas/jaas/internal/organization/services/mapping_service.go:60.104,62.16 2 0
github.com/jaas/jaas/internal/organization/services/mapping_service.go:62.16,64.3 1 0
github.com/jaas/jaas/internal/organization/services/mapping_service.go:65.2,65.38 1 0
github.com/jaas/jaas/internal/organization/services/mapping_service.go:65.38,67.3 1 0
github.com/jaas/jaas/internal/organization/services/mapping_service.go:68.2,68.12 1 0
github.com/jaas/jaas/internal/organization/services/mapping_service.go:72.159,73.19 1 0
github.com/jaas/jaas/internal/organization/services/mapping_service.go:73.19,75.17 2 0
github.com/jaas/jaas/internal/organization/services/mapping_service.go:75.17,77.4 1 0
github.com/jaas/jaas/internal/organization/services/mapping_service.go:78.3,78.18 1 0
github.com/jaas/jaas/internal/organization/services/mapping_service.go:78.18,80.4 1 0
github.com/jaas/jaas/internal/organization/services/mapping_service.go:82.2,83.19 2 0
github.com/jaas/jaas/internal/organization/services/mapping_service.go:83.19,85.17 2 0
github.com/jaas/jaas/internal/organization/services/mapping_service.go:85.17,87.4 1 0
github.com/jaas/jaas/internal/organization/services/mapping_service.go:88.3,88.15 1 0
github.com/jaas/jaas/internal/organization/services/mapping_service.go:88.15,90.4 1 0
github.com/jaas/jaas/internal/organization/services/mapping_service.go:91.3,91.11 1 0
github.com/jaas/jaas/internal/organization/services/mapping_service.go:93.2,93.20 1 0
github.com/jaas/jaas/internal/organization/services/mapping_service.go:93.20,95.17 2 0
github.com/jaas/jaas/internal/organization/services/mapping_service.go:95.17,97.4 1 0
github.com/jaas/jaas/internal/organization/services/mapping_service.go:98.3,98.15 1 0
github.com/jaas/jaas/internal/organization/services/mapping_service.go:98.15,100.4 1 0
github.com/jaas/jaas/internal/organization/services/mapping_service.go:102.2,102.66 1 0
github.com/jaas/jaas/internal/organization/services/mapping_service.go:102.66,104.3 1 0
github.com/jaas/jaas/internal/organization/services/mapping_service.go:105.2,105.22 1 0
github.com/jaas/jaas/internal/organization/services/mapping_service.go:105.22,106.25 1 0
github.com/jaas/jaas/internal/organization/services/mapping_service.go:106.25,108.4 1 0
github.com/jaas/jaas/internal/organization/services/mapping_service.go:109.3,109.68 1 0
github.com/jaas/jaas/internal/organization/services/mapping_service.go:109.68,111.4 1 0
github.com/jaas/jaas/internal/organization/services/mapping_service.go:112.3,112.85 1 0
github.com/jaas/jaas/internal/organization/services/mapping_service.go:112.85,114.4 1 0
github.com/jaas/jaas/internal/organization/services/mapping_service.go:116.2,116.12 1 0
github.com/jaas/jaas/internal/organization/services/mapping_service.go:120.122,123.26 3 0
github.com/jaas/jaas/internal/organization/services/mapping_service.go:123.26,124.16 1 0
github.com/jaas/jaas/internal/organization/services/mapping_service.go:124.16,126.4 1 0
github.com/jaas/jaas/internal/organization/services/mapping_service.go:127.3,129.67 3 0
github.com/jaas/jaas/internal/organization/services/mapping_service.go:129.67,131.4 1 0
github.com/jaas/jaas/internal/organization/services/mapping_service.go:132.3,132.31 1 0
github.com/jaas/jaas/internal/organization/services/mapping_service.go:134.2,134.128 1 0
github.com/jaas/jaas/internal/organization/services/mapping_service.go:137.179,139.16 2 0
github.com/jaas/jaas/internal/organization/services/mapping_service.go:139.16,141.3 1 0
github.com/jaas/jaas/internal/organization/services/mapping_service.go:142.2,142.63 1 0
github.com/jaas/jaas/internal/organization/services/mapping_service.go:142.63,144.3 1 0
github.com/jaas/jaas/internal/organization/services/mapping_service.go:145.2,146.16 2 0
github.com/jaas/jaas/internal/organization/services/mapping_service.go:146.16,148.3 1 0
github.com/jaas/jaas/internal/organization/services/mapping_service.go:149.2,150.16 2 0
github.com/jaas/jaas/internal/organization/services/mapping_service.go:150.16,152.3 1 0
github.com/jaas/jaas/internal/organization/services/mapping_service.go:153.2,154.16 2 0
github.com/jaas/jaas/internal/organization/services/mapping_service.go:154.16,156.3 1 0
github.com/jaas/jaas/internal/organization/services/mapping_service.go:157.2,158.16 2 0
github.com/jaas/jaas/internal/organization/services/mapping_service.go:158.16,160.3 1 0
github.com/jaas/jaas/internal/organization/services/mapping_service.go:161.2,161.54 1 0
github.com/jaas/jaas/internal/organization/services/mapping_service.go:161.54,163.3 1 0
github.com/jaas/jaas/internal/organization/services/mapping_service.go:164.2,164.99 1 0
github.com/jaas/jaas/internal/organization/services/mapping_service.go:164.99,166.3 1 0
github.com/jaas/jaas/internal/organization/services/mapping_service.go:167.2,167.19 1 0
github.com/jaas/jaas/internal/organization/services/mapping_service.go:167.19,169.17 2 0
github.com/jaas/jaas/internal/organization/services/mapping_service.go:169.17,171.4 1 0
github.com/jaas/jaas/internal/organization/services/mapping_service.go:172.3,172.22 1 0
github.com/jaas/jaas/internal/organization/services/mapping_service.go:172.22,174.4 1 0
github.com/jaas/jaas/internal/organization/services/mapping_service.go:177.2,182.57 3 0
github.com/jaas/jaas/internal/organization/services/mapping_service.go:182.57,184.3 1 0
github.com/jaas/jaas/internal/organization/services/mapping_service.go:186.2,190.27 3 0
github.com/jaas/jaas/internal/organization/services/mapping_service.go:193.125,195.16 2 0
github.com/jaas/jaas/internal/organization/services/mapping_service.go:195.16,197.3 1 0
github.com/jaas/jaas/internal/organization/services/mapping_service.go:198.2,198.14 1 0
github.com/jaas/jaas/internal/organization/services/mapping_service.go:198.14,200.3 1 0
github.com/jaas/jaas/internal/organization/services/mapping_service.go:201.2,201.27 1 0
github.com/jaas/jaas/internal/organization/services/mapping_service.go:204.158,206.16 2 0
github.com/jaas/jaas/internal/organization/services/mapping_service.go:206.16,208.3 1 0
github.com/jaas/jaas/internal/organization/services/mapping_service.go:209.2,210.21 2 0
github.com/jaas/jaas/internal/organization/services/mapping_service.go:210.21,212.3 1 0
github.com/jaas/jaas/internal/organization/services/mapping_service.go:213.2,213.101 1 0
github.com/jaas/jaas/internal/organization/services/mapping_service.go:216.158,218.16 2 0
github.com/jaas/jaas/internal/organization/services/mapping_service.go:218.16,220.3 1 0
github.com/jaas/jaas/internal/organization/services/mapping_service.go:221.2,221.14 1 0
github.com/jaas/jaas/internal/organization/services/mapping_service.go:221.14,223.3 1 0
github.com/jaas/jaas/internal/organization/services/mapping_service.go:225.2,229.29 5 0
github.com/jaas/jaas/internal/organization/services/mapping_service.go:229.29,231.17 2 0
github.com/jaas/jaas/internal/organization/services/mapping_service.go:231.17,233.4 1 0
github.com/jaas/jaas/internal/organization/services/mapping_service.go:235.2,235.23 1 0
github.com/jaas/jaas/internal/organization/services/mapping_service.go:235.23,237.17 2 0
github.com/jaas/jaas/internal/organization/services/mapping_service.go:237.17,239.4 1 0
github.com/jaas/jaas/internal/organization/services/mapping_service.go:241.2,241.30 1 0
github.com/jaas/jaas/internal/organization/services/mapping_service.go:241.30,243.17 2 0
github.com/jaas/jaas/internal/organization/services/mapping_service.go:243.17,245.4 1 0
github.com/jaas/jaas/internal/organization/services/mapping_service.go:247.2,247.30 1 0
github.com/jaas/jaas/internal/organization/services/mapping_service.go:247.30,249.17 2 0
github.com/jaas/jaas/internal/organization/services/mapping_service.go:249.17,251.4 1 0
github.com/jaas/jaas/internal/organization/services/mapping_service.go:253.2,253.101 1 0
github.com/jaas/jaas/internal/organization/services/mapping_service.go:253.101,255.3 1 0
github.com/jaas/jaas/internal/organization/services/mapping_service.go:256.2,256.60 1 0
github.com/jaas/jaas/internal/organization/services/mapping_service.go:256.60,258.17 2 0
github.com/jaas/jaas/internal/organization/services/mapping_service.go:258.17,260.4 1 0
github.com/jaas/jaas/internal/organization/services/mapping_service.go:261.3,261.45 1 0
github.com/jaas/jaas/internal/organization/services/mapping_service.go:261.45,263.66 2 0
github.com/jaas/jaas/internal/organization/services/mapping_service.go:263.66,265.5 1 0
github.com/jaas/jaas/internal/organization/services/mapping_service.go:267.3,267.21 1 0
github.com/jaas/jaas/internal/organization/services/mapping_service.go:268.8,268.33 1 0
github.com/jaas/jaas/internal/organization/services/mapping_service.go:268.33,270.3 1 0
github.com/jaas/jaas/internal/organization/services/mapping_service.go:271.2,273.57 2 0
github.com/jaas/jaas/internal/organization/services/mapping_service.go:273.57,275.3 1 0
github.com/jaas/jaas/internal/organization/services/mapping_service.go:276.2,277.27 2 0
github.com/jaas/jaas/internal/organization/services/mapping_service.go:280.166,282.16 2 0
github.com/jaas/jaas/internal/organization/services/mapping_service.go:282.16,284.3 1 0
github.com/jaas/jaas/internal/organization/services/mapping_service.go:285.2,285.14 1 0
github.com/jaas/jaas/internal/organization/services/mapping_service.go:285.14,287.3 1 0
github.com/jaas/jaas/internal/organization/services/mapping_service.go:288.2,288.28 1 0
github.com/jaas/jaas/internal/organization/services/mapping_service.go:288.28,290.3 1 0
github.com/jaas/jaas/internal/organization/services/mapping_service.go:291.2,293.57 3 0
github.com/jaas/jaas/internal/organization/services/mapping_service.go:293.57,295.3 1 0
github.com/jaas/jaas/internal/organization/services/mapping_service.go:296.2,297.27 2 0
github.com/jaas/jaas/internal/organization/services/mapping_service.go:301.142,303.16 2 0
github.com/jaas/jaas/internal/organization/services/mapping_service.go:303.16,305.3 1 0
github.com/jaas/jaas/internal/organization/services/mapping_service.go:306.2,306.21 1 0
github.com/jaas/jaas/internal/organization/services/mapping_service.go:306.21,307.32 1 0
github.com/jaas/jaas/internal/organization/services/mapping_service.go:307.32,309.65 2 0
github.com/jaas/jaas/internal/organization/services/mapping_service.go:309.65,311.5 1 0
github.com/jaas/jaas/internal/organization/services/mapping_service.go:314.2,315.16 2 0
github.com/jaas/jaas/internal/organization/services/mapping_service.go:315.16,317.3 1 0
github.com/jaas/jaas/internal/organization/services/mapping_service.go:318.2,318.25 1 0
github.com/jaas/jaas/internal/organization/services/mapping_service.go:318.25,320.68 2 0
github.com/jaas/jaas/internal/organization/services/mapping_service.go:320.68,322.4 1 0
github.com/jaas/jaas/internal/organization/services/mapping_service.go:324.2,325.12 2 0
github.com/jaas/jaas/internal/organization/services/org_chart_service.go:35.84,36.20 1 0
github.com/jaas/jaas/internal/organization/services/org_chart_service.go:36.20,38.3 1 0
github.com/jaas/jaas/internal/organization/services/org_chart_service.go:39.2,39.82 1 0
github.com/jaas/jaas/internal/organization/services/org_chart_service.go:57.19,59.2 1 0
github.com/jaas/jaas/internal/organization/services/org_chart_service.go:61.83,63.2 1 0
github.com/jaas/jaas/internal/organization/services/org_chart_service.go:65.157,66.36 1 0
github.com/jaas/jaas/internal/organization/services/org_chart_service.go:66.36,68.3 1 0
github.com/jaas/jaas/internal/organization/services/org_chart_service.go:69.2,70.20 2 0
github.com/jaas/jaas/internal/organization/services/org_chart_service.go:70.20,71.81 1 0
github.com/jaas/jaas/internal/organization/services/org_chart_service.go:71.81,73.51 2 0
github.com/jaas/jaas/internal/organization/services/org_chart_service.go:73.51,75.5 1 0
github.com/jaas/jaas/internal/organization/services/org_chart_service.go:79.2,80.16 2 0
github.com/jaas/jaas/internal/organization/services/org_chart_service.go:80.16,82.3 1 0
github.com/jaas/jaas/internal/organization/services/org_chart_service.go:83.2,84.23 2 0
github.com/jaas/jaas/internal/organization/services/org_chart_service.go:84.23,85.54 1 0
github.com/jaas/jaas/internal/organization/services/org_chart_service.go:85.54,86.12 1 0
github.com/jaas/jaas/internal/organization/services/org_chart_service.go:88.3,89.17 2 0
github.com/jaas/jaas/internal/organization/services/org_chart_service.go:89.17,91.4 1 0
github.com/jaas/jaas/internal/organization/services/org_chart_service.go:92.3,92.31 1 0
github.com/jaas/jaas/internal/organization/services/org_chart_service.go:94.2,95.20 2 0
github.com/jaas/jaas/internal/organization/services/org_chart_service.go:95.20,96.49 1 0
github.com/jaas/jaas/internal/organization/services/org_chart_service.go:96.49,98.4 1 0
github.com/jaas/jaas/internal/organization/services/org_chart_service.go:100.2,100.18 1 0
github.com/jaas/jaas/internal/organization/services/org_chart_service.go:103.186,105.16 2 0
github.com/jaas/jaas/internal/organization/services/org_chart_service.go:105.16,107.3 1 0
github.com/jaas/jaas/internal/organization/services/org_chart_service.go:108.2,109.16 2 0
github.com/jaas/jaas/internal/organization/services/org_chart_service.go:109.16,111.3 1 0
github.com/jaas/jaas/internal/organization/services/org_chart_service.go:112.2,113.23 2 0
github.com/jaas/jaas/internal/organization/services/org_chart_service.go:113.23,114.54 1 0
github.com/jaas/jaas/internal/organization/services/org_chart_service.go:114.54,115.12 1 0
github.com/jaas/jaas/internal/organization/services/org_chart_service.go:117.3,118.17 2 0
github.com/jaas/jaas/internal/organization/services/org_chart_service.go:118.17,120.4 1 0
github.com/jaas/jaas/internal/organization/services/org_chart_service.go:121.3,127.5 1 0
github.com/jaas/jaas/internal/organization/services/org_chart_service.go:129.2,133.25 2 0
github.com/jaas/jaas/internal/organization/services/org_chart_service.go:133.25,135.3 1 0
github.com/jaas/jaas/internal/organization/services/org_chart_service.go:136.2,137.16 2 0
github.com/jaas/jaas/internal/organization/services/org_chart_service.go:137.16,139.3 1 0
github.com/jaas/jaas/internal/organization/services/org_chart_service.go:140.2,140.26 1 0
github.com/jaas/jaas/internal/organization/services/org_chart_service.go:140.26,141.57 1 0
github.com/jaas/jaas/internal/organization/services/org_chart_service.go:141.57,142.12 1 0
github.com/jaas/jaas/internal/organization/services/org_chart_service.go:144.3,145.17 2 0
github.com/jaas/jaas/internal/organization/services/org_chart_service.go:145.17,147.4 1 0
github.com/jaas/jaas/internal/organization/services/org_chart_service.go:148.3,148.48 1 0
github.com/jaas/jaas/internal/organization/services/org_chart_service.go:150.2,150.18 1 0
github.com/jaas/jaas/internal/organization/services/org_chart_service.go:153.134,155.16 2 0
github.com/jaas/jaas/internal/organization/services/org_chart_service.go:155.16,157.3 1 0
github.com/jaas/jaas/internal/organization/services/org_chart_service.go:158.2,159.20 2 0
github.com/jaas/jaas/internal/organization/services/org_chart_service.go:159.20,161.3 1 0
github.com/jaas/jaas/internal/organization/services/org_chart_service.go:162.2,163.27 2 0
github.com/jaas/jaas/internal/organization/services/org_chart_service.go:163.27,165.17 2 0
github.com/jaas/jaas/internal/organization/services/org_chart_service.go:165.17,167.4 1 0
github.com/jaas/jaas/internal/organization/services/org_chart_service.go:168.3,168.18 1 0
github.com/jaas/jaas/internal/organization/services/org_chart_service.go:168.18,170.18 2 0
github.com/jaas/jaas/internal/organization/services/org_chart_service.go:170.18,172.5 1 0
github.com/jaas/jaas/internal/organization/services/org_chart_service.go:173.4,179.5 1 0
github.com/jaas/jaas/internal/organization/services/org_chart_service.go:182.2,182.33 1 0
github.com/jaas/jaas/internal/organization/services/org_chart_service.go:182.33,184.17 2 0
github.com/jaas/jaas/internal/organization/services/org_chart_service.go:184.17,186.4 1 0
github.com/jaas/jaas/internal/organization/services/org_chart_service.go:187.3,187.18 1 0
github.com/jaas/jaas/internal/organization/services/org_chart_service.go:187.18,189.18 2 0
github.com/jaas/jaas/internal/organization/services/org_chart_service.go:189.18,191.5 1 0
github.com/jaas/jaas/internal/organization/services/org_chart_service.go:192.4,200.19 4 0
github.com/jaas/jaas/internal/organization/services/org_chart_service.go:200.19,202.36 2 0
github.com/jaas/jaas/internal/organization/services/org_chart_service.go:202.36,204.6 1 0
github.com/jaas/jaas/internal/organization/services/org_chart_service.go:205.5,206.19 2 0
github.com/jaas/jaas/internal/organization/services/org_chart_service.go:206.19,208.6 1 0
github.com/jaas/jaas/internal/organization/services/org_chart_service.go:209.5,215.36 2 0
github.com/jaas/jaas/internal/organization/services/org_chart_service.go:219.2,220.16 2 0
github.com/jaas/jaas/internal/organization/services/org_chart_service.go:220.16,222.3 1 0
github.com/jaas/jaas/internal/organization/services/org_chart_service.go:223.2,223.25 1 0
github.com/jaas/jaas/internal/organization/services/org_chart_service.go:223.25,225.3 1 0
github.com/jaas/jaas/internal/organization/services/org_chart_service.go:226.2,226.31 1 0
github.com/jaas/jaas/internal/organization/services/org_chart_service.go:226.31,228.3 1 0
github.com/jaas/jaas/internal/organization/services/org_chart_service.go:229.2,229.18 1 0
github.com/jaas/jaas/internal/organization/services/team_service.go:43.15,45.2 1 0
github.com/jaas/jaas/internal/organization/services/team_service.go:47.123,48.36 1 0
github.com/jaas/jaas/internal/organization/services/team_service.go:48.36,50.3 1 0
github.com/jaas/jaas/internal/organization/services/team_service.go:51.2,52.16 2 0
github.com/jaas/jaas/internal/organization/services/team_service.go:52.16,54.3 1 0
github.com/jaas/jaas/internal/organization/services/team_service.go:55.2,56.16 2 0
github.com/jaas/jaas/internal/organization/services/team_service.go:56.16,58.3 1 0
github.com/jaas/jaas/internal/organization/services/team_service.go:59.2,59.38 1 0
github.com/jaas/jaas/internal/organization/services/team_service.go:59.38,61.3 1 0
github.com/jaas/jaas/internal/organization/services/team_service.go:62.2,62.17 1 0
github.com/jaas/jaas/internal/organization/services/team_service.go:65.131,67.16 2 0
github.com/jaas/jaas/internal/organization/services/team_service.go:67.16,69.3 1 0
github.com/jaas/jaas/internal/organization/services/team_service.go:70.2,75.8 1 0
github.com/jaas/jaas/internal/organization/services/team_service.go:78.167,80.16 2 0
github.com/jaas/jaas/internal/organization/services/team_service.go:80.16,82.3 1 0
github.com/jaas/jaas/internal/organization/services/team_service.go:83.2,84.16 2 0
github.com/jaas/jaas/internal/organization/services/team_service.go:84.16,86.3 1 0
github.com/jaas/jaas/internal/organization/services/team_service.go:87.2,87.17 1 0
github.com/jaas/jaas/internal/organization/services/team_service.go:87.17,89.3 1 0
github.com/jaas/jaas/internal/organization/services/team_service.go:90.2,91.16 2 0
github.com/jaas/jaas/internal/organization/services/team_service.go:91.16,93.3 1 0
github.com/jaas/jaas/internal/organization/services/team_service.go:94.2,94.21 1 0
github.com/jaas/jaas/internal/organization/services/team_service.go:94.21,96.3 1 0
github.com/jaas/jaas/internal/organization/services/team_service.go:97.2,98.16 2 0
github.com/jaas/jaas/internal/organization/services/team_service.go:98.16,100.3 1 0
github.com/jaas/jaas/internal/organization/services/team_service.go:102.2,107.57 3 0
github.com/jaas/jaas/internal/organization/services/team_service.go:107.57,109.3 1 0
github.com/jaas/jaas/internal/organization/services/team_service.go:111.2,115.46 3 0
github.com/jaas/jaas/internal/organization/services/team_service.go:118.116,120.16 2 0
github.com/jaas/jaas/internal/organization/services/team_service.go:120.16,122.3 1 0
github.com/jaas/jaas/internal/organization/services/team_service.go:123.2,123.17 1 0
github.com/jaas/jaas/internal/organization/services/team_service.go:123.17,125.3 1 0
github.com/jaas/jaas/internal/organization/services/team_service.go:126.2,126.46 1 0
github.com/jaas/jaas/internal/organization/services/team_service.go:129.162,131.16 2 0
github.com/jaas/jaas/internal/organization/services/team_service.go:131.16,133.3 1 0
github.com/jaas/jaas/internal/organization/services/team_service.go:134.2,135.23 2 0
github.com/jaas/jaas/internal/organization/services/team_service.go:135.23,137.17 2 0
github.com/jaas/jaas/internal/organization/services/team_service.go:137.17,139.4 1 0
github.com/jaas/jaas/internal/organization/services/team_service.go:140.3,140.17 1 0
github.com/jaas/jaas/internal/organization/services/team_service.go:142.2,142.98 1 0
github.com/jaas/jaas/internal/organization/services/team_service.go:145.146,147.16 2 0
github.com/jaas/jaas/internal/organization/services/team_service.go:147.16,149.3 1 0
github.com/jaas/jaas/internal/organization/services/team_service.go:150.2,150.17 1 0
github.com/jaas/jaas/internal/organization/services/team_service.go:150.17,152.3 1 0
github.com/jaas/jaas/internal/organization/services/team_service.go:154.2,155.28 2 0
github.com/jaas/jaas/internal/organization/services/team_service.go:155.28,157.3 1 0
github.com/jaas/jaas/internal/organization/services/team_service.go:158.2,158.29 1 0
github.com/jaas/jaas/internal/organization/services/team_service.go:158.29,160.17 2 0
github.com/jaas/jaas/internal/organization/services/team_service.go:160.17,162.4 1 0
github.com/jaas/jaas/internal/organization/services/team_service.go:163.3,164.17 2 0
github.com/jaas/jaas/internal/organization/services/team_service.go:164.17,166.4 1 0
github.com/jaas/jaas/internal/organization/services/team_service.go:167.3,167.18 1 0
github.com/jaas/jaas/internal/organization/services/team_service.go:167.18,169.4 1 0
github.com/jaas/jaas/internal/organization/services/team_service.go:170.3,170.29 1 0
github.com/jaas/jaas/internal/organization/services/team_service.go:172.2,172.21 1 0
github.com/jaas/jaas/internal/organization/services/team_service.go:172.21,174.24 2 0
github.com/jaas/jaas/internal/organization/services/team_service.go:174.24,177.18 2 0
github.com/jaas/jaas/internal/organization/services/team_service.go:177.18,179.5 1 0
github.com/jaas/jaas/internal/organization/services/team_service.go:180.4,180.49 1 0
github.com/jaas/jaas/internal/organization/services/team_service.go:180.49,182.5 1 0
github.com/jaas/jaas/internal/organization/services/team_service.go:183.4,183.20 1 0
github.com/jaas/jaas/internal/organization/services/team_service.go:186.2,186.27 1 0
github.com/jaas/jaas/internal/organization/services/team_service.go:186.27,188.17 2 0
github.com/jaas/jaas/internal/organization/services/team_service.go:188.17,190.4 1 0
github.com/jaas/jaas/internal/organization/services/team_service.go:191.3,191.27 1 0
github.com/jaas/jaas/internal/organization/services/team_service.go:194.2,194.57 1 0
github.com/jaas/jaas/internal/organization/services/team_service.go:194.57,196.3 1 0
github.com/jaas/jaas/internal/organization/services/team_service.go:197.2,199.46 2 0
github.com/jaas/jaas/internal/organization/services/team_service.go:202.139,204.16 2 0
github.com/jaas/jaas/internal/organization/services/team_service.go:204.16,206.3 1 0
github.com/jaas/jaas/internal/organization/services/team_service.go:207.2,207.17 1 0
github.com/jaas/jaas/internal/organization/services/team_service.go:207.17,209.3 1 0
github.com/jaas/jaas/internal/organization/services/team_service.go:210.2,210.31 1 0
github.com/jaas/jaas/internal/organization/services/team_service.go:210.31,212.3 1 0
github.com/jaas/jaas/internal/organization/services/team_service.go:213.2,214.16 2 0
github.com/jaas/jaas/internal/organization/services/team_service.go:214.16,216.3 1 0
github.com/jaas/jaas/internal/organization/services/team_service.go:217.2,217.15 1 0
github.com/jaas/jaas/internal/organization/services/team_service.go:217.15,219.3 1 0
github.com/jaas/jaas/internal/organization/services/team_service.go:220.2,221.57 2 0
github.com/jaas/jaas/internal/organization/services/team_service.go:221.57,223.3 1 0
github.com/jaas/jaas/internal/organization/services/team_service.go:224.2,225.46 2 0
github.com/jaas/jaas/internal/employee/services/document_service.go:32.27,38.2 1 0
github.com/jaas/jaas/internal/employee/services/document_service.go:40.156,42.16 2 0
github.com/jaas/jaas/internal/employee/services/document_service.go:42.16,44.3 1 0
github.com/jaas/jaas/internal/employee/services/document_service.go:45.2,45.20 1 0
github.com/jaas/jaas/internal/employee/services/document_service.go:45.20,47.3 1 0
github.com/jaas/jaas/internal/employee/services/document_service.go:49.2,59.56 3 0
github.com/jaas/jaas/internal/employee/services/document_service.go:59.56,61.3 1 0
github.com/jaas/jaas/internal/employee/services/document_service.go:63.2,63.37 1 0
github.com/jaas/jaas/internal/employee/services/document_service.go:66.124,68.16 2 0
github.com/jaas/jaas/internal/employee/services/document_service.go:68.16,70.3 1 0
github.com/jaas/jaas/internal/employee/services/document_service.go:72.2,73.22 2 0
github.com/jaas/jaas/internal/employee/services/document_service.go:73.22,75.3 1 0
github.com/jaas/jaas/internal/employee/services/document_service.go:76.2,76.17 1 0
github.com/jaas/jaas/internal/employee/services/document_service.go:79.144,81.16 2 0
github.com/jaas/jaas/internal/employee/services/document_service.go:81.16,83.3 1 0
github.com/jaas/jaas/internal/employee/services/document_service.go:85.2,85.54 1 0
github.com/jaas/jaas/internal/employee/services/document_service.go:85.54,87.3 1 0
github.com/jaas/jaas/internal/employee/services/document_service.go:89.2,93.56 4 0
github.com/jaas/jaas/internal/employee/services/document_service.go:93.56,95.3 1 0
github.com/jaas/jaas/internal/employee/services/document_service.go:97.2,97.24 1 0
github.com/jaas/jaas/internal/employee/services/document_service.go:97.24,100.3 2 0
github.com/jaas/jaas/internal/employee/services/document_service.go:102.2,102.37 1 0
github.com/jaas/jaas/internal/employee/services/document_service.go:105.75,106.14 1 0
github.com/jaas/jaas/internal/employee/services/document_service.go:106.14,108.3 1 0
github.com/jaas/jaas/internal/employee/services/document_service.go:109.2,120.3 1 0
github.com/jaas/jaas/internal/employee/services/employee_service.go:49.19,58.2 1 0
github.com/jaas/jaas/internal/employee/services/employee_service.go:60.145,61.74 1 0
github.com/jaas/jaas/internal/employee/services/employee_service.go:61.74,63.3 1 0
github.com/jaas/jaas/internal/employee/services/employee_service.go:64.2,64.78 1 0
github.com/jaas/jaas/internal/employee/services/employee_service.go:64.78,66.3 1 0
github.com/jaas/jaas/internal/employee/services/employee_service.go:69.2,69.22 1 0
github.com/jaas/jaas/internal/employee/services/employee_service.go:69.22,71.32 2 0
github.com/jaas/jaas/internal/employee/services/employee_service.go:71.32,73.4 1 0
github.com/jaas/jaas/internal/employee/services/employee_service.go:77.2,78.16 2 0
github.com/jaas/jaas/internal/employee/services/employee_service.go:78.16,80.3 1 0
github.com/jaas/jaas/internal/employee/services/employee_service.go:81.2,81.21 1 0
github.com/jaas/jaas/internal/employee/services/employee_service.go:81.21,83.3 1 0
github.com/jaas/jaas/internal/employee/services/employee_service.go:86.2,87.29 2 0
github.com/jaas/jaas/internal/employee/services/employee_service.go:87.29,89.3 1 0
github.com/jaas/jaas/internal/employee/services/employee_service.go:91.2,93.75 3 0
github.com/jaas/jaas/internal/employee/services/employee_service.go:93.75,95.3 1 0
github.com/jaas/jaas/internal/employee/services/employee_service.go:97.2,114.23 5 0
github.com/jaas/jaas/internal/employee/services/employee_service.go:114.23,116.3 1 0
github.com/jaas/jaas/internal/employee/services/employee_service.go:118.2,147.17 7 0
github.com/jaas/jaas/internal/employee/services/employee_service.go:147.17,148.67 1 0
github.com/jaas/jaas/internal/employee/services/employee_service.go:148.67,150.57 2 0
github.com/jaas/jaas/internal/employee/services/employee_service.go:150.57,152.5 1 0
github.com/jaas/jaas/internal/employee/services/employee_service.go:153.4,153.54 1 0
github.com/jaas/jaas/internal/employee/services/employee_service.go:153.54,155.5 1 0
github.com/jaas/jaas/internal/employee/services/employee_service.go:156.4,156.51 1 0
github.com/jaas/jaas/internal/employee/services/employee_service.go:156.51,158.5 1 0
github.com/jaas/jaas/internal/employee/services/employee_service.go:159.4,159.52 1 0
github.com/jaas/jaas/internal/employee/services/employee_service.go:159.52,161.5 1 0
github.com/jaas/jaas/internal/employee/services/employee_service.go:164.4,178.34 4 0
github.com/jaas/jaas/internal/employee/services/employee_service.go:180.3,180.17 1 0
github.com/jaas/jaas/internal/employee/services/employee_service.go:180.17,182.4 1 0
github.com/jaas/jaas/internal/employee/services/employee_service.go:183.8,186.28 2 0
github.com/jaas/jaas/internal/employee/services/employee_service.go:186.28,188.4 1 0
github.com/jaas/jaas/internal/employee/services/employee_service.go:191.2,194.24 3 0
github.com/jaas/jaas/internal/employee/services/employee_service.go:194.24,197.3 2 0
github.com/jaas/jaas/internal/employee/services/employee_service.go:199.2,199.41 1 0
github.com/jaas/jaas/internal/employee/services/employee_service.go:202.111,204.16 2 0
github.com/jaas/jaas/internal/employee/services/employee_service.go:204.16,206.3 1 0
github.com/jaas/jaas/internal/employee/services/employee_service.go:207.2,207.20 1 0
github.com/jaas/jaas/internal/employee/services/employee_service.go:207.20,209.3 1 0
github.com/jaas/jaas/internal/employee/services/employee_service.go:210.2,210.41 1 0
github.com/jaas/jaas/internal/employee/services/employee_service.go:213.119,215.16 2 0
github.com/jaas/jaas/internal/employee/services/employee_service.go:215.16,217.3 1 0
github.com/jaas/jaas/internal/employee/services/employee_service.go:218.2,218.20 1 0
github.com/jaas/jaas/internal/employee/services/employee_service.go:218.20,220.3 1 0
github.com/jaas/jaas/internal/employee/services/employee_service.go:221.2,221.41 1 0
github.com/jaas/jaas/internal/employee/services/employee_service.go:224.139,226.16 2 0
github.com/jaas/jaas/internal/employee/services/employee_service.go:226.16,228.3 1 0
github.com/jaas/jaas/internal/employee/services/employee_service.go:230.2,231.26 2 0
github.com/jaas/jaas/internal/employee/services/employee_service.go:231.26,233.3 1 0
github.com/jaas/jaas/internal/employee/services/employee_service.go:234.2,234.24 1 0
github.com/jaas/jaas/internal/employee/services/employee_service.go:237.141,239.16 2 0
github.com/jaas/jaas/internal/employee/services/employee_service.go:239.16,241.3 1 0
github.com/jaas/jaas/internal/employee/services/employee_service.go:242.2,242.20 1 0
github.com/jaas/jaas/internal/employee/services/employee_service.go:242.20,244.3 1 0
github.com/jaas/jaas/internal/employee/services/employee_service.go:246.2,246.26 1 0
github.com/jaas/jaas/internal/employee/services/employee_service.go:246.26,248.3 1 0
github.com/jaas/jaas/internal/employee/services/employee_service.go:249.2,249.25 1 0
github.com/jaas/jaas/internal/employee/services/employee_service.go:249.25,251.3 1 0
github.com/jaas/jaas/internal/employee/services/employee_service.go:252.2,252.28 1 0
github.com/jaas/jaas/internal/employee/services/employee_service.go:252.28,254.3 1 0
github.com/jaas/jaas/internal/employee/services/employee_service.go:255.2,255.23 1 0
github.com/jaas/jaas/internal/employee/services/employee_service.go:255.23,257.3 1 0
github.com/jaas/jaas/internal/employee/services/employee_service.go:258.2,258.28 1 0
github.com/jaas/jaas/internal/employee/services/employee_service.go:258.28,260.3 1 0
github.com/jaas/jaas/internal/employee/services/employee_service.go:261.2,261.30 1 0
github.com/jaas/jaas/internal/employee/services/employee_service.go:261.30,263.3 1 0
github.com/jaas/jaas/internal/employee/services/employee_service.go:264.2,264.27 1 0
github.com/jaas/jaas/internal/employee/services/employee_service.go:264.27,266.3 1 0
github.com/jaas/jaas/internal/employee/services/employee_service.go:267.2,267.26 1 0
github.com/jaas/jaas/internal/employee/services/employee_service.go:267.26,269.3 1 0
github.com/jaas/jaas/internal/employee/services/employee_service.go:271.2,271.64 1 0
github.com/jaas/jaas/internal/employee/services/employee_service.go:271.64,273.3 1 0
github.com/jaas/jaas/internal/employee/services/employee_service.go:275.2,275.41 1 0
github.com/jaas/jaas/internal/employee/services/employee_service.go:278.159,280.16 2 0
github.com/jaas/jaas/internal/employee/services/employee_service.go:280.16,282.3 1 0
github.com/jaas/jaas/internal/employee/services/employee_service.go:283.2,283.20 1 0
github.com/jaas/jaas/internal/employee/services/employee_service.go:283.20,285.3 1 0
github.com/jaas/jaas/internal/employee/services/employee_service.go:287.2,287.28 1 0
github.com/jaas/jaas/internal/employee/services/employee_service.go:287.28,292.3 2 0
github.com/jaas/jaas/internal/employee/services/employee_service.go:294.2,294.30 1 0
github.com/jaas/jaas/internal/employee/services/employee_service.go:294.30,296.3 1 0
github.com/jaas/jaas/internal/employee/services/employee_service.go:297.2,297.31 1 0
github.com/jaas/jaas/internal/employee/services/employee_service.go:297.31,299.3 1 0
github.com/jaas/jaas/internal/employee/services/employee_service.go:300.2,300.33 1 0
github.com/jaas/jaas/internal/employee/services/employee_service.go:300.33,302.3 1 0
github.com/jaas/jaas/internal/employee/services/employee_service.go:303.2,303.34 1 0
github.com/jaas/jaas/internal/employee/services/employee_service.go:303.34,304.86 1 0
github.com/jaas/jaas/internal/employee/services/employee_service.go:304.86,306.4 1 0
github.com/jaas/jaas/internal/employee/services/employee_service.go:307.3,308.15 2 0
github.com/jaas/jaas/internal/employee/services/employee_service.go:308.15,310.4 1 0
github.com/jaas/jaas/internal/employee/services/employee_service.go:311.3,311.41 1 0
github.com/jaas/jaas/internal/employee/services/employee_service.go:314.2,314.79 1 0
github.com/jaas/jaas/internal/employee/services/employee_service.go:314.79,316.3 1 0
github.com/jaas/jaas/internal/employee/services/employee_service.go:318.2,318.41 1 0
github.com/jaas/jaas/internal/employee/services/employee_service.go:321.153,322.62 1 0
github.com/jaas/jaas/internal/employee/services/employee_service.go:322.62,324.3 1 0
github.com/jaas/jaas/internal/employee/services/employee_service.go:326.2,327.16 2 0
github.com/jaas/jaas/internal/employee/services/employee_service.go:327.16,329.3 1 0
github.com/jaas/jaas/internal/employee/services/employee_service.go:330.2,330.20 1 0
github.com/jaas/jaas/internal/employee/services/employee_service.go:330.20,332.3 1 0
github.com/jaas/jaas/internal/employee/services/employee_service.go:334.2,336.28 3 0
github.com/jaas/jaas/internal/employee/services/employee_service.go:336.28,338.3 1 0
github.com/jaas/jaas/internal/employee/services/employee_service.go:340.2,340.76 1 0
github.com/jaas/jaas/internal/employee/services/employee_service.go:340.76,342.3 1 0
github.com/jaas/jaas/internal/employee/services/employee_service.go:344.2,349.17 5 0
github.com/jaas/jaas/internal/employee/services/employee_service.go:349.17,350.67 1 0
github.com/jaas/jaas/internal/employee/services/employee_service.go:350.67,352.57 2 0
github.com/jaas/jaas/internal/employee/services/employee_service.go:352.57,354.5 1 0
github.com/jaas/jaas/internal/employee/services/employee_service.go:355.4,355.39 1 0
github.com/jaas/jaas/internal/employee/services/employee_service.go:355.39,356.91 1 0
github.com/jaas/jaas/internal/employee/services/employee_service.go:356.91,358.6 1 0
github.com/jaas/jaas/internal/employee/services/employee_service.go:362.4,362.38 1 0
github.com/jaas/jaas/internal/employee/services/employee_service.go:362.38,363.99 1 0
github.com/jaas/jaas/internal/employee/services/employee_service.go:363.99,365.64 2 0
github.com/jaas/jaas/internal/employee/services/employee_service.go:365.64,367.7 1 0
github.com/jaas/jaas/internal/employee/services/employee_service.go:372.4,380.36 3 0
github.com/jaas/jaas/internal/employee/services/employee_service.go:382.3,382.17 1 0
github.com/jaas/jaas/internal/employee/services/employee_service.go:382.17,384.4 1 0
github.com/jaas/jaas/internal/employee/services/employee_service.go:385.8,387.3 1 0
github.com/jaas/jaas/internal/employee/services/employee_service.go:389.2,389.24 1 0
github.com/jaas/jaas/internal/employee/services/employee_service.go:389.24,397.3 2 0
github.com/jaas/jaas/internal/employee/services/employee_service.go:399.2,399.41 1 0
github.com/jaas/jaas/internal/employee/services/employee_service.go:402.89,404.16 2 0
github.com/jaas/jaas/internal/employee/services/employee_service.go:404.16,406.3 1 0
github.com/jaas/jaas/internal/employee/services/employee_service.go:407.2,407.20 1 0
github.com/jaas/jaas/internal/employee/services/employee_service.go:407.20,409.3 1 0
github.com/jaas/jaas/internal/employee/services/employee_service.go:410.2,411.48 2 0
github.com/jaas/jaas/internal/employee/services/employee_service.go:414.74,415.14 1 0
github.com/jaas/jaas/internal/employee/services/employee_service.go:415.14,417.3 1 0
github.com/jaas/jaas/internal/employee/services/employee_service.go:418.2,436.31 2 0
github.com/jaas/jaas/internal/employee/services/employee_service.go:436.31,447.3 1 0
github.com/jaas/jaas/internal/employee/services/employee_service.go:449.2,449.22 1 0
github.com/jaas/jaas/internal/employee/services/employee_service.go:449.22,458.3 1 0
github.com/jaas/jaas/internal/employee/services/employee_service.go:460.2,460.12 1 0
github.com/jaas/jaas/internal/employee/services/employee_service.go:466.137,469.14 3 0
github.com/jaas/jaas/internal/employee/services/employee_service.go:469.14,470.17 1 0
github.com/jaas/jaas/internal/employee/services/employee_service.go:470.17,472.4 1 0
github.com/jaas/jaas/internal/employee/services/employee_service.go:473.3,473.19 1 0
github.com/jaas/jaas/internal/employee/services/employee_service.go:475.2,475.33 1 0
github.com/jaas/jaas/internal/employee/services/employee_service.go:475.33,477.3 1 0
github.com/jaas/jaas/internal/employee/services/employee_service.go:478.2,478.32 1 0
github.com/jaas/jaas/internal/employee/services/employee_service.go:478.32,480.3 1 0
github.com/jaas/jaas/internal/employee/services/employee_service.go:481.2,481.25 1 0
github.com/jaas/jaas/internal/employee/services/employee_service.go:481.25,483.3 1 0
github.com/jaas/jaas/internal/employee/services/employee_service.go:484.2,484.26 1 0
github.com/jaas/jaas/internal/employee/services/employee_service.go:484.26,486.3 1 0
github.com/jaas/jaas/internal/employee/services/employee_service.go:487.2,487.55 1 0
github.com/jaas/jaas/internal/employee/services/employee_service.go:487.55,488.32 1 0
github.com/jaas/jaas/internal/employee/services/employee_service.go:488.32,490.4 1 0
github.com/jaas/jaas/internal/employee/services/employee_service.go:491.3,491.26 1 0
github.com/jaas/jaas/internal/employee/services/employee_service.go:493.2,493.54 1 0
github.com/jaas/jaas/internal/employee/services/employee_service.go:493.54,494.31 1 0
github.com/jaas/jaas/internal/employee/services/employee_service.go:494.31,496.4 1 0
github.com/jaas/jaas/internal/employee/services/employee_service.go:497.3,497.24 1 0
github.com/jaas/jaas/internal/employee/services/employee_service.go:497.24,500.4 2 0
github.com/jaas/jaas/internal/employee/services/employee_service.go:502.2,502.16 1 0
github.com/jaas/jaas/internal/employee/services/employee_service.go:502.16,503.24 1 0
github.com/jaas/jaas/internal/employee/services/employee_service.go:503.24,505.4 1 0
github.com/jaas/jaas/internal/employee/services/employee_service.go:506.3,506.24 1 0
github.com/jaas/jaas/internal/employee/services/employee_service.go:508.2,508.18 1 0
github.com/jaas/jaas/internal/employee/services/event_consumer.go:21.85,26.2 1 0
github.com/jaas/jaas/internal/employee/services/event_consumer.go:28.102,30.34 2 0
github.com/jaas/jaas/internal/employee/services/event_consumer.go:30.34,31.22 1 0
github.com/jaas/jaas/internal/employee/services/event_consumer.go:31.22,33.4 1 0
github.com/jaas/jaas/internal/employee/services/event_consumer.go:34.3,34.13 1 0
github.com/jaas/jaas/internal/employee/services/event_consumer.go:39.2,39.24 1 0
github.com/jaas/jaas/internal/employee/services/event_consumer.go:40.44,41.13 1 0
github.com/jaas/jaas/internal/employee/services/event_consumer.go:44.2,51.12 3 0
github.com/jaas/jaas/internal/employee/services/statutory_service.go:26.28,31.2 1 0
github.com/jaas/jaas/internal/employee/services/statutory_service.go:33.151,35.16 2 0
github.com/jaas/jaas/internal/employee/services/statutory_service.go:35.16,37.3 1 0
github.com/jaas/jaas/internal/employee/services/statutory_service.go:38.2,38.17 1 0
github.com/jaas/jaas/internal/employee/services/statutory_service.go:38.17,40.3 1 0
github.com/jaas/jaas/internal/employee/services/statutory_service.go:42.2,49.15 2 0
github.com/jaas/jaas/internal/employee/services/statutory_service.go:49.15,53.3 3 0
github.com/jaas/jaas/internal/employee/services/statutory_service.go:53.8,57.3 3 0
github.com/jaas/jaas/internal/employee/services/statutory_service.go:59.2,59.17 1 0
github.com/jaas/jaas/internal/employee/services/statutory_service.go:62.159,65.16 2 0
github.com/jaas/jaas/internal/employee/services/statutory_service.go:65.16,67.3 1 0
github.com/jaas/jaas/internal/employee/services/statutory_service.go:68.2,68.20 1 0
github.com/jaas/jaas/internal/employee/services/statutory_service.go:68.20,70.3 1 0
github.com/jaas/jaas/internal/employee/services/statutory_service.go:72.2,82.63 3 0
github.com/jaas/jaas/internal/employee/services/statutory_service.go:82.63,84.3 1 0
github.com/jaas/jaas/internal/employee/services/statutory_service.go:86.2,94.8 1 0
github.com/jaas/jaas/internal/employee/services/statutory_service.go:97.34,98.17 1 0
github.com/jaas/jaas/internal/employee/services/statutory_service.go:98.17,100.3 1 0
github.com/jaas/jaas/internal/employee/services/statutory_service.go:101.2,101.30 1 0
github.com/jaas/jaas/internal/employee/services/timeline_service.go:25.27,30.2 1 0
github.com/jaas/jaas/internal/employee/services/timeline_service.go:32.124,34.16 2 0
github.com/jaas/jaas/internal/employee/services/timeline_service.go:34.16,36.3 1 0
github.com/jaas/jaas/internal/employee/services/timeline_service.go:37.2,37.20 1 0
github.com/jaas/jaas/internal/employee/services/timeline_service.go:37.20,39.3 1 0
github.com/jaas/jaas/internal/employee/services/timeline_service.go:41.2,42.16 2 0
github.com/jaas/jaas/internal/employee/services/timeline_service.go:42.16,44.3 1 0
github.com/jaas/jaas/internal/employee/services/timeline_service.go:46.2,47.27 2 0
github.com/jaas/jaas/internal/employee/services/timeline_service.go:47.27,49.3 1 0
github.com/jaas/jaas/internal/employee/services/timeline_service.go:50.2,50.17 1 0
github.com/jaas/jaas/internal/employee/services/timeline_service.go:53.75,54.14 1 0
github.com/jaas/jaas/internal/employee/services/timeline_service.go:54.14,56.3 1 0
github.com/jaas/jaas/internal/employee/services/timeline_service.go:57.2,65.3 1 0
github.com/jaas/jaas/internal/organization/services/department_service.go:41.21,43.2 1 0
github.com/jaas/jaas/internal/organization/services/department_service.go:45.191,47.16 2 0
github.com/jaas/jaas/internal/organization/services/department_service.go:47.16,49.3 1 0
github.com/jaas/jaas/internal/organization/services/department_service.go:50.2,50.21 1 0
github.com/jaas/jaas/internal/organization/services/department_service.go:50.21,52.3 1 0
github.com/jaas/jaas/internal/organization/services/department_service.go:54.2,55.16 2 0
github.com/jaas/jaas/internal/organization/services/department_service.go:55.16,57.3 1 0
github.com/jaas/jaas/internal/organization/services/department_service.go:58.2,58.21 1 0
github.com/jaas/jaas/internal/organization/services/department_service.go:58.21,60.17 2 0
github.com/jaas/jaas/internal/organization/services/department_service.go:60.17,62.4 1 0
github.com/jaas/jaas/internal/organization/services/department_service.go:63.3,63.20 1 0
github.com/jaas/jaas/internal/organization/services/department_service.go:63.20,65.4 1 0
github.com/jaas/jaas/internal/organization/services/department_service.go:66.3,66.84 1 0
github.com/jaas/jaas/internal/organization/services/department_service.go:66.84,68.4 1 0
github.com/jaas/jaas/internal/organization/services/department_service.go:71.2,79.57 3 0
github.com/jaas/jaas/internal/organization/services/department_service.go:79.57,81.3 1 0
github.com/jaas/jaas/internal/organization/services/department_service.go:83.2,88.63 3 0
github.com/jaas/jaas/internal/organization/services/department_service.go:91.134,93.16 2 0
github.com/jaas/jaas/internal/organization/services/department_service.go:93.16,95.3 1 0
github.com/jaas/jaas/internal/organization/services/department_service.go:96.2,96.17 1 0
github.com/jaas/jaas/internal/organization/services/department_service.go:96.17,98.3 1 0
github.com/jaas/jaas/internal/organization/services/department_service.go:99.2,99.63 1 0
github.com/jaas/jaas/internal/organization/services/department_service.go:102.155,104.16 2 0
github.com/jaas/jaas/internal/organization/services/department_service.go:104.16,106.3 1 0
github.com/jaas/jaas/internal/organization/services/department_service.go:107.2,108.23 2 0
github.com/jaas/jaas/internal/organization/services/department_service.go:108.23,110.17 2 0
github.com/jaas/jaas/internal/organization/services/department_service.go:110.17,112.4 1 0
github.com/jaas/jaas/internal/organization/services/department_service.go:113.3,113.17 1 0
github.com/jaas/jaas/internal/organization/services/department_service.go:115.2,115.104 1 0
github.com/jaas/jaas/internal/organization/services/department_service.go:118.170,120.16 2 0
github.com/jaas/jaas/internal/organization/services/department_service.go:120.16,122.3 1 0
github.com/jaas/jaas/internal/organization/services/department_service.go:123.2,123.17 1 0
github.com/jaas/jaas/internal/organization/services/department_service.go:123.17,125.3 1 0
github.com/jaas/jaas/internal/organization/services/department_service.go:127.2,127.66 1 0
github.com/jaas/jaas/internal/organization/services/department_service.go:127.66,129.17 2 0
github.com/jaas/jaas/internal/organization/services/department_service.go:129.17,131.4 1 0
github.com/jaas/jaas/internal/organization/services/department_service.go:132.3,132.48 1 0
github.com/jaas/jaas/internal/organization/services/department_service.go:132.48,134.4 1 0
github.com/jaas/jaas/internal/organization/services/department_service.go:135.3,135.43 1 0
github.com/jaas/jaas/internal/organization/services/department_service.go:137.2,137.28 1 0
github.com/jaas/jaas/internal/organization/services/department_service.go:137.28,139.3 1 0
github.com/jaas/jaas/internal/organization/services/department_service.go:140.2,140.35 1 0
github.com/jaas/jaas/internal/organization/services/department_service.go:140.35,142.17 2 0
github.com/jaas/jaas/internal/organization/services/department_service.go:142.17,144.4 1 0
github.com/jaas/jaas/internal/organization/services/department_service.go:145.3,145.46 1 0
github.com/jaas/jaas/internal/organization/services/department_service.go:145.46,147.4 1 0
github.com/jaas/jaas/internal/organization/services/department_service.go:148.3,148.22 1 0
github.com/jaas/jaas/internal/organization/services/department_service.go:148.22,150.18 2 0
github.com/jaas/jaas/internal/organization/services/department_service.go:150.18,152.5 1 0
github.com/jaas/jaas/internal/organization/services/department_service.go:153.4,153.21 1 0
github.com/jaas/jaas/internal/organization/services/department_service.go:153.21,155.5 1 0
github.com/jaas/jaas/internal/organization/services/department_service.go:158.4,158.84 1 0
github.com/jaas/jaas/internal/organization/services/department_service.go:158.84,160.5 1 0
github.com/jaas/jaas/internal/organization/services/department_service.go:162.3,162.37 1 0
github.com/jaas/jaas/internal/organization/services/department_service.go:165.2,165.57 1 0
github.com/jaas/jaas/internal/organization/services/department_service.go:165.57,167.3 1 0
github.com/jaas/jaas/internal/organization/services/department_service.go:168.2,169.63 2 0
github.com/jaas/jaas/internal/organization/services/department_service.go:173.139,174.84 1 0
github.com/jaas/jaas/internal/organization/services/department_service.go:174.84,176.3 1 0
github.com/jaas/jaas/internal/organization/services/department_service.go:177.2,178.17 2 0
github.com/jaas/jaas/internal/organization/services/department_service.go:178.17,179.23 1 0
github.com/jaas/jaas/internal/organization/services/department_service.go:179.23,181.4 1 0
github.com/jaas/jaas/internal/organization/services/department_service.go:182.3,183.34 2 0
github.com/jaas/jaas/internal/organization/services/department_service.go:183.34,185.4 1 0
github.com/jaas/jaas/internal/organization/services/department_service.go:186.3,186.34 1 0
github.com/jaas/jaas/internal/organization/services/department_service.go:188.2,188.12 1 0
github.com/jaas/jaas/internal/organization/services/department_service.go:191.169,193.16 2 0
github.com/jaas/jaas/internal/organization/services/department_service.go:193.16,195.3 1 0
github.com/jaas/jaas/internal/organization/services/department_service.go:196.2,196.17 1 0
github.com/jaas/jaas/internal/organization/services/department_service.go:196.17,198.3 1 0
github.com/jaas/jaas/internal/organization/services/department_service.go:199.2,199.31 1 0
github.com/jaas/jaas/internal/organization/services/department_service.go:199.31,201.3 1 0
github.com/jaas/jaas/internal/organization/services/department_service.go:203.2,204.16 2 0
github.com/jaas/jaas/internal/organization/services/department_service.go:204.16,206.3 1 0
github.com/jaas/jaas/internal/organization/services/department_service.go:207.2,208.16 2 0
github.com/jaas/jaas/internal/organization/services/department_service.go:208.16,210.3 1 0
github.com/jaas/jaas/internal/organization/services/department_service.go:211.2,211.47 1 0
github.com/jaas/jaas/internal/organization/services/department_service.go:211.47,213.3 1 0
github.com/jaas/jaas/internal/organization/services/department_service.go:214.2,214.11 1 0
github.com/jaas/jaas/internal/organization/services/department_service.go:214.11,216.17 2 0
github.com/jaas/jaas/internal/organization/services/department_service.go:216.17,218.4 1 0
github.com/jaas/jaas/internal/organization/services/department_service.go:219.3,219.27 1 0
github.com/jaas/jaas/internal/organization/services/department_service.go:219.27,220.38 1 0
github.com/jaas/jaas/internal/organization/services/department_service.go:220.38,222.68 2 0
github.com/jaas/jaas/internal/organization/services/department_service.go:222.68,224.6 1 0
github.com/jaas/jaas/internal/organization/services/department_service.go:229.2,230.57 2 0
github.com/jaas/jaas/internal/organization/services/department_service.go:230.57,232.3 1 0
github.com/jaas/jaas/internal/organization/services/department_service.go:233.2,234.63 2 0
github.com/jaas/jaas/internal/organization/services/designation_service.go:33.183,35.2 1 0
github.com/jaas/jaas/internal/organization/services/designation_service.go:37.69,43.2 1 0
github.com/jaas/jaas/internal/organization/services/designation_service.go:45.195,47.16 2 0
github.com/jaas/jaas/internal/organization/services/designation_service.go:47.16,49.3 1 0
github.com/jaas/jaas/internal/organization/services/designation_service.go:50.2,50.21 1 0
github.com/jaas/jaas/internal/organization/services/designation_service.go:50.21,52.3 1 0
github.com/jaas/jaas/internal/organization/services/designation_service.go:53.2,58.50 3 0
github.com/jaas/jaas/internal/organization/services/designation_service.go:58.50,60.3 1 0
github.com/jaas/jaas/internal/organization/services/designation_service.go:61.2,62.31 2 0
github.com/jaas/jaas/internal/organization/services/designation_service.go:65.137,67.16 2 0
github.com/jaas/jaas/internal/organization/services/designation_service.go:67.16,69.3 1 0
github.com/jaas/jaas/internal/organization/services/designation_service.go:70.2,70.14 1 0
github.com/jaas/jaas/internal/organization/services/designation_service.go:70.14,72.3 1 0
github.com/jaas/jaas/internal/organization/services/designation_service.go:73.2,73.31 1 0
github.com/jaas/jaas/internal/organization/services/designation_service.go:76.158,78.16 2 0
github.com/jaas/jaas/internal/organization/services/designation_service.go:78.16,80.3 1 0
github.com/jaas/jaas/internal/organization/services/designation_service.go:81.2,82.21 2 0
github.com/jaas/jaas/internal/organization/services/designation_service.go:82.21,84.3 1 0
github.com/jaas/jaas/internal/organization/services/designation_service.go:85.2,85.105 1 0
github.com/jaas/jaas/internal/organization/services/designation_service.go:88.174,90.16 2 0
github.com/jaas/jaas/internal/organization/services/designation_service.go:90.16,92.3 1 0
github.com/jaas/jaas/internal/organization/services/designation_service.go:93.2,93.14 1 0
github.com/jaas/jaas/internal/organization/services/designation_service.go:93.14,95.3 1 0
github.com/jaas/jaas/internal/organization/services/designation_service.go:96.2,96.66 1 0
github.com/jaas/jaas/internal/organization/services/designation_service.go:96.66,98.17 2 0
github.com/jaas/jaas/internal/organization/services/designation_service.go:98.17,100.4 1 0
github.com/jaas/jaas/internal/organization/services/designation_service.go:101.3,101.45 1 0
github.com/jaas/jaas/internal/organization/services/designation_service.go:101.45,103.4 1 0
github.com/jaas/jaas/internal/organization/services/designation_service.go:104.3,104.42 1 0
github.com/jaas/jaas/internal/organization/services/designation_service.go:106.2,106.22 1 0
github.com/jaas/jaas/internal/organization/services/designation_service.go:106.22,108.3 1 0
github.com/jaas/jaas/internal/organization/services/designation_service.go:109.2,109.28 1 0
github.com/jaas/jaas/internal/organization/services/designation_service.go:109.28,111.3 1 0
github.com/jaas/jaas/internal/organization/services/designation_service.go:112.2,112.50 1 0
github.com/jaas/jaas/internal/organization/services/designation_service.go:112.50,114.3 1 0
github.com/jaas/jaas/internal/organization/services/designation_service.go:115.2,116.31 2 0
github.com/jaas/jaas/internal/organization/services/designation_service.go:119.160,121.16 2 0
github.com/jaas/jaas/internal/organization/services/designation_service.go:121.16,123.3 1 0
github.com/jaas/jaas/internal/organization/services/designation_service.go:124.2,124.14 1 0
github.com/jaas/jaas/internal/organization/services/designation_service.go:124.14,126.3 1 0
github.com/jaas/jaas/internal/organization/services/designation_service.go:127.2,127.28 1 0
github.com/jaas/jaas/internal/organization/services/designation_service.go:127.28,129.3 1 0
github.com/jaas/jaas/internal/organization/services/designation_service.go:131.2,132.16 2 0
github.com/jaas/jaas/internal/organization/services/designation_service.go:132.16,134.3 1 0
github.com/jaas/jaas/internal/organization/services/designation_service.go:135.2,135.18 1 0
github.com/jaas/jaas/internal/organization/services/designation_service.go:135.18,137.3 1 0
github.com/jaas/jaas/internal/organization/services/designation_service.go:138.2,139.50 2 0
github.com/jaas/jaas/internal/organization/services/designation_service.go:139.50,141.3 1 0
github.com/jaas/jaas/internal/organization/services/designation_service.go:142.2,143.31 2 0
github.com/jaas/jaas/internal/organization/services/event_consumer.go:25.64,27.2 1 0
github.com/jaas/jaas/internal/organization/services/event_consumer.go:29.154,30.20 1 0
github.com/jaas/jaas/internal/organization/services/event_consumer.go:31.38,34.53 2 0
github.com/jaas/jaas/internal/organization/services/event_consumer.go:34.53,36.4 1 0
github.com/jaas/jaas/internal/organization/services/event_consumer.go:37.3,37.91 1 0
github.com/jaas/jaas/internal/organization/services/event_consumer.go:38.96,41.13 1 0
github.com/jaas/jaas/internal/organization/services/event_consumer.go:42.10,43.68 1 0
github.com/jaas/jaas/internal/organization/services/helpers.go:30.47,31.26 1 0
github.com/jaas/jaas/internal/organization/services/helpers.go:31.26,33.3 1 0
github.com/jaas/jaas/internal/organization/services/helpers.go:34.2,35.16 2 0
github.com/jaas/jaas/internal/organization/services/helpers.go:35.16,37.3 1 0
github.com/jaas/jaas/internal/organization/services/helpers.go:38.2,38.17 1 0
github.com/jaas/jaas/internal/organization/services/helpers.go:42.42,43.15 1 0
github.com/jaas/jaas/internal/organization/services/helpers.go:43.15,45.3 1 0
github.com/jaas/jaas/internal/organization/services/helpers.go:46.2,47.11 2 0
github.com/jaas/jaas/internal/organization/services/helpers.go:51.152,55.17 4 0
github.com/jaas/jaas/internal/organization/services/helpers.go:55.17,56.17 1 0
github.com/jaas/jaas/internal/organization/services/helpers.go:56.17,58.4 1 0
github.com/jaas/jaas/internal/organization/services/helpers.go:59.3,61.43 3 0
github.com/jaas/jaas/internal/organization/services/helpers.go:61.43,63.4 1 0
github.com/jaas/jaas/internal/organization/services/helpers.go:64.3,65.34 2 0
github.com/jaas/jaas/internal/organization/services/helpers.go:65.34,67.4 1 0
github.com/jaas/jaas/internal/organization/services/helpers.go:68.3,68.34 1 0
github.com/jaas/jaas/internal/organization/services/helpers.go:70.2,70.12 1 0
github.com/jaas/jaas/internal/organization/services/helpers.go:74.162,79.36 5 0
github.com/jaas/jaas/internal/organization/services/helpers.go:79.36,80.36 1 0
github.com/jaas/jaas/internal/organization/services/helpers.go:80.36,81.9 1 0
github.com/jaas/jaas/internal/organization/services/helpers.go:83.3,87.34 5 0
github.com/jaas/jaas/internal/organization/services/helpers.go:87.34,89.4 1 0
github.com/jaas/jaas/internal/organization/services/helpers.go:90.3,90.15 1 0
github.com/jaas/jaas/internal/organization/services/helpers.go:92.2,92.25 1 0
github.com/jaas/jaas/internal/organization/services/helpers.go:95.177,97.16 2 0
github.com/jaas/jaas/internal/organization/services/helpers.go:97.16,99.3 1 0
github.com/jaas/jaas/internal/organization/services/helpers.go:100.2,112.8 1 0
github.com/jaas/jaas/internal/organization/services/helpers.go:118.123,119.78 1 0
github.com/jaas/jaas/internal/organization/services/helpers.go:119.78,121.3 1 0
github.com/jaas/jaas/internal/organization/services/helpers.go:122.2,122.15 1 0
github.com/jaas/jaas/internal/organization/services/helpers.go:122.15,124.3 1 0
github.com/jaas/jaas/internal/organization/services/helpers.go:125.2,126.16 2 0
github.com/jaas/jaas/internal/organization/services/helpers.go:126.16,128.3 1 0
github.com/jaas/jaas/internal/organization/services/helpers.go:129.2,135.4 1 0
github.com/jaas/jaas/internal/organization/services/mapping_service.go:45.18,47.2 1 0
github.com/jaas/jaas/internal/organization/services/mapping_service.go:49.57,57.2 1 0
github.com/jaas/jaas/internal/organization/services/mapping_service.go:60.104,62.16 2 0
github.com/jaas/jaas/internal/organization/services/mapping_service.go:62.16,64.3 1 0
github.com/jaas/jaas/internal/organization/services/mapping_service.go:65.2,65.38 1 0
github.com/jaas/jaas/internal/organization/services/mapping_service.go:65.38,67.3 1 0
github.com/jaas/jaas/internal/organization/services/mapping_service.go:68.2,68.12 1 0
github.com/jaas/jaas/internal/organization/services/mapping_service.go:72.159,73.19 1 0
github.com/jaas/jaas/internal/organization/services/mapping_service.go:73.19,75.17 2 0
github.com/jaas/jaas/internal/organization/services/mapping_service.go:75.17,77.4 1 0
github.com/jaas/jaas/internal/organization/services/mapping_service.go:78.3,78.18 1 0
github.com/jaas/jaas/internal/organization/services/mapping_service.go:78.18,80.4 1 0
github.com/jaas/jaas/internal/organization/services/mapping_service.go:82.2,83.19 2 0
github.com/jaas/jaas/internal/organization/services/mapping_service.go:83.19,85.17 2 0
github.com/jaas/jaas/internal/organization/services/mapping_service.go:85.17,87.4 1 0
github.com/jaas/jaas/internal/organization/services/mapping_service.go:88.3,88.15 1 0
github.com/jaas/jaas/internal/organization/services/mapping_service.go:88.15,90.4 1 0
github.com/jaas/jaas/internal/organization/services/mapping_service.go:91.3,91.11 1 0
github.com/jaas/jaas/internal/organization/services/mapping_service.go:93.2,93.20 1 0
github.com/jaas/jaas/internal/organization/services/mapping_service.go:93.20,95.17 2 0
github.com/jaas/jaas/internal/organization/services/mapping_service.go:95.17,97.4 1 0
github.com/jaas/jaas/internal/organization/services/mapping_service.go:98.3,98.15 1 0
github.com/jaas/jaas/internal/organization/services/mapping_service.go:98.15,100.4 1 0
github.com/jaas/jaas/internal/organization/services/mapping_service.go:102.2,102.66 1 0
github.com/jaas/jaas/internal/organization/services/mapping_service.go:102.66,104.3 1 0
github.com/jaas/jaas/internal/organization/services/mapping_service.go:105.2,105.22 1 0
github.com/jaas/jaas/internal/organization/services/mapping_service.go:105.22,106.25 1 0
github.com/jaas/jaas/internal/organization/services/mapping_service.go:106.25,108.4 1 0
github.com/jaas/jaas/internal/organization/services/mapping_service.go:109.3,109.68 1 0
github.com/jaas/jaas/internal/organization/services/mapping_service.go:109.68,111.4 1 0
github.com/jaas/jaas/internal/organization/services/mapping_service.go:112.3,112.85 1 0
github.com/jaas/jaas/internal/organization/services/mapping_service.go:112.85,114.4 1 0
github.com/jaas/jaas/internal/organization/services/mapping_service.go:116.2,116.12 1 0
github.com/jaas/jaas/internal/organization/services/mapping_service.go:120.122,123.26 3 0
github.com/jaas/jaas/internal/organization/services/mapping_service.go:123.26,124.16 1 0
github.com/jaas/jaas/internal/organization/services/mapping_service.go:124.16,126.4 1 0
github.com/jaas/jaas/internal/organization/services/mapping_service.go:127.3,129.67 3 0
github.com/jaas/jaas/internal/organization/services/mapping_service.go:129.67,131.4 1 0
github.com/jaas/jaas/internal/organization/services/mapping_service.go:132.3,132.31 1 0
github.com/jaas/jaas/internal/organization/services/mapping_service.go:134.2,134.128 1 0
github.com/jaas/jaas/internal/organization/services/mapping_service.go:137.179,139.16 2 0
github.com/jaas/jaas/internal/organization/services/mapping_service.go:139.16,141.3 1 0
github.com/jaas/jaas/internal/organization/services/mapping_service.go:142.2,142.63 1 0
github.com/jaas/jaas/internal/organization/services/mapping_service.go:142.63,144.3 1 0
github.com/jaas/jaas/internal/organization/services/mapping_service.go:145.2,146.16 2 0
github.com/jaas/jaas/internal/organization/services/mapping_service.go:146.16,148.3 1 0
github.com/jaas/jaas/internal/organization/services/mapping_service.go:149.2,150.16 2 0
github.com/jaas/jaas/internal/organization/services/mapping_service.go:150.16,152.3 1 0
github.com/jaas/jaas/internal/organization/services/mapping_service.go:153.2,154.16 2 0
github.com/jaas/jaas/internal/organization/services/mapping_service.go:154.16,156.3 1 0
github.com/jaas/jaas/internal/organization/services/mapping_service.go:157.2,158.16 2 0
github.com/jaas/jaas/internal/organization/services/mapping_service.go:158.16,160.3 1 0
github.com/jaas/jaas/internal/organization/services/mapping_service.go:161.2,161.54 1 0
github.com/jaas/jaas/internal/organization/services/mapping_service.go:161.54,163.3 1 0
github.com/jaas/jaas/internal/organization/services/mapping_service.go:164.2,164.99 1 0
github.com/jaas/jaas/internal/organization/services/mapping_service.go:164.99,166.3 1 0
github.com/jaas/jaas/internal/organization/services/mapping_service.go:167.2,167.19 1 0
github.com/jaas/jaas/internal/organization/services/mapping_service.go:167.19,169.17 2 0
github.com/jaas/jaas/internal/organization/services/mapping_service.go:169.17,171.4 1 0
github.com/jaas/jaas/internal/organization/services/mapping_service.go:172.3,172.22 1 0
github.com/jaas/jaas/internal/organization/services/mapping_service.go:172.22,174.4 1 0
github.com/jaas/jaas/internal/organization/services/mapping_service.go:177.2,182.57 3 0
github.com/jaas/jaas/internal/organization/services/mapping_service.go:182.57,184.3 1 0
github.com/jaas/jaas/internal/organization/services/mapping_service.go:186.2,190.27 3 0
github.com/jaas/jaas/internal/organization/services/mapping_service.go:193.125,195.16 2 0
github.com/jaas/jaas/internal/organization/services/mapping_service.go:195.16,197.3 1 0
github.com/jaas/jaas/internal/organization/services/mapping_service.go:198.2,198.14 1 0
github.com/jaas/jaas/internal/organization/services/mapping_service.go:198.14,200.3 1 0
github.com/jaas/jaas/internal/organization/services/mapping_service.go:201.2,201.27 1 0
github.com/jaas/jaas/internal/organization/services/mapping_service.go:204.158,206.16 2 0
github.com/jaas/jaas/internal/organization/services/mapping_service.go:206.16,208.3 1 0
github.com/jaas/jaas/internal/organization/services/mapping_service.go:209.2,210.21 2 0
github.com/jaas/jaas/internal/organization/services/mapping_service.go:210.21,212.3 1 0
github.com/jaas/jaas/internal/organization/services/mapping_service.go:213.2,213.101 1 0
github.com/jaas/jaas/internal/organization/services/mapping_service.go:216.158,218.16 2 0
github.com/jaas/jaas/internal/organization/services/mapping_service.go:218.16,220.3 1 0
github.com/jaas/jaas/internal/organization/services/mapping_service.go:221.2,221.14 1 0
github.com/jaas/jaas/internal/organization/services/mapping_service.go:221.14,223.3 1 0
github.com/jaas/jaas/internal/organization/services/mapping_service.go:225.2,229.29 5 0
github.com/jaas/jaas/internal/organization/services/mapping_service.go:229.29,231.17 2 0
github.com/jaas/jaas/internal/organization/services/mapping_service.go:231.17,233.4 1 0
github.com/jaas/jaas/internal/organization/services/mapping_service.go:235.2,235.23 1 0
github.com/jaas/jaas/internal/organization/services/mapping_service.go:235.23,237.17 2 0
github.com/jaas/jaas/internal/organization/services/mapping_service.go:237.17,239.4 1 0
github.com/jaas/jaas/internal/organization/services/mapping_service.go:241.2,241.30 1 0
github.com/jaas/jaas/internal/organization/services/mapping_service.go:241.30,243.17 2 0
github.com/jaas/jaas/internal/organization/services/mapping_service.go:243.17,245.4 1 0
github.com/jaas/jaas/internal/organization/services/mapping_service.go:247.2,247.30 1 0
github.com/jaas/jaas/internal/organization/services/mapping_service.go:247.30,249.17 2 0
github.com/jaas/jaas/internal/organization/services/mapping_service.go:249.17,251.4 1 0
github.com/jaas/jaas/internal/organization/services/mapping_service.go:253.2,253.101 1 0
github.com/jaas/jaas/internal/organization/services/mapping_service.go:253.101,255.3 1 0
github.com/jaas/jaas/internal/organization/services/mapping_service.go:256.2,256.60 1 0
github.com/jaas/jaas/internal/organization/services/mapping_service.go:256.60,258.17 2 0
github.com/jaas/jaas/internal/organization/services/mapping_service.go:258.17,260.4 1 0
github.com/jaas/jaas/internal/organization/services/mapping_service.go:261.3,261.45 1 0
github.com/jaas/jaas/internal/organization/services/mapping_service.go:261.45,263.66 2 0
github.com/jaas/jaas/internal/organization/services/mapping_service.go:263.66,265.5 1 0
github.com/jaas/jaas/internal/organization/services/mapping_service.go:267.3,267.21 1 0
github.com/jaas/jaas/internal/organization/services/mapping_service.go:268.8,268.33 1 0
github.com/jaas/jaas/internal/organization/services/mapping_service.go:268.33,270.3 1 0
github.com/jaas/jaas/internal/organization/services/mapping_service.go:271.2,273.57 2 0
github.com/jaas/jaas/internal/organization/services/mapping_service.go:273.57,275.3 1 0
github.com/jaas/jaas/internal/organization/services/mapping_service.go:276.2,277.27 2 0
github.com/jaas/jaas/internal/organization/services/mapping_service.go:280.166,282.16 2 0
github.com/jaas/jaas/internal/organization/services/mapping_service.go:282.16,284.3 1 0
github.com/jaas/jaas/internal/organization/services/mapping_service.go:285.2,285.14 1 0
github.com/jaas/jaas/internal/organization/services/mapping_service.go:285.14,287.3 1 0
github.com/jaas/jaas/internal/organization/services/mapping_service.go:288.2,288.28 1 0
github.com/jaas/jaas/internal/organization/services/mapping_service.go:288.28,290.3 1 0
github.com/jaas/jaas/internal/organization/services/mapping_service.go:291.2,293.57 3 0
github.com/jaas/jaas/internal/organization/services/mapping_service.go:293.57,295.3 1 0
github.com/jaas/jaas/internal/organization/services/mapping_service.go:296.2,297.27 2 0
github.com/jaas/jaas/internal/organization/services/mapping_service.go:301.142,303.16 2 0
github.com/jaas/jaas/internal/organization/services/mapping_service.go:303.16,305.3 1 0
github.com/jaas/jaas/internal/organization/services/mapping_service.go:306.2,306.21 1 0
github.com/jaas/jaas/internal/organization/services/mapping_service.go:306.21,307.32 1 0
github.com/jaas/jaas/internal/organization/services/mapping_service.go:307.32,309.65 2 0
github.com/jaas/jaas/internal/organization/services/mapping_service.go:309.65,311.5 1 0
github.com/jaas/jaas/internal/organization/services/mapping_service.go:314.2,315.16 2 0
github.com/jaas/jaas/internal/organization/services/mapping_service.go:315.16,317.3 1 0
github.com/jaas/jaas/internal/organization/services/mapping_service.go:318.2,318.25 1 0
github.com/jaas/jaas/internal/organization/services/mapping_service.go:318.25,320.68 2 0
github.com/jaas/jaas/internal/organization/services/mapping_service.go:320.68,322.4 1 0
github.com/jaas/jaas/internal/organization/services/mapping_service.go:324.2,325.12 2 0
github.com/jaas/jaas/internal/organization/services/org_chart_service.go:35.84,36.20 1 0
github.com/jaas/jaas/internal/organization/services/org_chart_service.go:36.20,38.3 1 0
github.com/jaas/jaas/internal/organization/services/org_chart_service.go:39.2,39.82 1 0
github.com/jaas/jaas/internal/organization/services/org_chart_service.go:57.19,59.2 1 0
github.com/jaas/jaas/internal/organization/services/org_chart_service.go:61.83,63.2 1 0
github.com/jaas/jaas/internal/organization/services/org_chart_service.go:65.157,66.36 1 0
github.com/jaas/jaas/internal/organization/services/org_chart_service.go:66.36,68.3 1 0
github.com/jaas/jaas/internal/organization/services/org_chart_service.go:69.2,70.20 2 0
github.com/jaas/jaas/internal/organization/services/org_chart_service.go:70.20,71.81 1 0
github.com/jaas/jaas/internal/organization/services/org_chart_service.go:71.81,73.51 2 0
github.com/jaas/jaas/internal/organization/services/org_chart_service.go:73.51,75.5 1 0
github.com/jaas/jaas/internal/organization/services/org_chart_service.go:79.2,80.16 2 0
github.com/jaas/jaas/internal/organization/services/org_chart_service.go:80.16,82.3 1 0
github.com/jaas/jaas/internal/organization/services/org_chart_service.go:83.2,84.23 2 0
github.com/jaas/jaas/internal/organization/services/org_chart_service.go:84.23,85.54 1 0
github.com/jaas/jaas/internal/organization/services/org_chart_service.go:85.54,86.12 1 0
github.com/jaas/jaas/internal/organization/services/org_chart_service.go:88.3,89.17 2 0
github.com/jaas/jaas/internal/organization/services/org_chart_service.go:89.17,91.4 1 0
github.com/jaas/jaas/internal/organization/services/org_chart_service.go:92.3,92.31 1 0
github.com/jaas/jaas/internal/organization/services/org_chart_service.go:94.2,95.20 2 0
github.com/jaas/jaas/internal/organization/services/org_chart_service.go:95.20,96.49 1 0
github.com/jaas/jaas/internal/organization/services/org_chart_service.go:96.49,98.4 1 0
github.com/jaas/jaas/internal/organization/services/org_chart_service.go:100.2,100.18 1 0
github.com/jaas/jaas/internal/organization/services/org_chart_service.go:103.186,105.16 2 0
github.com/jaas/jaas/internal/organization/services/org_chart_service.go:105.16,107.3 1 0
github.com/jaas/jaas/internal/organization/services/org_chart_service.go:108.2,109.16 2 0
github.com/jaas/jaas/internal/organization/services/org_chart_service.go:109.16,111.3 1 0
github.com/jaas/jaas/internal/organization/services/org_chart_service.go:112.2,113.23 2 0
github.com/jaas/jaas/internal/organization/services/org_chart_service.go:113.23,114.54 1 0
github.com/jaas/jaas/internal/organization/services/org_chart_service.go:114.54,115.12 1 0
github.com/jaas/jaas/internal/organization/services/org_chart_service.go:117.3,118.17 2 0
github.com/jaas/jaas/internal/organization/services/org_chart_service.go:118.17,120.4 1 0
github.com/jaas/jaas/internal/organization/services/org_chart_service.go:121.3,127.5 1 0
github.com/jaas/jaas/internal/organization/services/org_chart_service.go:129.2,133.25 2 0
github.com/jaas/jaas/internal/organization/services/org_chart_service.go:133.25,135.3 1 0
github.com/jaas/jaas/internal/organization/services/org_chart_service.go:136.2,137.16 2 0
github.com/jaas/jaas/internal/organization/services/org_chart_service.go:137.16,139.3 1 0
github.com/jaas/jaas/internal/organization/services/org_chart_service.go:140.2,140.26 1 0
github.com/jaas/jaas/internal/organization/services/org_chart_service.go:140.26,141.57 1 0
github.com/jaas/jaas/internal/organization/services/org_chart_service.go:141.57,142.12 1 0
github.com/jaas/jaas/internal/organization/services/org_chart_service.go:144.3,145.17 2 0
github.com/jaas/jaas/internal/organization/services/org_chart_service.go:145.17,147.4 1 0
github.com/jaas/jaas/internal/organization/services/org_chart_service.go:148.3,148.48 1 0
github.com/jaas/jaas/internal/organization/services/org_chart_service.go:150.2,150.18 1 0
github.com/jaas/jaas/internal/organization/services/org_chart_service.go:153.134,155.16 2 0
github.com/jaas/jaas/internal/organization/services/org_chart_service.go:155.16,157.3 1 0
github.com/jaas/jaas/internal/organization/services/org_chart_service.go:158.2,159.20 2 0
github.com/jaas/jaas/internal/organization/services/org_chart_service.go:159.20,161.3 1 0
github.com/jaas/jaas/internal/organization/services/org_chart_service.go:162.2,163.27 2 0
github.com/jaas/jaas/internal/organization/services/org_chart_service.go:163.27,165.17 2 0
github.com/jaas/jaas/internal/organization/services/org_chart_service.go:165.17,167.4 1 0
github.com/jaas/jaas/internal/organization/services/org_chart_service.go:168.3,168.18 1 0
github.com/jaas/jaas/internal/organization/services/org_chart_service.go:168.18,170.18 2 0
github.com/jaas/jaas/internal/organization/services/org_chart_service.go:170.18,172.5 1 0
github.com/jaas/jaas/internal/organization/services/org_chart_service.go:173.4,179.5 1 0
github.com/jaas/jaas/internal/organization/services/org_chart_service.go:182.2,182.33 1 0
github.com/jaas/jaas/internal/organization/services/org_chart_service.go:182.33,184.17 2 0
github.com/jaas/jaas/internal/organization/services/org_chart_service.go:184.17,186.4 1 0
github.com/jaas/jaas/internal/organization/services/org_chart_service.go:187.3,187.18 1 0
github.com/jaas/jaas/internal/organization/services/org_chart_service.go:187.18,189.18 2 0
github.com/jaas/jaas/internal/organization/services/org_chart_service.go:189.18,191.5 1 0
github.com/jaas/jaas/internal/organization/services/org_chart_service.go:192.4,200.19 4 0
github.com/jaas/jaas/internal/organization/services/org_chart_service.go:200.19,202.36 2 0
github.com/jaas/jaas/internal/organization/services/org_chart_service.go:202.36,204.6 1 0
github.com/jaas/jaas/internal/organization/services/org_chart_service.go:205.5,206.19 2 0
github.com/jaas/jaas/internal/organization/services/org_chart_service.go:206.19,208.6 1 0
github.com/jaas/jaas/internal/organization/services/org_chart_service.go:209.5,215.36 2 0
github.com/jaas/jaas/internal/organization/services/org_chart_service.go:219.2,220.16 2 0
github.com/jaas/jaas/internal/organization/services/org_chart_service.go:220.16,222.3 1 0
github.com/jaas/jaas/internal/organization/services/org_chart_service.go:223.2,223.25 1 0
github.com/jaas/jaas/internal/organization/services/org_chart_service.go:223.25,225.3 1 0
github.com/jaas/jaas/internal/organization/services/org_chart_service.go:226.2,226.31 1 0
github.com/jaas/jaas/internal/organization/services/org_chart_service.go:226.31,228.3 1 0
github.com/jaas/jaas/internal/organization/services/org_chart_service.go:229.2,229.18 1 0
github.com/jaas/jaas/internal/organization/services/team_service.go:43.15,45.2 1 0
github.com/jaas/jaas/internal/organization/services/team_service.go:47.123,48.36 1 0
github.com/jaas/jaas/internal/organization/services/team_service.go:48.36,50.3 1 0
github.com/jaas/jaas/internal/organization/services/team_service.go:51.2,52.16 2 0
github.com/jaas/jaas/internal/organization/services/team_service.go:52.16,54.3 1 0
github.com/jaas/jaas/internal/organization/services/team_service.go:55.2,56.16 2 0
github.com/jaas/jaas/internal/organization/services/team_service.go:56.16,58.3 1 0
github.com/jaas/jaas/internal/organization/services/team_service.go:59.2,59.38 1 0
github.com/jaas/jaas/internal/organization/services/team_service.go:59.38,61.3 1 0
github.com/jaas/jaas/internal/organization/services/team_service.go:62.2,62.17 1 0
github.com/jaas/jaas/internal/organization/services/team_service.go:65.131,67.16 2 0
github.com/jaas/jaas/internal/organization/services/team_service.go:67.16,69.3 1 0
github.com/jaas/jaas/internal/organization/services/team_service.go:70.2,75.8 1 0
github.com/jaas/jaas/internal/organization/services/team_service.go:78.167,80.16 2 0
github.com/jaas/jaas/internal/organization/services/team_service.go:80.16,82.3 1 0
github.com/jaas/jaas/internal/organization/services/team_service.go:83.2,84.16 2 0
github.com/jaas/jaas/internal/organization/services/team_service.go:84.16,86.3 1 0
github.com/jaas/jaas/internal/organization/services/team_service.go:87.2,87.17 1 0
github.com/jaas/jaas/internal/organization/services/team_service.go:87.17,89.3 1 0
github.com/jaas/jaas/internal/organization/services/team_service.go:90.2,91.16 2 0
github.com/jaas/jaas/internal/organization/services/team_service.go:91.16,93.3 1 0
github.com/jaas/jaas/internal/organization/services/team_service.go:94.2,94.21 1 0
github.com/jaas/jaas/internal/organization/services/team_service.go:94.21,96.3 1 0
github.com/jaas/jaas/internal/organization/services/team_service.go:97.2,98.16 2 0
github.com/jaas/jaas/internal/organization/services/team_service.go:98.16,100.3 1 0
github.com/jaas/jaas/internal/organization/services/team_service.go:102.2,107.57 3 0
github.com/jaas/jaas/internal/organization/services/team_service.go:107.57,109.3 1 0
github.com/jaas/jaas/internal/organization/services/team_service.go:111.2,115.46 3 0
github.com/jaas/jaas/internal/organization/services/team_service.go:118.116,120.16 2 0
github.com/jaas/jaas/internal/organization/services/team_service.go:120.16,122.3 1 0
github.com/jaas/jaas/internal/organization/services/team_service.go:123.2,123.17 1 0
github.com/jaas/jaas/internal/organization/services/team_service.go:123.17,125.3 1 0
github.com/jaas/jaas/internal/organization/services/team_service.go:126.2,126.46 1 0
github.com/jaas/jaas/internal/organization/services/team_service.go:129.162,131.16 2 0
github.com/jaas/jaas/internal/organization/services/team_service.go:131.16,133.3 1 0
github.com/jaas/jaas/internal/organization/services/team_service.go:134.2,135.23 2 0
github.com/jaas/jaas/internal/organization/services/team_service.go:135.23,137.17 2 0
github.com/jaas/jaas/internal/organization/services/team_service.go:137.17,139.4 1 0
github.com/jaas/jaas/internal/organization/services/team_service.go:140.3,140.17 1 0
github.com/jaas/jaas/internal/organization/services/team_service.go:142.2,142.98 1 0
github.com/jaas/jaas/internal/organization/services/team_service.go:145.146,147.16 2 0
github.com/jaas/jaas/internal/organization/services/team_service.go:147.16,149.3 1 0
github.com/jaas/jaas/internal/organization/services/team_service.go:150.2,150.17 1 0
github.com/jaas/jaas/internal/organization/services/team_service.go:150.17,152.3 1 0
github.com/jaas/jaas/internal/organization/services/team_service.go:154.2,155.28 2 0
github.com/jaas/jaas/internal/organization/services/team_service.go:155.28,157.3 1 0
github.com/jaas/jaas/internal/organization/services/team_service.go:158.2,158.29 1 0
github.com/jaas/jaas/internal/organization/services/team_service.go:158.29,160.17 2 0
github.com/jaas/jaas/internal/organization/services/team_service.go:160.17,162.4 1 0
github.com/jaas/jaas/internal/organization/services/team_service.go:163.3,164.17 2 0
github.com/jaas/jaas/internal/organization/services/team_service.go:164.17,166.4 1 0
github.com/jaas/jaas/internal/organization/services/team_service.go:167.3,167.18 1 0
github.com/jaas/jaas/internal/organization/services/team_service.go:167.18,169.4 1 0
github.com/jaas/jaas/internal/organization/services/team_service.go:170.3,170.29 1 0
github.com/jaas/jaas/internal/organization/services/team_service.go:172.2,172.21 1 0
github.com/jaas/jaas/internal/organization/services/team_service.go:172.21,174.24 2 0
github.com/jaas/jaas/internal/organization/services/team_service.go:174.24,177.18 2 0
github.com/jaas/jaas/internal/organization/services/team_service.go:177.18,179.5 1 0
github.com/jaas/jaas/internal/organization/services/team_service.go:180.4,180.49 1 0
github.com/jaas/jaas/internal/organization/services/team_service.go:180.49,182.5 1 0
github.com/jaas/jaas/internal/organization/services/team_service.go:183.4,183.20 1 0
github.com/jaas/jaas/internal/organization/services/team_service.go:186.2,186.27 1 0
github.com/jaas/jaas/internal/organization/services/team_service.go:186.27,188.17 2 0
github.com/jaas/jaas/internal/organization/services/team_service.go:188.17,190.4 1 0
github.com/jaas/jaas/internal/organization/services/team_service.go:191.3,191.27 1 0
github.com/jaas/jaas/internal/organization/services/team_service.go:194.2,194.57 1 0
github.com/jaas/jaas/internal/organization/services/team_service.go:194.57,196.3 1 0
github.com/jaas/jaas/internal/organization/services/team_service.go:197.2,199.46 2 0
github.com/jaas/jaas/internal/organization/services/team_service.go:202.139,204.16 2 0
github.com/jaas/jaas/internal/organization/services/team_service.go:204.16,206.3 1 0
github.com/jaas/jaas/internal/organization/services/team_service.go:207.2,207.17 1 0
github.com/jaas/jaas/internal/organization/services/team_service.go:207.17,209.3 1 0
github.com/jaas/jaas/internal/organization/services/team_service.go:210.2,210.31 1 0
github.com/jaas/jaas/internal/organization/services/team_service.go:210.31,212.3 1 0
github.com/jaas/jaas/internal/organization/services/team_service.go:213.2,214.16 2 0
github.com/jaas/jaas/internal/organization/services/team_service.go:214.16,216.3 1 0
github.com/jaas/jaas/internal/organization/services/team_service.go:217.2,217.15 1 0
github.com/jaas/jaas/internal/organization/services/team_service.go:217.15,219.3 1 0
github.com/jaas/jaas/internal/organization/services/team_service.go:220.2,221.57 2 0
github.com/jaas/jaas/internal/organization/services/team_service.go:221.57,223.3 1 0
github.com/jaas/jaas/internal/organization/services/team_service.go:224.2,225.46 2 0
github.com/jaas/jaas/internal/employee/services/document_service.go:32.27,38.2 1 1
github.com/jaas/jaas/internal/employee/services/document_service.go:40.156,42.16 2 1
github.com/jaas/jaas/internal/employee/services/document_service.go:42.16,44.3 1 0
github.com/jaas/jaas/internal/employee/services/document_service.go:45.2,45.20 1 1
github.com/jaas/jaas/internal/employee/services/document_service.go:45.20,47.3 1 1
github.com/jaas/jaas/internal/employee/services/document_service.go:49.2,59.56 3 1
github.com/jaas/jaas/internal/employee/services/document_service.go:59.56,61.3 1 0
github.com/jaas/jaas/internal/employee/services/document_service.go:63.2,63.37 1 1
github.com/jaas/jaas/internal/employee/services/document_service.go:66.124,68.16 2 1
github.com/jaas/jaas/internal/employee/services/document_service.go:68.16,70.3 1 0
github.com/jaas/jaas/internal/employee/services/document_service.go:72.2,73.22 2 1
github.com/jaas/jaas/internal/employee/services/document_service.go:73.22,75.3 1 1
github.com/jaas/jaas/internal/employee/services/document_service.go:76.2,76.17 1 1
github.com/jaas/jaas/internal/employee/services/document_service.go:79.144,81.16 2 1
github.com/jaas/jaas/internal/employee/services/document_service.go:81.16,83.3 1 0
github.com/jaas/jaas/internal/employee/services/document_service.go:85.2,85.54 1 1
github.com/jaas/jaas/internal/employee/services/document_service.go:85.54,87.3 1 1
github.com/jaas/jaas/internal/employee/services/document_service.go:89.2,93.56 4 1
github.com/jaas/jaas/internal/employee/services/document_service.go:93.56,95.3 1 0
github.com/jaas/jaas/internal/employee/services/document_service.go:97.2,97.24 1 1
github.com/jaas/jaas/internal/employee/services/document_service.go:97.24,100.3 2 1
github.com/jaas/jaas/internal/employee/services/document_service.go:102.2,102.37 1 1
github.com/jaas/jaas/internal/employee/services/document_service.go:105.75,106.14 1 1
github.com/jaas/jaas/internal/employee/services/document_service.go:106.14,108.3 1 0
github.com/jaas/jaas/internal/employee/services/document_service.go:109.2,120.3 1 1
github.com/jaas/jaas/internal/employee/services/employee_service.go:49.19,58.2 1 1
github.com/jaas/jaas/internal/employee/services/employee_service.go:60.145,61.74 1 1
github.com/jaas/jaas/internal/employee/services/employee_service.go:61.74,63.3 1 1
github.com/jaas/jaas/internal/employee/services/employee_service.go:64.2,64.78 1 1
github.com/jaas/jaas/internal/employee/services/employee_service.go:64.78,66.3 1 1
github.com/jaas/jaas/internal/employee/services/employee_service.go:69.2,69.22 1 1
github.com/jaas/jaas/internal/employee/services/employee_service.go:69.22,71.32 2 1
github.com/jaas/jaas/internal/employee/services/employee_service.go:71.32,73.4 1 1
github.com/jaas/jaas/internal/employee/services/employee_service.go:77.2,78.16 2 1
github.com/jaas/jaas/internal/employee/services/employee_service.go:78.16,80.3 1 0
github.com/jaas/jaas/internal/employee/services/employee_service.go:81.2,81.21 1 1
github.com/jaas/jaas/internal/employee/services/employee_service.go:81.21,83.3 1 1
github.com/jaas/jaas/internal/employee/services/employee_service.go:86.2,87.29 2 1
github.com/jaas/jaas/internal/employee/services/employee_service.go:87.29,89.3 1 1
github.com/jaas/jaas/internal/employee/services/employee_service.go:91.2,93.75 3 1
github.com/jaas/jaas/internal/employee/services/employee_service.go:93.75,95.3 1 1
github.com/jaas/jaas/internal/employee/services/employee_service.go:97.2,114.23 5 1
github.com/jaas/jaas/internal/employee/services/employee_service.go:114.23,116.3 1 1
github.com/jaas/jaas/internal/employee/services/employee_service.go:118.2,147.17 7 1
github.com/jaas/jaas/internal/employee/services/employee_service.go:147.17,148.67 1 1
github.com/jaas/jaas/internal/employee/services/employee_service.go:148.67,150.57 2 1
github.com/jaas/jaas/internal/employee/services/employee_service.go:150.57,152.5 1 0
github.com/jaas/jaas/internal/employee/services/employee_service.go:153.4,153.54 1 1
github.com/jaas/jaas/internal/employee/services/employee_service.go:153.54,155.5 1 0
github.com/jaas/jaas/internal/employee/services/employee_service.go:156.4,156.51 1 1
github.com/jaas/jaas/internal/employee/services/employee_service.go:156.51,158.5 1 0
github.com/jaas/jaas/internal/employee/services/employee_service.go:159.4,159.52 1 1
github.com/jaas/jaas/internal/employee/services/employee_service.go:159.52,161.5 1 0
github.com/jaas/jaas/internal/employee/services/employee_service.go:164.4,178.34 4 1
github.com/jaas/jaas/internal/employee/services/employee_service.go:180.3,180.17 1 1
github.com/jaas/jaas/internal/employee/services/employee_service.go:180.17,182.4 1 0
github.com/jaas/jaas/internal/employee/services/employee_service.go:183.8,186.28 2 0
github.com/jaas/jaas/internal/employee/services/employee_service.go:186.28,188.4 1 0
github.com/jaas/jaas/internal/employee/services/employee_service.go:191.2,194.24 3 1
github.com/jaas/jaas/internal/employee/services/employee_service.go:194.24,197.3 2 1
github.com/jaas/jaas/internal/employee/services/employee_service.go:199.2,199.41 1 1
github.com/jaas/jaas/internal/employee/services/employee_service.go:202.111,204.16 2 1
github.com/jaas/jaas/internal/employee/services/employee_service.go:204.16,206.3 1 0
github.com/jaas/jaas/internal/employee/services/employee_service.go:207.2,207.20 1 1
github.com/jaas/jaas/internal/employee/services/employee_service.go:207.20,209.3 1 1
github.com/jaas/jaas/internal/employee/services/employee_service.go:210.2,210.41 1 1
github.com/jaas/jaas/internal/employee/services/employee_service.go:213.119,215.16 2 1
github.com/jaas/jaas/internal/employee/services/employee_service.go:215.16,217.3 1 0
github.com/jaas/jaas/internal/employee/services/employee_service.go:218.2,218.20 1 1
github.com/jaas/jaas/internal/employee/services/employee_service.go:218.20,220.3 1 1
github.com/jaas/jaas/internal/employee/services/employee_service.go:221.2,221.41 1 1
github.com/jaas/jaas/internal/employee/services/employee_service.go:224.139,226.16 2 1
github.com/jaas/jaas/internal/employee/services/employee_service.go:226.16,228.3 1 0
github.com/jaas/jaas/internal/employee/services/employee_service.go:230.2,231.26 2 1
github.com/jaas/jaas/internal/employee/services/employee_service.go:231.26,233.3 1 1
github.com/jaas/jaas/internal/employee/services/employee_service.go:234.2,234.24 1 1
github.com/jaas/jaas/internal/employee/services/employee_service.go:237.141,239.16 2 1
github.com/jaas/jaas/internal/employee/services/employee_service.go:239.16,241.3 1 0
github.com/jaas/jaas/internal/employee/services/employee_service.go:242.2,242.20 1 1
github.com/jaas/jaas/internal/employee/services/employee_service.go:242.20,244.3 1 1
github.com/jaas/jaas/internal/employee/services/employee_service.go:246.2,246.26 1 1
github.com/jaas/jaas/internal/employee/services/employee_service.go:246.26,248.3 1 1
github.com/jaas/jaas/internal/employee/services/employee_service.go:249.2,249.25 1 1
github.com/jaas/jaas/internal/employee/services/employee_service.go:249.25,251.3 1 0
github.com/jaas/jaas/internal/employee/services/employee_service.go:252.2,252.28 1 1
github.com/jaas/jaas/internal/employee/services/employee_service.go:252.28,254.3 1 0
github.com/jaas/jaas/internal/employee/services/employee_service.go:255.2,255.23 1 1
github.com/jaas/jaas/internal/employee/services/employee_service.go:255.23,257.3 1 1
github.com/jaas/jaas/internal/employee/services/employee_service.go:258.2,258.28 1 1
github.com/jaas/jaas/internal/employee/services/employee_service.go:258.28,260.3 1 0
github.com/jaas/jaas/internal/employee/services/employee_service.go:261.2,261.30 1 1
github.com/jaas/jaas/internal/employee/services/employee_service.go:261.30,263.3 1 0
github.com/jaas/jaas/internal/employee/services/employee_service.go:264.2,264.27 1 1
github.com/jaas/jaas/internal/employee/services/employee_service.go:264.27,266.3 1 1
github.com/jaas/jaas/internal/employee/services/employee_service.go:267.2,267.26 1 1
github.com/jaas/jaas/internal/employee/services/employee_service.go:267.26,269.3 1 0
github.com/jaas/jaas/internal/employee/services/employee_service.go:271.2,271.64 1 1
github.com/jaas/jaas/internal/employee/services/employee_service.go:271.64,273.3 1 0
github.com/jaas/jaas/internal/employee/services/employee_service.go:275.2,275.41 1 1
github.com/jaas/jaas/internal/employee/services/employee_service.go:278.159,280.16 2 1
github.com/jaas/jaas/internal/employee/services/employee_service.go:280.16,282.3 1 0
github.com/jaas/jaas/internal/employee/services/employee_service.go:283.2,283.20 1 1
github.com/jaas/jaas/internal/employee/services/employee_service.go:283.20,285.3 1 0
github.com/jaas/jaas/internal/employee/services/employee_service.go:287.2,287.28 1 1
github.com/jaas/jaas/internal/employee/services/employee_service.go:287.28,292.3 2 0
github.com/jaas/jaas/internal/employee/services/employee_service.go:294.2,294.30 1 1
github.com/jaas/jaas/internal/employee/services/employee_service.go:294.30,296.3 1 1
github.com/jaas/jaas/internal/employee/services/employee_service.go:297.2,297.31 1 1
github.com/jaas/jaas/internal/employee/services/employee_service.go:297.31,299.3 1 1
github.com/jaas/jaas/internal/employee/services/employee_service.go:300.2,300.33 1 1
github.com/jaas/jaas/internal/employee/services/employee_service.go:300.33,302.3 1 0
github.com/jaas/jaas/internal/employee/services/employee_service.go:303.2,303.34 1 1
github.com/jaas/jaas/internal/employee/services/employee_service.go:303.34,304.86 1 1
github.com/jaas/jaas/internal/employee/services/employee_service.go:304.86,306.4 1 1
github.com/jaas/jaas/internal/employee/services/employee_service.go:307.3,308.15 2 1
github.com/jaas/jaas/internal/employee/services/employee_service.go:308.15,310.4 1 1
github.com/jaas/jaas/internal/employee/services/employee_service.go:311.3,311.41 1 1
github.com/jaas/jaas/internal/employee/services/employee_service.go:314.2,314.79 1 1
github.com/jaas/jaas/internal/employee/services/employee_service.go:314.79,316.3 1 0
github.com/jaas/jaas/internal/employee/services/employee_service.go:318.2,318.41 1 1
github.com/jaas/jaas/internal/employee/services/employee_service.go:321.153,322.62 1 1
github.com/jaas/jaas/internal/employee/services/employee_service.go:322.62,324.3 1 1
github.com/jaas/jaas/internal/employee/services/employee_service.go:326.2,327.16 2 1
github.com/jaas/jaas/internal/employee/services/employee_service.go:327.16,329.3 1 0
github.com/jaas/jaas/internal/employee/services/employee_service.go:330.2,330.20 1 1
github.com/jaas/jaas/internal/employee/services/employee_service.go:330.20,332.3 1 1
github.com/jaas/jaas/internal/employee/services/employee_service.go:334.2,336.28 3 1
github.com/jaas/jaas/internal/employee/services/employee_service.go:336.28,338.3 1 1
github.com/jaas/jaas/internal/employee/services/employee_service.go:340.2,340.76 1 1
github.com/jaas/jaas/internal/employee/services/employee_service.go:340.76,342.3 1 1
github.com/jaas/jaas/internal/employee/services/employee_service.go:344.2,349.17 5 1
github.com/jaas/jaas/internal/employee/services/employee_service.go:349.17,350.67 1 1
github.com/jaas/jaas/internal/employee/services/employee_service.go:350.67,352.57 2 1
github.com/jaas/jaas/internal/employee/services/employee_service.go:352.57,354.5 1 0
github.com/jaas/jaas/internal/employee/services/employee_service.go:355.4,355.39 1 1
github.com/jaas/jaas/internal/employee/services/employee_service.go:355.39,356.91 1 1
github.com/jaas/jaas/internal/employee/services/employee_service.go:356.91,358.6 1 0
github.com/jaas/jaas/internal/employee/services/employee_service.go:362.4,362.38 1 1
github.com/jaas/jaas/internal/employee/services/employee_service.go:362.38,363.99 1 1
github.com/jaas/jaas/internal/employee/services/employee_service.go:363.99,365.64 2 0
github.com/jaas/jaas/internal/employee/services/employee_service.go:365.64,367.7 1 0
github.com/jaas/jaas/internal/employee/services/employee_service.go:372.4,380.36 3 1
github.com/jaas/jaas/internal/employee/services/employee_service.go:382.3,382.17 1 1
github.com/jaas/jaas/internal/employee/services/employee_service.go:382.17,384.4 1 0
github.com/jaas/jaas/internal/employee/services/employee_service.go:385.8,387.3 1 0
github.com/jaas/jaas/internal/employee/services/employee_service.go:389.2,389.24 1 1
github.com/jaas/jaas/internal/employee/services/employee_service.go:389.24,397.3 2 1
github.com/jaas/jaas/internal/employee/services/employee_service.go:399.2,399.41 1 1
github.com/jaas/jaas/internal/employee/services/employee_service.go:402.89,404.16 2 1
github.com/jaas/jaas/internal/employee/services/employee_service.go:404.16,406.3 1 0
github.com/jaas/jaas/internal/employee/services/employee_service.go:407.2,407.20 1 1
github.com/jaas/jaas/internal/employee/services/employee_service.go:407.20,409.3 1 1
github.com/jaas/jaas/internal/employee/services/employee_service.go:410.2,411.48 2 1
github.com/jaas/jaas/internal/employee/services/employee_service.go:414.74,415.14 1 1
github.com/jaas/jaas/internal/employee/services/employee_service.go:415.14,417.3 1 0
github.com/jaas/jaas/internal/employee/services/employee_service.go:418.2,436.31 2 1
github.com/jaas/jaas/internal/employee/services/employee_service.go:436.31,447.3 1 1
github.com/jaas/jaas/internal/employee/services/employee_service.go:449.2,449.22 1 1
github.com/jaas/jaas/internal/employee/services/employee_service.go:449.22,458.3 1 1
github.com/jaas/jaas/internal/employee/services/employee_service.go:460.2,460.12 1 1
github.com/jaas/jaas/internal/employee/services/employee_service.go:466.137,469.14 3 1
github.com/jaas/jaas/internal/employee/services/employee_service.go:469.14,470.17 1 0
github.com/jaas/jaas/internal/employee/services/employee_service.go:470.17,472.4 1 0
github.com/jaas/jaas/internal/employee/services/employee_service.go:473.3,473.19 1 0
github.com/jaas/jaas/internal/employee/services/employee_service.go:475.2,475.33 1 1
github.com/jaas/jaas/internal/employee/services/employee_service.go:475.33,477.3 1 0
github.com/jaas/jaas/internal/employee/services/employee_service.go:478.2,478.32 1 1
github.com/jaas/jaas/internal/employee/services/employee_service.go:478.32,480.3 1 0
github.com/jaas/jaas/internal/employee/services/employee_service.go:481.2,481.25 1 1
github.com/jaas/jaas/internal/employee/services/employee_service.go:481.25,483.3 1 1
github.com/jaas/jaas/internal/employee/services/employee_service.go:484.2,484.26 1 1
github.com/jaas/jaas/internal/employee/services/employee_service.go:484.26,486.3 1 1
github.com/jaas/jaas/internal/employee/services/employee_service.go:487.2,487.55 1 1
github.com/jaas/jaas/internal/employee/services/employee_service.go:487.55,488.32 1 1
github.com/jaas/jaas/internal/employee/services/employee_service.go:488.32,490.4 1 1
github.com/jaas/jaas/internal/employee/services/employee_service.go:491.3,491.26 1 1
github.com/jaas/jaas/internal/employee/services/employee_service.go:493.2,493.54 1 1
github.com/jaas/jaas/internal/employee/services/employee_service.go:493.54,494.31 1 1
github.com/jaas/jaas/internal/employee/services/employee_service.go:494.31,496.4 1 1
github.com/jaas/jaas/internal/employee/services/employee_service.go:497.3,497.24 1 1
github.com/jaas/jaas/internal/employee/services/employee_service.go:497.24,500.4 2 1
github.com/jaas/jaas/internal/employee/services/employee_service.go:502.2,502.16 1 1
github.com/jaas/jaas/internal/employee/services/employee_service.go:502.16,503.24 1 1
github.com/jaas/jaas/internal/employee/services/employee_service.go:503.24,505.4 1 1
github.com/jaas/jaas/internal/employee/services/employee_service.go:506.3,506.24 1 1
github.com/jaas/jaas/internal/employee/services/employee_service.go:508.2,508.18 1 1
github.com/jaas/jaas/internal/employee/services/event_consumer.go:21.85,26.2 1 1
github.com/jaas/jaas/internal/employee/services/event_consumer.go:28.102,30.34 2 0
github.com/jaas/jaas/internal/employee/services/event_consumer.go:30.34,31.22 1 0
github.com/jaas/jaas/internal/employee/services/event_consumer.go:31.22,33.4 1 0
github.com/jaas/jaas/internal/employee/services/event_consumer.go:34.3,34.13 1 0
github.com/jaas/jaas/internal/employee/services/event_consumer.go:39.2,39.24 1 0
github.com/jaas/jaas/internal/employee/services/event_consumer.go:40.44,41.13 1 0
github.com/jaas/jaas/internal/employee/services/event_consumer.go:44.2,51.12 3 0
github.com/jaas/jaas/internal/employee/services/statutory_service.go:26.28,31.2 1 1
github.com/jaas/jaas/internal/employee/services/statutory_service.go:33.151,35.16 2 1
github.com/jaas/jaas/internal/employee/services/statutory_service.go:35.16,37.3 1 0
github.com/jaas/jaas/internal/employee/services/statutory_service.go:38.2,38.17 1 1
github.com/jaas/jaas/internal/employee/services/statutory_service.go:38.17,40.3 1 1
github.com/jaas/jaas/internal/employee/services/statutory_service.go:42.2,49.15 2 1
github.com/jaas/jaas/internal/employee/services/statutory_service.go:49.15,53.3 3 1
github.com/jaas/jaas/internal/employee/services/statutory_service.go:53.8,57.3 3 1
github.com/jaas/jaas/internal/employee/services/statutory_service.go:59.2,59.17 1 1
github.com/jaas/jaas/internal/employee/services/statutory_service.go:62.159,65.16 2 1
github.com/jaas/jaas/internal/employee/services/statutory_service.go:65.16,67.3 1 0
github.com/jaas/jaas/internal/employee/services/statutory_service.go:68.2,68.20 1 1
github.com/jaas/jaas/internal/employee/services/statutory_service.go:68.20,70.3 1 1
github.com/jaas/jaas/internal/employee/services/statutory_service.go:72.2,82.63 3 1
github.com/jaas/jaas/internal/employee/services/statutory_service.go:82.63,84.3 1 0
github.com/jaas/jaas/internal/employee/services/statutory_service.go:86.2,94.8 1 1
github.com/jaas/jaas/internal/employee/services/statutory_service.go:97.34,98.17 1 1
github.com/jaas/jaas/internal/employee/services/statutory_service.go:98.17,100.3 1 1
github.com/jaas/jaas/internal/employee/services/statutory_service.go:101.2,101.30 1 1
github.com/jaas/jaas/internal/employee/services/timeline_service.go:25.27,30.2 1 1
github.com/jaas/jaas/internal/employee/services/timeline_service.go:32.124,34.16 2 1
github.com/jaas/jaas/internal/employee/services/timeline_service.go:34.16,36.3 1 0
github.com/jaas/jaas/internal/employee/services/timeline_service.go:37.2,37.20 1 1
github.com/jaas/jaas/internal/employee/services/timeline_service.go:37.20,39.3 1 1
github.com/jaas/jaas/internal/employee/services/timeline_service.go:41.2,42.16 2 1
github.com/jaas/jaas/internal/employee/services/timeline_service.go:42.16,44.3 1 0
github.com/jaas/jaas/internal/employee/services/timeline_service.go:46.2,47.27 2 1
github.com/jaas/jaas/internal/employee/services/timeline_service.go:47.27,49.3 1 1
github.com/jaas/jaas/internal/employee/services/timeline_service.go:50.2,50.17 1 1
github.com/jaas/jaas/internal/employee/services/timeline_service.go:53.75,54.14 1 1
github.com/jaas/jaas/internal/employee/services/timeline_service.go:54.14,56.3 1 0
github.com/jaas/jaas/internal/employee/services/timeline_service.go:57.2,65.3 1 1
github.com/jaas/jaas/internal/organization/services/department_service.go:41.21,43.2 1 1
github.com/jaas/jaas/internal/organization/services/department_service.go:45.191,47.16 2 1
github.com/jaas/jaas/internal/organization/services/department_service.go:47.16,49.3 1 0
github.com/jaas/jaas/internal/organization/services/department_service.go:50.2,50.21 1 1
github.com/jaas/jaas/internal/organization/services/department_service.go:50.21,52.3 1 1
github.com/jaas/jaas/internal/organization/services/department_service.go:54.2,55.16 2 1
github.com/jaas/jaas/internal/organization/services/department_service.go:55.16,57.3 1 0
github.com/jaas/jaas/internal/organization/services/department_service.go:58.2,58.21 1 1
github.com/jaas/jaas/internal/organization/services/department_service.go:58.21,60.17 2 1
github.com/jaas/jaas/internal/organization/services/department_service.go:60.17,62.4 1 0
github.com/jaas/jaas/internal/organization/services/department_service.go:63.3,63.20 1 1
github.com/jaas/jaas/internal/organization/services/department_service.go:63.20,65.4 1 1
github.com/jaas/jaas/internal/organization/services/department_service.go:66.3,66.84 1 1
github.com/jaas/jaas/internal/organization/services/department_service.go:66.84,68.4 1 1
github.com/jaas/jaas/internal/organization/services/department_service.go:71.2,79.57 3 1
github.com/jaas/jaas/internal/organization/services/department_service.go:79.57,81.3 1 1
github.com/jaas/jaas/internal/organization/services/department_service.go:83.2,88.63 3 1
github.com/jaas/jaas/internal/organization/services/department_service.go:91.134,93.16 2 1
github.com/jaas/jaas/internal/organization/services/department_service.go:93.16,95.3 1 0
github.com/jaas/jaas/internal/organization/services/department_service.go:96.2,96.17 1 1
github.com/jaas/jaas/internal/organization/services/department_service.go:96.17,98.3 1 1
github.com/jaas/jaas/internal/organization/services/department_service.go:99.2,99.63 1 1
github.com/jaas/jaas/internal/organization/services/department_service.go:102.155,104.16 2 1
github.com/jaas/jaas/internal/organization/services/department_service.go:104.16,106.3 1 0
github.com/jaas/jaas/internal/organization/services/department_service.go:107.2,108.23 2 1
github.com/jaas/jaas/internal/organization/services/department_service.go:108.23,110.17 2 1
github.com/jaas/jaas/internal/organization/services/department_service.go:110.17,112.4 1 0
github.com/jaas/jaas/internal/organization/services/department_service.go:113.3,113.17 1 1
github.com/jaas/jaas/internal/organization/services/department_service.go:115.2,115.104 1 1
github.com/jaas/jaas/internal/organization/services/department_service.go:118.170,120.16 2 1
github.com/jaas/jaas/internal/organization/services/department_service.go:120.16,122.3 1 0
github.com/jaas/jaas/internal/organization/services/department_service.go:123.2,123.17 1 1
github.com/jaas/jaas/internal/organization/services/department_service.go:123.17,125.3 1 1
github.com/jaas/jaas/internal/organization/services/department_service.go:127.2,127.66 1 1
github.com/jaas/jaas/internal/organization/services/department_service.go:127.66,129.17 2 1
github.com/jaas/jaas/internal/organization/services/department_service.go:129.17,131.4 1 0
github.com/jaas/jaas/internal/organization/services/department_service.go:132.3,132.48 1 1
github.com/jaas/jaas/internal/organization/services/department_service.go:132.48,134.4 1 0
github.com/jaas/jaas/internal/organization/services/department_service.go:135.3,135.43 1 1
github.com/jaas/jaas/internal/organization/services/department_service.go:137.2,137.28 1 1
github.com/jaas/jaas/internal/organization/services/department_service.go:137.28,139.3 1 1
github.com/jaas/jaas/internal/organization/services/department_service.go:140.2,140.35 1 1
github.com/jaas/jaas/internal/organization/services/department_service.go:140.35,142.17 2 1
github.com/jaas/jaas/internal/organization/services/department_service.go:142.17,144.4 1 0
github.com/jaas/jaas/internal/organization/services/department_service.go:145.3,145.46 1 1
github.com/jaas/jaas/internal/organization/services/department_service.go:145.46,147.4 1 1
github.com/jaas/jaas/internal/organization/services/department_service.go:148.3,148.22 1 1
github.com/jaas/jaas/internal/organization/services/department_service.go:148.22,150.18 2 1
github.com/jaas/jaas/internal/organization/services/department_service.go:150.18,152.5 1 0
github.com/jaas/jaas/internal/organization/services/department_service.go:153.4,153.21 1 1
github.com/jaas/jaas/internal/organization/services/department_service.go:153.21,155.5 1 0
github.com/jaas/jaas/internal/organization/services/department_service.go:158.4,158.84 1 1
github.com/jaas/jaas/internal/organization/services/department_service.go:158.84,160.5 1 1
github.com/jaas/jaas/internal/organization/services/department_service.go:162.3,162.37 1 1
github.com/jaas/jaas/internal/organization/services/department_service.go:165.2,165.57 1 1
github.com/jaas/jaas/internal/organization/services/department_service.go:165.57,167.3 1 0
github.com/jaas/jaas/internal/organization/services/department_service.go:168.2,169.63 2 1
github.com/jaas/jaas/internal/organization/services/department_service.go:173.139,174.84 1 1
github.com/jaas/jaas/internal/organization/services/department_service.go:174.84,176.3 1 0
github.com/jaas/jaas/internal/organization/services/department_service.go:177.2,178.17 2 1
github.com/jaas/jaas/internal/organization/services/department_service.go:178.17,179.23 1 1
github.com/jaas/jaas/internal/organization/services/department_service.go:179.23,181.4 1 1
github.com/jaas/jaas/internal/organization/services/department_service.go:182.3,183.34 2 1
github.com/jaas/jaas/internal/organization/services/department_service.go:183.34,185.4 1 0
github.com/jaas/jaas/internal/organization/services/department_service.go:186.3,186.34 1 1
github.com/jaas/jaas/internal/organization/services/department_service.go:188.2,188.12 1 1
github.com/jaas/jaas/internal/organization/services/department_service.go:191.169,193.16 2 1
github.com/jaas/jaas/internal/organization/services/department_service.go:193.16,195.3 1 0
github.com/jaas/jaas/internal/organization/services/department_service.go:196.2,196.17 1 1
github.com/jaas/jaas/internal/organization/services/department_service.go:196.17,198.3 1 1
github.com/jaas/jaas/internal/organization/services/department_service.go:199.2,199.31 1 1
github.com/jaas/jaas/internal/organization/services/department_service.go:199.31,201.3 1 1
github.com/jaas/jaas/internal/organization/services/department_service.go:203.2,204.16 2 1
github.com/jaas/jaas/internal/organization/services/department_service.go:204.16,206.3 1 0
github.com/jaas/jaas/internal/organization/services/department_service.go:207.2,208.16 2 1
github.com/jaas/jaas/internal/organization/services/department_service.go:208.16,210.3 1 0
github.com/jaas/jaas/internal/organization/services/department_service.go:211.2,211.47 1 1
github.com/jaas/jaas/internal/organization/services/department_service.go:211.47,213.3 1 1
github.com/jaas/jaas/internal/organization/services/department_service.go:214.2,214.11 1 1
github.com/jaas/jaas/internal/organization/services/department_service.go:214.11,216.17 2 1
github.com/jaas/jaas/internal/organization/services/department_service.go:216.17,218.4 1 0
github.com/jaas/jaas/internal/organization/services/department_service.go:219.3,219.27 1 1
github.com/jaas/jaas/internal/organization/services/department_service.go:219.27,220.38 1 1
github.com/jaas/jaas/internal/organization/services/department_service.go:220.38,222.68 2 1
github.com/jaas/jaas/internal/organization/services/department_service.go:222.68,224.6 1 0
github.com/jaas/jaas/internal/organization/services/department_service.go:229.2,230.57 2 1
github.com/jaas/jaas/internal/organization/services/department_service.go:230.57,232.3 1 0
github.com/jaas/jaas/internal/organization/services/department_service.go:233.2,234.63 2 1
github.com/jaas/jaas/internal/organization/services/designation_service.go:33.183,35.2 1 1
github.com/jaas/jaas/internal/organization/services/designation_service.go:37.69,43.2 1 1
github.com/jaas/jaas/internal/organization/services/designation_service.go:45.195,47.16 2 1
github.com/jaas/jaas/internal/organization/services/designation_service.go:47.16,49.3 1 0
github.com/jaas/jaas/internal/organization/services/designation_service.go:50.2,50.21 1 1
github.com/jaas/jaas/internal/organization/services/designation_service.go:50.21,52.3 1 1
github.com/jaas/jaas/internal/organization/services/designation_service.go:53.2,58.50 3 1
github.com/jaas/jaas/internal/organization/services/designation_service.go:58.50,60.3 1 1
github.com/jaas/jaas/internal/organization/services/designation_service.go:61.2,62.31 2 1
github.com/jaas/jaas/internal/organization/services/designation_service.go:65.137,67.16 2 1
github.com/jaas/jaas/internal/organization/services/designation_service.go:67.16,69.3 1 0
github.com/jaas/jaas/internal/organization/services/designation_service.go:70.2,70.14 1 1
github.com/jaas/jaas/internal/organization/services/designation_service.go:70.14,72.3 1 1
github.com/jaas/jaas/internal/organization/services/designation_service.go:73.2,73.31 1 1
github.com/jaas/jaas/internal/organization/services/designation_service.go:76.158,78.16 2 1
github.com/jaas/jaas/internal/organization/services/designation_service.go:78.16,80.3 1 0
github.com/jaas/jaas/internal/organization/services/designation_service.go:81.2,82.21 2 1
github.com/jaas/jaas/internal/organization/services/designation_service.go:82.21,84.3 1 1
github.com/jaas/jaas/internal/organization/services/designation_service.go:85.2,85.105 1 1
github.com/jaas/jaas/internal/organization/services/designation_service.go:88.174,90.16 2 1
github.com/jaas/jaas/internal/organization/services/designation_service.go:90.16,92.3 1 0
github.com/jaas/jaas/internal/organization/services/designation_service.go:93.2,93.14 1 1
github.com/jaas/jaas/internal/organization/services/designation_service.go:93.14,95.3 1 1
github.com/jaas/jaas/internal/organization/services/designation_service.go:96.2,96.66 1 1
github.com/jaas/jaas/internal/organization/services/designation_service.go:96.66,98.17 2 1
github.com/jaas/jaas/internal/organization/services/designation_service.go:98.17,100.4 1 0
github.com/jaas/jaas/internal/organization/services/designation_service.go:101.3,101.45 1 1
github.com/jaas/jaas/internal/organization/services/designation_service.go:101.45,103.4 1 0
github.com/jaas/jaas/internal/organization/services/designation_service.go:104.3,104.42 1 1
github.com/jaas/jaas/internal/organization/services/designation_service.go:106.2,106.22 1 1
github.com/jaas/jaas/internal/organization/services/designation_service.go:106.22,108.3 1 1
github.com/jaas/jaas/internal/organization/services/designation_service.go:109.2,109.28 1 1
github.com/jaas/jaas/internal/organization/services/designation_service.go:109.28,111.3 1 0
github.com/jaas/jaas/internal/organization/services/designation_service.go:112.2,112.50 1 1
github.com/jaas/jaas/internal/organization/services/designation_service.go:112.50,114.3 1 0
github.com/jaas/jaas/internal/organization/services/designation_service.go:115.2,116.31 2 1
github.com/jaas/jaas/internal/organization/services/designation_service.go:119.160,121.16 2 1
github.com/jaas/jaas/internal/organization/services/designation_service.go:121.16,123.3 1 0
github.com/jaas/jaas/internal/organization/services/designation_service.go:124.2,124.14 1 1
github.com/jaas/jaas/internal/organization/services/designation_service.go:124.14,126.3 1 1
github.com/jaas/jaas/internal/organization/services/designation_service.go:127.2,127.28 1 1
github.com/jaas/jaas/internal/organization/services/designation_service.go:127.28,129.3 1 1
github.com/jaas/jaas/internal/organization/services/designation_service.go:131.2,132.16 2 1
github.com/jaas/jaas/internal/organization/services/designation_service.go:132.16,134.3 1 0
github.com/jaas/jaas/internal/organization/services/designation_service.go:135.2,135.18 1 1
github.com/jaas/jaas/internal/organization/services/designation_service.go:135.18,137.3 1 1
github.com/jaas/jaas/internal/organization/services/designation_service.go:138.2,139.50 2 1
github.com/jaas/jaas/internal/organization/services/designation_service.go:139.50,141.3 1 0
github.com/jaas/jaas/internal/organization/services/designation_service.go:142.2,143.31 2 1
github.com/jaas/jaas/internal/organization/services/event_consumer.go:25.64,27.2 1 1
github.com/jaas/jaas/internal/organization/services/event_consumer.go:29.154,30.20 1 0
github.com/jaas/jaas/internal/organization/services/event_consumer.go:31.38,34.53 2 0
github.com/jaas/jaas/internal/organization/services/event_consumer.go:34.53,36.4 1 0
github.com/jaas/jaas/internal/organization/services/event_consumer.go:37.3,37.91 1 0
github.com/jaas/jaas/internal/organization/services/event_consumer.go:38.96,41.13 1 0
github.com/jaas/jaas/internal/organization/services/event_consumer.go:42.10,43.68 1 0
github.com/jaas/jaas/internal/organization/services/helpers.go:30.47,31.26 1 1
github.com/jaas/jaas/internal/organization/services/helpers.go:31.26,33.3 1 1
github.com/jaas/jaas/internal/organization/services/helpers.go:34.2,35.16 2 1
github.com/jaas/jaas/internal/organization/services/helpers.go:35.16,37.3 1 0
github.com/jaas/jaas/internal/organization/services/helpers.go:38.2,38.17 1 1
github.com/jaas/jaas/internal/organization/services/helpers.go:42.42,43.15 1 1
github.com/jaas/jaas/internal/organization/services/helpers.go:43.15,45.3 1 1
github.com/jaas/jaas/internal/organization/services/helpers.go:46.2,47.11 2 1
github.com/jaas/jaas/internal/organization/services/helpers.go:51.152,55.17 4 1
github.com/jaas/jaas/internal/organization/services/helpers.go:55.17,56.17 1 1
github.com/jaas/jaas/internal/organization/services/helpers.go:56.17,58.4 1 0
github.com/jaas/jaas/internal/organization/services/helpers.go:59.3,61.43 3 1
github.com/jaas/jaas/internal/organization/services/helpers.go:61.43,63.4 1 1
github.com/jaas/jaas/internal/organization/services/helpers.go:64.3,65.34 2 1
github.com/jaas/jaas/internal/organization/services/helpers.go:65.34,67.4 1 0
github.com/jaas/jaas/internal/organization/services/helpers.go:68.3,68.34 1 1
github.com/jaas/jaas/internal/organization/services/helpers.go:70.2,70.12 1 1
github.com/jaas/jaas/internal/organization/services/helpers.go:74.162,79.36 5 1
github.com/jaas/jaas/internal/organization/services/helpers.go:79.36,80.36 1 1
github.com/jaas/jaas/internal/organization/services/helpers.go:80.36,81.9 1 0
github.com/jaas/jaas/internal/organization/services/helpers.go:83.3,87.34 5 1
github.com/jaas/jaas/internal/organization/services/helpers.go:87.34,89.4 1 0
github.com/jaas/jaas/internal/organization/services/helpers.go:90.3,90.15 1 1
github.com/jaas/jaas/internal/organization/services/helpers.go:92.2,92.25 1 1
github.com/jaas/jaas/internal/organization/services/helpers.go:95.177,97.16 2 1
github.com/jaas/jaas/internal/organization/services/helpers.go:97.16,99.3 1 0
github.com/jaas/jaas/internal/organization/services/helpers.go:100.2,112.8 1 1
github.com/jaas/jaas/internal/organization/services/helpers.go:118.123,119.78 1 1
github.com/jaas/jaas/internal/organization/services/helpers.go:119.78,121.3 1 1
github.com/jaas/jaas/internal/organization/services/helpers.go:122.2,122.15 1 0
github.com/jaas/jaas/internal/organization/services/helpers.go:122.15,124.3 1 0
github.com/jaas/jaas/internal/organization/services/helpers.go:125.2,126.16 2 0
github.com/jaas/jaas/internal/organization/services/helpers.go:126.16,128.3 1 0
github.com/jaas/jaas/internal/organization/services/helpers.go:129.2,135.4 1 0
github.com/jaas/jaas/internal/organization/services/mapping_service.go:45.18,47.2 1 1
github.com/jaas/jaas/internal/organization/services/mapping_service.go:49.57,57.2 1 1
github.com/jaas/jaas/internal/organization/services/mapping_service.go:60.104,62.16 2 1
github.com/jaas/jaas/internal/organization/services/mapping_service.go:62.16,64.3 1 1
github.com/jaas/jaas/internal/organization/services/mapping_service.go:65.2,65.38 1 1
github.com/jaas/jaas/internal/organization/services/mapping_service.go:65.38,67.3 1 1
github.com/jaas/jaas/internal/organization/services/mapping_service.go:68.2,68.12 1 1
github.com/jaas/jaas/internal/organization/services/mapping_service.go:72.159,73.19 1 1
github.com/jaas/jaas/internal/organization/services/mapping_service.go:73.19,75.17 2 1
github.com/jaas/jaas/internal/organization/services/mapping_service.go:75.17,77.4 1 0
github.com/jaas/jaas/internal/organization/services/mapping_service.go:78.3,78.18 1 1
github.com/jaas/jaas/internal/organization/services/mapping_service.go:78.18,80.4 1 1
github.com/jaas/jaas/internal/organization/services/mapping_service.go:82.2,83.19 2 1
github.com/jaas/jaas/internal/organization/services/mapping_service.go:83.19,85.17 2 1
github.com/jaas/jaas/internal/organization/services/mapping_service.go:85.17,87.4 1 0
github.com/jaas/jaas/internal/organization/services/mapping_service.go:88.3,88.15 1 1
github.com/jaas/jaas/internal/organization/services/mapping_service.go:88.15,90.4 1 1
github.com/jaas/jaas/internal/organization/services/mapping_service.go:91.3,91.11 1 1
github.com/jaas/jaas/internal/organization/services/mapping_service.go:93.2,93.20 1 1
github.com/jaas/jaas/internal/organization/services/mapping_service.go:93.20,95.17 2 1
github.com/jaas/jaas/internal/organization/services/mapping_service.go:95.17,97.4 1 0
github.com/jaas/jaas/internal/organization/services/mapping_service.go:98.3,98.15 1 1
github.com/jaas/jaas/internal/organization/services/mapping_service.go:98.15,100.4 1 1
github.com/jaas/jaas/internal/organization/services/mapping_service.go:102.2,102.66 1 1
github.com/jaas/jaas/internal/organization/services/mapping_service.go:102.66,104.3 1 1
github.com/jaas/jaas/internal/organization/services/mapping_service.go:105.2,105.22 1 1
github.com/jaas/jaas/internal/organization/services/mapping_service.go:105.22,106.25 1 1
github.com/jaas/jaas/internal/organization/services/mapping_service.go:106.25,108.4 1 1
github.com/jaas/jaas/internal/organization/services/mapping_service.go:109.3,109.68 1 1
github.com/jaas/jaas/internal/organization/services/mapping_service.go:109.68,111.4 1 1
github.com/jaas/jaas/internal/organization/services/mapping_service.go:112.3,112.85 1 1
github.com/jaas/jaas/internal/organization/services/mapping_service.go:112.85,114.4 1 1
github.com/jaas/jaas/internal/organization/services/mapping_service.go:116.2,116.12 1 1
github.com/jaas/jaas/internal/organization/services/mapping_service.go:120.122,123.26 3 1
github.com/jaas/jaas/internal/organization/services/mapping_service.go:123.26,124.16 1 1
github.com/jaas/jaas/internal/organization/services/mapping_service.go:124.16,126.4 1 1
github.com/jaas/jaas/internal/organization/services/mapping_service.go:127.3,129.67 3 1
github.com/jaas/jaas/internal/organization/services/mapping_service.go:129.67,131.4 1 1
github.com/jaas/jaas/internal/organization/services/mapping_service.go:132.3,132.31 1 1
github.com/jaas/jaas/internal/organization/services/mapping_service.go:134.2,134.128 1 0
github.com/jaas/jaas/internal/organization/services/mapping_service.go:137.179,139.16 2 1
github.com/jaas/jaas/internal/organization/services/mapping_service.go:139.16,141.3 1 0
github.com/jaas/jaas/internal/organization/services/mapping_service.go:142.2,142.63 1 1
github.com/jaas/jaas/internal/organization/services/mapping_service.go:142.63,144.3 1 1
github.com/jaas/jaas/internal/organization/services/mapping_service.go:145.2,146.16 2 1
github.com/jaas/jaas/internal/organization/services/mapping_service.go:146.16,148.3 1 0
github.com/jaas/jaas/internal/organization/services/mapping_service.go:149.2,150.16 2 1
github.com/jaas/jaas/internal/organization/services/mapping_service.go:150.16,152.3 1 0
github.com/jaas/jaas/internal/organization/services/mapping_service.go:153.2,154.16 2 1
github.com/jaas/jaas/internal/organization/services/mapping_service.go:154.16,156.3 1 0
github.com/jaas/jaas/internal/organization/services/mapping_service.go:157.2,158.16 2 1
github.com/jaas/jaas/internal/organization/services/mapping_service.go:158.16,160.3 1 0
github.com/jaas/jaas/internal/organization/services/mapping_service.go:161.2,161.54 1 1
github.com/jaas/jaas/internal/organization/services/mapping_service.go:161.54,163.3 1 1
github.com/jaas/jaas/internal/organization/services/mapping_service.go:164.2,164.99 1 1
github.com/jaas/jaas/internal/organization/services/mapping_service.go:164.99,166.3 1 1
github.com/jaas/jaas/internal/organization/services/mapping_service.go:167.2,167.19 1 1
github.com/jaas/jaas/internal/organization/services/mapping_service.go:167.19,169.17 2 1
github.com/jaas/jaas/internal/organization/services/mapping_service.go:169.17,171.4 1 0
github.com/jaas/jaas/internal/organization/services/mapping_service.go:172.3,172.22 1 1
github.com/jaas/jaas/internal/organization/services/mapping_service.go:172.22,174.4 1 1
github.com/jaas/jaas/internal/organization/services/mapping_service.go:177.2,182.57 3 1
github.com/jaas/jaas/internal/organization/services/mapping_service.go:182.57,184.3 1 0
github.com/jaas/jaas/internal/organization/services/mapping_service.go:186.2,190.27 3 1
github.com/jaas/jaas/internal/organization/services/mapping_service.go:193.125,195.16 2 1
github.com/jaas/jaas/internal/organization/services/mapping_service.go:195.16,197.3 1 0
github.com/jaas/jaas/internal/organization/services/mapping_service.go:198.2,198.14 1 1
github.com/jaas/jaas/internal/organization/services/mapping_service.go:198.14,200.3 1 1
github.com/jaas/jaas/internal/organization/services/mapping_service.go:201.2,201.27 1 1
github.com/jaas/jaas/internal/organization/services/mapping_service.go:204.158,206.16 2 1
github.com/jaas/jaas/internal/organization/services/mapping_service.go:206.16,208.3 1 0
github.com/jaas/jaas/internal/organization/services/mapping_service.go:209.2,210.21 2 1
github.com/jaas/jaas/internal/organization/services/mapping_service.go:210.21,212.3 1 1
github.com/jaas/jaas/internal/organization/services/mapping_service.go:213.2,213.101 1 1
github.com/jaas/jaas/internal/organization/services/mapping_service.go:216.158,218.16 2 1
github.com/jaas/jaas/internal/organization/services/mapping_service.go:218.16,220.3 1 0
github.com/jaas/jaas/internal/organization/services/mapping_service.go:221.2,221.14 1 1
github.com/jaas/jaas/internal/organization/services/mapping_service.go:221.14,223.3 1 1
github.com/jaas/jaas/internal/organization/services/mapping_service.go:225.2,229.29 5 1
github.com/jaas/jaas/internal/organization/services/mapping_service.go:229.29,231.17 2 0
github.com/jaas/jaas/internal/organization/services/mapping_service.go:231.17,233.4 1 0
github.com/jaas/jaas/internal/organization/services/mapping_service.go:235.2,235.23 1 1
github.com/jaas/jaas/internal/organization/services/mapping_service.go:235.23,237.17 2 0
github.com/jaas/jaas/internal/organization/services/mapping_service.go:237.17,239.4 1 0
github.com/jaas/jaas/internal/organization/services/mapping_service.go:241.2,241.30 1 1
github.com/jaas/jaas/internal/organization/services/mapping_service.go:241.30,243.17 2 0
github.com/jaas/jaas/internal/organization/services/mapping_service.go:243.17,245.4 1 0
github.com/jaas/jaas/internal/organization/services/mapping_service.go:247.2,247.30 1 1
github.com/jaas/jaas/internal/organization/services/mapping_service.go:247.30,249.17 2 1
github.com/jaas/jaas/internal/organization/services/mapping_service.go:249.17,251.4 1 0
github.com/jaas/jaas/internal/organization/services/mapping_service.go:253.2,253.101 1 1
github.com/jaas/jaas/internal/organization/services/mapping_service.go:253.101,255.3 1 0
github.com/jaas/jaas/internal/organization/services/mapping_service.go:256.2,256.60 1 1
github.com/jaas/jaas/internal/organization/services/mapping_service.go:256.60,258.17 2 0
github.com/jaas/jaas/internal/organization/services/mapping_service.go:258.17,260.4 1 0
github.com/jaas/jaas/internal/organization/services/mapping_service.go:261.3,261.45 1 0
github.com/jaas/jaas/internal/organization/services/mapping_service.go:261.45,263.66 2 0
github.com/jaas/jaas/internal/organization/services/mapping_service.go:263.66,265.5 1 0
github.com/jaas/jaas/internal/organization/services/mapping_service.go:267.3,267.21 1 0
github.com/jaas/jaas/internal/organization/services/mapping_service.go:268.8,268.33 1 1
github.com/jaas/jaas/internal/organization/services/mapping_service.go:268.33,270.3 1 0
github.com/jaas/jaas/internal/organization/services/mapping_service.go:271.2,273.57 2 1
github.com/jaas/jaas/internal/organization/services/mapping_service.go:273.57,275.3 1 0
github.com/jaas/jaas/internal/organization/services/mapping_service.go:276.2,277.27 2 1
github.com/jaas/jaas/internal/organization/services/mapping_service.go:280.166,282.16 2 1
github.com/jaas/jaas/internal/organization/services/mapping_service.go:282.16,284.3 1 0
github.com/jaas/jaas/internal/organization/services/mapping_service.go:285.2,285.14 1 1
github.com/jaas/jaas/internal/organization/services/mapping_service.go:285.14,287.3 1 1
github.com/jaas/jaas/internal/organization/services/mapping_service.go:288.2,288.28 1 1
github.com/jaas/jaas/internal/organization/services/mapping_service.go:288.28,290.3 1 1
github.com/jaas/jaas/internal/organization/services/mapping_service.go:291.2,293.57 3 1
github.com/jaas/jaas/internal/organization/services/mapping_service.go:293.57,295.3 1 0
github.com/jaas/jaas/internal/organization/services/mapping_service.go:296.2,297.27 2 1
github.com/jaas/jaas/internal/organization/services/mapping_service.go:301.142,303.16 2 1
github.com/jaas/jaas/internal/organization/services/mapping_service.go:303.16,305.3 1 0
github.com/jaas/jaas/internal/organization/services/mapping_service.go:306.2,306.21 1 1
github.com/jaas/jaas/internal/organization/services/mapping_service.go:306.21,307.32 1 1
github.com/jaas/jaas/internal/organization/services/mapping_service.go:307.32,309.65 2 1
github.com/jaas/jaas/internal/organization/services/mapping_service.go:309.65,311.5 1 0
github.com/jaas/jaas/internal/organization/services/mapping_service.go:314.2,315.16 2 1
github.com/jaas/jaas/internal/organization/services/mapping_service.go:315.16,317.3 1 0
github.com/jaas/jaas/internal/organization/services/mapping_service.go:318.2,318.25 1 1
github.com/jaas/jaas/internal/organization/services/mapping_service.go:318.25,320.68 2 0
github.com/jaas/jaas/internal/organization/services/mapping_service.go:320.68,322.4 1 0
github.com/jaas/jaas/internal/organization/services/mapping_service.go:324.2,325.12 2 1
github.com/jaas/jaas/internal/organization/services/org_chart_service.go:35.84,36.20 1 1
github.com/jaas/jaas/internal/organization/services/org_chart_service.go:36.20,38.3 1 0
github.com/jaas/jaas/internal/organization/services/org_chart_service.go:39.2,39.82 1 1
github.com/jaas/jaas/internal/organization/services/org_chart_service.go:57.19,59.2 1 1
github.com/jaas/jaas/internal/organization/services/org_chart_service.go:61.83,63.2 1 1
github.com/jaas/jaas/internal/organization/services/org_chart_service.go:65.157,66.36 1 1
github.com/jaas/jaas/internal/organization/services/org_chart_service.go:66.36,68.3 1 0
github.com/jaas/jaas/internal/organization/services/org_chart_service.go:69.2,70.20 2 1
github.com/jaas/jaas/internal/organization/services/org_chart_service.go:70.20,71.81 1 1
github.com/jaas/jaas/internal/organization/services/org_chart_service.go:71.81,73.51 2 0
github.com/jaas/jaas/internal/organization/services/org_chart_service.go:73.51,75.5 1 0
github.com/jaas/jaas/internal/organization/services/org_chart_service.go:79.2,80.16 2 1
github.com/jaas/jaas/internal/organization/services/org_chart_service.go:80.16,82.3 1 0
github.com/jaas/jaas/internal/organization/services/org_chart_service.go:83.2,84.23 2 1
github.com/jaas/jaas/internal/organization/services/org_chart_service.go:84.23,85.54 1 1
github.com/jaas/jaas/internal/organization/services/org_chart_service.go:85.54,86.12 1 0
github.com/jaas/jaas/internal/organization/services/org_chart_service.go:88.3,89.17 2 1
github.com/jaas/jaas/internal/organization/services/org_chart_service.go:89.17,91.4 1 0
github.com/jaas/jaas/internal/organization/services/org_chart_service.go:92.3,92.31 1 1
github.com/jaas/jaas/internal/organization/services/org_chart_service.go:94.2,95.20 2 1
github.com/jaas/jaas/internal/organization/services/org_chart_service.go:95.20,96.49 1 1
github.com/jaas/jaas/internal/organization/services/org_chart_service.go:96.49,98.4 1 1
github.com/jaas/jaas/internal/organization/services/org_chart_service.go:100.2,100.18 1 1
github.com/jaas/jaas/internal/organization/services/org_chart_service.go:103.186,105.16 2 1
github.com/jaas/jaas/internal/organization/services/org_chart_service.go:105.16,107.3 1 0
github.com/jaas/jaas/internal/organization/services/org_chart_service.go:108.2,109.16 2 1
github.com/jaas/jaas/internal/organization/services/org_chart_service.go:109.16,111.3 1 0
github.com/jaas/jaas/internal/organization/services/org_chart_service.go:112.2,113.23 2 1
github.com/jaas/jaas/internal/organization/services/org_chart_service.go:113.23,114.54 1 1
github.com/jaas/jaas/internal/organization/services/org_chart_service.go:114.54,115.12 1 0
github.com/jaas/jaas/internal/organization/services/org_chart_service.go:117.3,118.17 2 1
github.com/jaas/jaas/internal/organization/services/org_chart_service.go:118.17,120.4 1 0
github.com/jaas/jaas/internal/organization/services/org_chart_service.go:121.3,127.5 1 1
github.com/jaas/jaas/internal/organization/services/org_chart_service.go:129.2,133.25 2 1
github.com/jaas/jaas/internal/organization/services/org_chart_service.go:133.25,135.3 1 1
github.com/jaas/jaas/internal/organization/services/org_chart_service.go:136.2,137.16 2 1
github.com/jaas/jaas/internal/organization/services/org_chart_service.go:137.16,139.3 1 0
github.com/jaas/jaas/internal/organization/services/org_chart_service.go:140.2,140.26 1 1
github.com/jaas/jaas/internal/organization/services/org_chart_service.go:140.26,141.57 1 1
github.com/jaas/jaas/internal/organization/services/org_chart_service.go:141.57,142.12 1 1
github.com/jaas/jaas/internal/organization/services/org_chart_service.go:144.3,145.17 2 1
github.com/jaas/jaas/internal/organization/services/org_chart_service.go:145.17,147.4 1 0
github.com/jaas/jaas/internal/organization/services/org_chart_service.go:148.3,148.48 1 1
github.com/jaas/jaas/internal/organization/services/org_chart_service.go:150.2,150.18 1 1
github.com/jaas/jaas/internal/organization/services/org_chart_service.go:153.134,155.16 2 1
github.com/jaas/jaas/internal/organization/services/org_chart_service.go:155.16,157.3 1 0
github.com/jaas/jaas/internal/organization/services/org_chart_service.go:158.2,159.20 2 1
github.com/jaas/jaas/internal/organization/services/org_chart_service.go:159.20,161.3 1 1
github.com/jaas/jaas/internal/organization/services/org_chart_service.go:162.2,163.27 2 1
github.com/jaas/jaas/internal/organization/services/org_chart_service.go:163.27,165.17 2 0
github.com/jaas/jaas/internal/organization/services/org_chart_service.go:165.17,167.4 1 0
github.com/jaas/jaas/internal/organization/services/org_chart_service.go:168.3,168.18 1 0
github.com/jaas/jaas/internal/organization/services/org_chart_service.go:168.18,170.18 2 0
github.com/jaas/jaas/internal/organization/services/org_chart_service.go:170.18,172.5 1 0
github.com/jaas/jaas/internal/organization/services/org_chart_service.go:173.4,179.5 1 0
github.com/jaas/jaas/internal/organization/services/org_chart_service.go:182.2,182.33 1 1
github.com/jaas/jaas/internal/organization/services/org_chart_service.go:182.33,184.17 2 1
github.com/jaas/jaas/internal/organization/services/org_chart_service.go:184.17,186.4 1 0
github.com/jaas/jaas/internal/organization/services/org_chart_service.go:187.3,187.18 1 1
github.com/jaas/jaas/internal/organization/services/org_chart_service.go:187.18,189.18 2 1
github.com/jaas/jaas/internal/organization/services/org_chart_service.go:189.18,191.5 1 0
github.com/jaas/jaas/internal/organization/services/org_chart_service.go:192.4,200.19 4 1
github.com/jaas/jaas/internal/organization/services/org_chart_service.go:200.19,202.36 2 1
github.com/jaas/jaas/internal/organization/services/org_chart_service.go:202.36,204.6 1 0
github.com/jaas/jaas/internal/organization/services/org_chart_service.go:205.5,206.19 2 1
github.com/jaas/jaas/internal/organization/services/org_chart_service.go:206.19,208.6 1 0
github.com/jaas/jaas/internal/organization/services/org_chart_service.go:209.5,215.36 2 1
github.com/jaas/jaas/internal/organization/services/org_chart_service.go:219.2,220.16 2 1
github.com/jaas/jaas/internal/organization/services/org_chart_service.go:220.16,222.3 1 0
github.com/jaas/jaas/internal/organization/services/org_chart_service.go:223.2,223.25 1 1
github.com/jaas/jaas/internal/organization/services/org_chart_service.go:223.25,225.3 1 1
github.com/jaas/jaas/internal/organization/services/org_chart_service.go:226.2,226.31 1 1
github.com/jaas/jaas/internal/organization/services/org_chart_service.go:226.31,228.3 1 0
github.com/jaas/jaas/internal/organization/services/org_chart_service.go:229.2,229.18 1 1
github.com/jaas/jaas/internal/organization/services/team_service.go:43.15,45.2 1 1
github.com/jaas/jaas/internal/organization/services/team_service.go:47.123,48.36 1 1
github.com/jaas/jaas/internal/organization/services/team_service.go:48.36,50.3 1 1
github.com/jaas/jaas/internal/organization/services/team_service.go:51.2,52.16 2 1
github.com/jaas/jaas/internal/organization/services/team_service.go:52.16,54.3 1 0
github.com/jaas/jaas/internal/organization/services/team_service.go:55.2,56.16 2 1
github.com/jaas/jaas/internal/organization/services/team_service.go:56.16,58.3 1 1
github.com/jaas/jaas/internal/organization/services/team_service.go:59.2,59.38 1 1
github.com/jaas/jaas/internal/organization/services/team_service.go:59.38,61.3 1 0
github.com/jaas/jaas/internal/organization/services/team_service.go:62.2,62.17 1 1
github.com/jaas/jaas/internal/organization/services/team_service.go:65.131,67.16 2 1
github.com/jaas/jaas/internal/organization/services/team_service.go:67.16,69.3 1 0
github.com/jaas/jaas/internal/organization/services/team_service.go:70.2,75.8 1 1
github.com/jaas/jaas/internal/organization/services/team_service.go:78.167,80.16 2 1
github.com/jaas/jaas/internal/organization/services/team_service.go:80.16,82.3 1 0
github.com/jaas/jaas/internal/organization/services/team_service.go:83.2,84.16 2 1
github.com/jaas/jaas/internal/organization/services/team_service.go:84.16,86.3 1 0
github.com/jaas/jaas/internal/organization/services/team_service.go:87.2,87.17 1 1
github.com/jaas/jaas/internal/organization/services/team_service.go:87.17,89.3 1 1
github.com/jaas/jaas/internal/organization/services/team_service.go:90.2,91.16 2 1
github.com/jaas/jaas/internal/organization/services/team_service.go:91.16,93.3 1 0
github.com/jaas/jaas/internal/organization/services/team_service.go:94.2,94.21 1 1
github.com/jaas/jaas/internal/organization/services/team_service.go:94.21,96.3 1 0
github.com/jaas/jaas/internal/organization/services/team_service.go:97.2,98.16 2 1
github.com/jaas/jaas/internal/organization/services/team_service.go:98.16,100.3 1 1
github.com/jaas/jaas/internal/organization/services/team_service.go:102.2,107.57 3 1
github.com/jaas/jaas/internal/organization/services/team_service.go:107.57,109.3 1 1
github.com/jaas/jaas/internal/organization/services/team_service.go:111.2,115.46 3 1
github.com/jaas/jaas/internal/organization/services/team_service.go:118.116,120.16 2 1
github.com/jaas/jaas/internal/organization/services/team_service.go:120.16,122.3 1 0
github.com/jaas/jaas/internal/organization/services/team_service.go:123.2,123.17 1 1
github.com/jaas/jaas/internal/organization/services/team_service.go:123.17,125.3 1 1
github.com/jaas/jaas/internal/organization/services/team_service.go:126.2,126.46 1 1
github.com/jaas/jaas/internal/organization/services/team_service.go:129.162,131.16 2 1
github.com/jaas/jaas/internal/organization/services/team_service.go:131.16,133.3 1 0
github.com/jaas/jaas/internal/organization/services/team_service.go:134.2,135.23 2 1
github.com/jaas/jaas/internal/organization/services/team_service.go:135.23,137.17 2 1
github.com/jaas/jaas/internal/organization/services/team_service.go:137.17,139.4 1 0
github.com/jaas/jaas/internal/organization/services/team_service.go:140.3,140.17 1 1
github.com/jaas/jaas/internal/organization/services/team_service.go:142.2,142.98 1 1
github.com/jaas/jaas/internal/organization/services/team_service.go:145.146,147.16 2 1
github.com/jaas/jaas/internal/organization/services/team_service.go:147.16,149.3 1 0
github.com/jaas/jaas/internal/organization/services/team_service.go:150.2,150.17 1 1
github.com/jaas/jaas/internal/organization/services/team_service.go:150.17,152.3 1 1
github.com/jaas/jaas/internal/organization/services/team_service.go:154.2,155.28 2 1
github.com/jaas/jaas/internal/organization/services/team_service.go:155.28,157.3 1 0
github.com/jaas/jaas/internal/organization/services/team_service.go:158.2,158.29 1 1
github.com/jaas/jaas/internal/organization/services/team_service.go:158.29,160.17 2 1
github.com/jaas/jaas/internal/organization/services/team_service.go:160.17,162.4 1 0
github.com/jaas/jaas/internal/organization/services/team_service.go:163.3,164.17 2 1
github.com/jaas/jaas/internal/organization/services/team_service.go:164.17,166.4 1 0
github.com/jaas/jaas/internal/organization/services/team_service.go:167.3,167.18 1 1
github.com/jaas/jaas/internal/organization/services/team_service.go:167.18,169.4 1 0
github.com/jaas/jaas/internal/organization/services/team_service.go:170.3,170.29 1 1
github.com/jaas/jaas/internal/organization/services/team_service.go:172.2,172.21 1 1
github.com/jaas/jaas/internal/organization/services/team_service.go:172.21,174.24 2 1
github.com/jaas/jaas/internal/organization/services/team_service.go:174.24,177.18 2 1
github.com/jaas/jaas/internal/organization/services/team_service.go:177.18,179.5 1 0
github.com/jaas/jaas/internal/organization/services/team_service.go:180.4,180.49 1 1
github.com/jaas/jaas/internal/organization/services/team_service.go:180.49,182.5 1 0
github.com/jaas/jaas/internal/organization/services/team_service.go:183.4,183.20 1 1
github.com/jaas/jaas/internal/organization/services/team_service.go:186.2,186.27 1 1
github.com/jaas/jaas/internal/organization/services/team_service.go:186.27,188.17 2 1
github.com/jaas/jaas/internal/organization/services/team_service.go:188.17,190.4 1 0
github.com/jaas/jaas/internal/organization/services/team_service.go:191.3,191.27 1 1
github.com/jaas/jaas/internal/organization/services/team_service.go:194.2,194.57 1 1
github.com/jaas/jaas/internal/organization/services/team_service.go:194.57,196.3 1 0
github.com/jaas/jaas/internal/organization/services/team_service.go:197.2,199.46 2 1
github.com/jaas/jaas/internal/organization/services/team_service.go:202.139,204.16 2 1
github.com/jaas/jaas/internal/organization/services/team_service.go:204.16,206.3 1 0
github.com/jaas/jaas/internal/organization/services/team_service.go:207.2,207.17 1 1
github.com/jaas/jaas/internal/organization/services/team_service.go:207.17,209.3 1 1
github.com/jaas/jaas/internal/organization/services/team_service.go:210.2,210.31 1 1
github.com/jaas/jaas/internal/organization/services/team_service.go:210.31,212.3 1 1
github.com/jaas/jaas/internal/organization/services/team_service.go:213.2,214.16 2 1
github.com/jaas/jaas/internal/organization/services/team_service.go:214.16,216.3 1 0
github.com/jaas/jaas/internal/organization/services/team_service.go:217.2,217.15 1 1
github.com/jaas/jaas/internal/organization/services/team_service.go:217.15,219.3 1 0
github.com/jaas/jaas/internal/organization/services/team_service.go:220.2,221.57 2 1
github.com/jaas/jaas/internal/organization/services/team_service.go:221.57,223.3 1 0
github.com/jaas/jaas/internal/organization/services/team_service.go:224.2,225.46 2 1
